speed,acceleration,steering_angle,distance_ahead,lane_position,traffic_density,traffic_light,obstacle_detected,road_condition,weather,road_curvature,action
116.09,-2.6,9.76,140.08,LEFT,HIGH,GREEN,NO,DRY,CLEAR,STRAIGHT,MAINTAIN_SPEED
96.58,2.82,6.08,46.99,CENTER,LOW,NONE,NO,WET,CLEAR,RIGHT,MAINTAIN_SPEED
116.76,-0.88,6.92,10.67,LEFT,MEDIUM,GREEN,NO,DRY,CLEAR,STRAIGHT,BRAKE
19.49,-2.1,-10.72,134.62,CENTER,HIGH,GREEN,NO,WET,RAIN,STRAIGHT,CHANGE_LANE_LEFT
102.37,0.56,8.83,3.46,CENTER,MEDIUM,GREEN,NO,DRY,CLEAR,STRAIGHT,BRAKE
100.26,2.42,-21.88,153.47,CENTER,MEDIUM,GREEN,NO,DRY,CLEAR,STRAIGHT,MAINTAIN_SPEED
128.01,-2.83,-11.95,57.71,CENTER,MEDIUM,GREEN,NO,DRY,CLEAR,RIGHT,TURN_RIGHT
3.41,-0.95,-15.55,93.45,LEFT,MEDIUM,YELLOW,NO,DRY,CLEAR,STRAIGHT,MAINTAIN_SPEED
54.27,-3.62,-17.2,192.46,RIGHT,MEDIUM,YELLOW,NO,WET,CLEAR,STRAIGHT,MAINTAIN_SPEED
14.46,-0.85,10.92,42.07,CENTER,MEDIUM,YELLOW,NO,WET,CLEAR,STRAIGHT,MAINTAIN_SPEED
87.61,-0.6,-13.31,84.33,LEFT,MEDIUM,GREEN,YES,DRY,CLEAR,STRAIGHT,MAINTAIN_SPEED
87.16,-3.44,8.26,6.52,RIGHT,MEDIUM,GREEN,YES,DRY,CLEAR,RIGHT,STOP
71.02,0.67,-10.57,105.09,CENTER,LOW,NONE,NO,DRY,CLEAR,STRAIGHT,MAINTAIN_SPEED
42.19,0.7,22.98,154.19,LEFT,HIGH,YELLOW,YES,DRY,CLEAR,RIGHT,TURN_RIGHT
47.57,2.33,5.0,103.98,CENTER,HIGH,YELLOW,YES,DRY,FOG,RIGHT,CHANGE_LANE_RIGHT
133.62,-0.3,3.72,64.55,CENTER,MEDIUM,GREEN,YES,WET,CLEAR,RIGHT,MAINTAIN_SPEED
18.41,4.31,-2.33,37.5,CENTER,HIGH,YELLOW,NO,WET,FOG,STRAIGHT,CHANGE_LANE_LEFT
2.09,3.52,1.18,136.18,LEFT,MEDIUM,GREEN,NO,DRY,RAIN,LEFT,ACCELERATE
19.66,-1.21,-4.26,98.74,CENTER,HIGH,GREEN,NO,DRY,CLEAR,LEFT,CHANGE_LANE_LEFT
21.05,0.57,32.73,120.02,RIGHT,HIGH,GREEN,NO,DRY,CLEAR,RIGHT,TURN_RIGHT
34.9,-0.41,-13.81,173.81,CENTER,MEDIUM,GREEN,NO,DRY,RAIN,STRAIGHT,MAINTAIN_SPEED
35.5,-2.74,23.88,22.85,LEFT,MEDIUM,RED,NO,DRY,CLEAR,RIGHT,BRAKE
42.71,-0.33,-17.87,6.19,LEFT,LOW,RED,NO,DRY,CLEAR,STRAIGHT,STOP
131.25,-1.8,4.11,37.94,CENTER,LOW,GREEN,NO,DRY,CLEAR,STRAIGHT,MAINTAIN_SPEED
125.02,0.66,6.24,21.62,RIGHT,HIGH,NONE,NO,WET,CLEAR,LEFT,BRAKE
80.41,0.38,19.13,93.63,CENTER,MEDIUM,YELLOW,YES,DRY,CLEAR,STRAIGHT,BRAKE
54.96,-0.82,-0.8,137.78,CENTER,HIGH,NONE,NO,DRY,CLEAR,RIGHT,CHANGE_LANE_LEFT
120.66,-0.74,0.87,59.05,CENTER,LOW,GREEN,NO,DRY,CLEAR,STRAIGHT,MAINTAIN_SPEED
12.67,-3.93,-0.87,191.86,RIGHT,MEDIUM,GREEN,NO,SLIPPERY,CLEAR,STRAIGHT,ACCELERATE
92.42,-1.63,15.02,115.34,CENTER,MEDIUM,GREEN,NO,DRY,CLEAR,RIGHT,TURN_RIGHT
17.57,3.69,4.79,84.88,CENTER,MEDIUM,GREEN,NO,WET,CLEAR,STRAIGHT,ACCELERATE
23.64,0.96,13.0,88.7,CENTER,MEDIUM,GREEN,NO,WET,CLEAR,STRAIGHT,MAINTAIN_SPEED
107.66,2.1,7.2,170.41,CENTER,LOW,GREEN,NO,DRY,CLEAR,RIGHT,MAINTAIN_SPEED
68.78,-1.99,5.72,183.85,CENTER,LOW,NONE,NO,DRY,RAIN,STRAIGHT,MAINTAIN_SPEED
99.85,0.35,9.88,179.61,LEFT,LOW,RED,NO,DRY,RAIN,LEFT,STOP
0.81,2.07,-25.91,160.69,CENTER,HIGH,RED,NO,SLIPPERY,RAIN,LEFT,BRAKE
6.02,-1.92,17.6,126.74,RIGHT,LOW,GREEN,NO,DRY,CLEAR,RIGHT,TURN_RIGHT
8.18,-2.6,6.17,177.06,CENTER,LOW,RED,NO,SLIPPERY,CLEAR,LEFT,BRAKE
85.86,0.9,17.17,61.67,CENTER,MEDIUM,GREEN,NO,DRY,CLEAR,STRAIGHT,MAINTAIN_SPEED
17.88,0.17,2.08,62.33,CENTER,MEDIUM,GREEN,NO,DRY,CLEAR,STRAIGHT,ACCELERATE
5.41,-0.73,25.18,46.67,CENTER,MEDIUM,GREEN,NO,DRY,CLEAR,LEFT,TURN_LEFT
64.71,0.02,33.77,103.52,CENTER,HIGH,NONE,NO,DRY,RAIN,STRAIGHT,CHANGE_LANE_RIGHT
74.12,1.53,8.65,168.71,LEFT,LOW,GREEN,YES,DRY,RAIN,STRAIGHT,MAINTAIN_SPEED
128.48,3.41,11.64,120.97,LEFT,MEDIUM,NONE,NO,WET,CLEAR,LEFT,TURN_LEFT
58.18,0.25,-1.12,43.39,CENTER,LOW,YELLOW,NO,SLIPPERY,CLEAR,RIGHT,BRAKE
21.24,3.51,-5.75,17.85,CENTER,MEDIUM,GREEN,YES,DRY,RAIN,STRAIGHT,BRAKE
43.81,-1.35,14.92,99.67,LEFT,LOW,NONE,NO,DRY,CLEAR,LEFT,TURN_LEFT
54.99,1.77,8.61,169.21,CENTER,HIGH,NONE,NO,SLIPPERY,CLEAR,RIGHT,BRAKE
74.82,-1.28,-11.55,80.91,RIGHT,MEDIUM,YELLOW,NO,DRY,CLEAR,RIGHT,BRAKE
46.13,-3.62,-0.88,57.05,CENTER,MEDIUM,NONE,NO,DRY,RAIN,RIGHT,MAINTAIN_SPEED
144.48,-0.73,-13.94,24.59,CENTER,MEDIUM,GREEN,NO,SLIPPERY,FOG,STRAIGHT,BRAKE
112.5,-1.06,-21.47,10.11,CENTER,MEDIUM,NONE,NO,SLIPPERY,CLEAR,LEFT,BRAKE
83.32,-1.59,7.03,164.87,LEFT,MEDIUM,RED,YES,DRY,CLEAR,LEFT,STOP
110.91,1.78,3.14,48.44,CENTER,HIGH,RED,NO,DRY,CLEAR,STRAIGHT,STOP
100.74,-2.6,-31.37,70.91,RIGHT,LOW,GREEN,NO,DRY,RAIN,STRAIGHT,MAINTAIN_SPEED
51.29,-3.74,9.09,199.75,CENTER,MEDIUM,RED,NO,SLIPPERY,CLEAR,STRAIGHT,BRAKE
137.29,4.62,-2.26,74.34,LEFT,LOW,RED,NO,DRY,CLEAR,STRAIGHT,STOP
112.79,-2.26,-4.45,179.61,CENTER,LOW,NONE,NO,WET,CLEAR,LEFT,MAINTAIN_SPEED
36.21,2.09,4.54,175.11,CENTER,MEDIUM,GREEN,NO,DRY,CLEAR,RIGHT,MAINTAIN_SPEED
122.2,-1.25,-5.66,38.67,CENTER,LOW,GREEN,NO,DRY,CLEAR,STRAIGHT,MAINTAIN_SPEED
15.45,-1.96,-30.16,14.98,CENTER,MEDIUM,GREEN,YES,DRY,CLEAR,STRAIGHT,BRAKE
31.05,1.4,-2.88,84.49,LEFT,LOW,NONE,YES,DRY,CLEAR,STRAIGHT,MAINTAIN_SPEED
117.09,-2.56,-1.25,65.85,CENTER,MEDIUM,GREEN,NO,DRY,FOG,STRAIGHT,MAINTAIN_SPEED
106.73,0.15,7.13,29.36,RIGHT,LOW,YELLOW,YES,DRY,CLEAR,STRAIGHT,BRAKE
88.53,-4.65,1.29,170.97,CENTER,LOW,GREEN,NO,DRY,RAIN,STRAIGHT,MAINTAIN_SPEED
147.7,2.84,-11.97,65.04,CENTER,MEDIUM,YELLOW,NO,DRY,CLEAR,STRAIGHT,BRAKE
2.86,-1.39,-16.64,142.2,CENTER,LOW,NONE,NO,DRY,CLEAR,LEFT,TURN_LEFT
76.09,-3.26,-0.67,5.28,RIGHT,MEDIUM,RED,NO,WET,CLEAR,LEFT,STOP
7.58,-3.13,6.65,133.4,RIGHT,LOW,GREEN,NO,WET,CLEAR,STRAIGHT,ACCELERATE
59.42,0.95,16.74,114.25,CENTER,HIGH,GREEN,NO,DRY,RAIN,STRAIGHT,CHANGE_LANE_RIGHT
14.11,0.78,-5.23,137.15,LEFT,HIGH,YELLOW,NO,WET,RAIN,STRAIGHT,MAINTAIN_SPEED
110.02,0.07,0.4,104.37,CENTER,MEDIUM,GREEN,NO,DRY,RAIN,RIGHT,MAINTAIN_SPEED
14.98,3.57,23.89,6.58,RIGHT,MEDIUM,GREEN,NO,DRY,CLEAR,STRAIGHT,MAINTAIN_SPEED
61.37,2.42,-4.7,94.59,LEFT,MEDIUM,GREEN,YES,DRY,CLEAR,STRAIGHT,MAINTAIN_SPEED
36.54,-3.61,-0.76,176.45,CENTER,LOW,YELLOW,NO,DRY,CLEAR,STRAIGHT,MAINTAIN_SPEED
143.9,0.16,-24.6,23.92,CENTER,LOW,GREEN,NO,SLIPPERY,FOG,RIGHT,BRAKE
10.77,0.72,16.18,111.47,LEFT,HIGH,GREEN,NO,DRY,CLEAR,STRAIGHT,CHANGE_LANE_RIGHT
87.63,-2.16,6.23,75.51,CENTER,HIGH,GREEN,NO,SLIPPERY,CLEAR,RIGHT,BRAKE
39.68,-2.69,-9.77,83.89,CENTER,LOW,GREEN,NO,WET,CLEAR,STRAIGHT,MAINTAIN_SPEED
36.72,-0.79,-11.27,177.82,CENTER,MEDIUM,GREEN,NO,DRY,CLEAR,STRAIGHT,MAINTAIN_SPEED
142.84,2.91,21.42,34.39,CENTER,LOW,YELLOW,YES,DRY,RAIN,STRAIGHT,BRAKE
69.75,0.72,-4.62,39.07,RIGHT,HIGH,GREEN,NO,DRY,FOG,STRAIGHT,BRAKE
51.36,-1.21,29.16,150.67,CENTER,LOW,NONE,NO,DRY,CLEAR,RIGHT,TURN_RIGHT
9.31,2.31,0.45,32.16,CENTER,MEDIUM,NONE,NO,WET,CLEAR,LEFT,ACCELERATE
70.92,1.16,-19.9,37.09,CENTER,HIGH,RED,NO,WET,RAIN,RIGHT,STOP
99.0,2.18,19.23,74.53,CENTER,MEDIUM,GREEN,NO,DRY,RAIN,STRAIGHT,MAINTAIN_SPEED
51.35,-1.04,8.24,26.91,LEFT,MEDIUM,GREEN,NO,DRY,CLEAR,STRAIGHT,MAINTAIN_SPEED
129.09,-2.61,-13.27,27.61,CENTER,LOW,GREEN,NO,SLIPPERY,CLEAR,STRAIGHT,BRAKE
142.94,-5.45,0.47,125.84,CENTER,HIGH,GREEN,NO,DRY,CLEAR,RIGHT,CHANGE_LANE_RIGHT
66.59,2.01,8.81,65.8,CENTER,MEDIUM,GREEN,NO,DRY,RAIN,RIGHT,TURN_RIGHT
146.73,-3.1,-2.65,152.99,CENTER,MEDIUM,YELLOW,NO,DRY,CLEAR,STRAIGHT,BRAKE
32.83,-1.14,14.72,35.2,LEFT,LOW,GREEN,NO,DRY,RAIN,STRAIGHT,MAINTAIN_SPEED
149.79,-2.28,2.95,85.71,CENTER,HIGH,NONE,YES,DRY,RAIN,STRAIGHT,CHANGE_LANE_RIGHT
99.52,-3.5,-20.07,36.92,CENTER,MEDIUM,GREEN,NO,DRY,FOG,RIGHT,BRAKE
14.28,1.24,12.66,65.03,CENTER,MEDIUM,RED,NO,DRY,RAIN,RIGHT,BRAKE
62.5,2.1,19.34,160.68,CENTER,HIGH,RED,NO,DRY,CLEAR,STRAIGHT,STOP
7.92,0.01,-9.75,155.38,LEFT,MEDIUM,NONE,YES,DRY,RAIN,RIGHT,TURN_RIGHT
122.88,3.45,-2.14,148.08,CENTER,HIGH,GREEN,NO,DRY,CLEAR,STRAIGHT,CHANGE_LANE_LEFT
112.72,1.73,6.15,36.91,LEFT,HIGH,GREEN,NO,DRY,CLEAR,STRAIGHT,MAINTAIN_SPEED
131.26,3.68,-31.86,40.08,CENTER,MEDIUM,GREEN,NO,DRY,CLEAR,RIGHT,TURN_RIGHT
3.99,-0.91,-14.94,98.27,CENTER,MEDIUM,GREEN,NO,DRY,CLEAR,STRAIGHT,ACCELERATE
47.21,2.14,-10.4,15.08,LEFT,LOW,NONE,NO,DRY,RAIN,STRAIGHT,MAINTAIN_SPEED
140.33,1.88,25.14,117.98,LEFT,MEDIUM,YELLOW,YES,DRY,CLEAR,STRAIGHT,BRAKE
129.04,-1.69,-9.26,12.94,CENTER,LOW,GREEN,NO,WET,FOG,STRAIGHT,BRAKE
17.3,-5.62,-15.54,170.77,CENTER,HIGH,GREEN,NO,DRY,CLEAR,STRAIGHT,CHANGE_LANE_LEFT
86.53,1.42,-7.14,195.77,CENTER,MEDIUM,NONE,NO,DRY,CLEAR,STRAIGHT,MAINTAIN_SPEED
28.98,3.88,16.6,118.69,CENTER,MEDIUM,GREEN,NO,SLIPPERY,FOG,STRAIGHT,MAINTAIN_SPEED
67.66,3.79,-10.36,132.43,CENTER,LOW,GREEN,NO,DRY,CLEAR,LEFT,TURN_LEFT
32.18,-1.12,-0.64,52.97,RIGHT,HIGH,GREEN,NO,DRY,FOG,STRAIGHT,MAINTAIN_SPEED
86.85,0.06,-7.8,136.72,CENTER,LOW,GREEN,NO,DRY,CLEAR,STRAIGHT,MAINTAIN_SPEED
49.61,-0.06,26.05,113.89,CENTER,LOW,GREEN,NO,DRY,FOG,RIGHT,TURN_RIGHT
28.14,-2.41,0.7,76.14,LEFT,HIGH,GREEN,NO,SLIPPERY,CLEAR,STRAIGHT,MAINTAIN_SPEED
62.64,-2.95,10.46,167.87,CENTER,LOW,NONE,YES,DRY,CLEAR,LEFT,TURN_LEFT
100.25,-0.06,-20.32,9.94,CENTER,MEDIUM,YELLOW,YES,DRY,CLEAR,STRAIGHT,BRAKE
60.75,1.03,24.17,17.99,CENTER,HIGH,GREEN,NO,DRY,CLEAR,STRAIGHT,MAINTAIN_SPEED
143.81,0.82,-9.52,61.75,RIGHT,LOW,NONE,NO,DRY,CLEAR,RIGHT,TURN_RIGHT
80.23,-1.27,-5.33,80.65,CENTER,LOW,NONE,NO,DRY,CLEAR,RIGHT,MAINTAIN_SPEED
130.1,2.4,-19.69,195.23,RIGHT,HIGH,RED,NO,DRY,CLEAR,RIGHT,STOP
105.73,-7.17,-4.13,78.5,CENTER,MEDIUM,RED,YES,WET,CLEAR,RIGHT,STOP
5.28,1.16,-24.33,195.2,CENTER,MEDIUM,NONE,NO,DRY,CLEAR,STRAIGHT,ACCELERATE
29.27,1.74,3.33,108.37,CENTER,LOW,GREEN,NO,WET,FOG,STRAIGHT,MAINTAIN_SPEED
33.89,2.49,12.62,76.91,CENTER,MEDIUM,YELLOW,NO,DRY,CLEAR,STRAIGHT,MAINTAIN_SPEED
108.29,1.86,-3.52,39.2,LEFT,MEDIUM,GREEN,NO,DRY,FOG,STRAIGHT,BRAKE
63.26,0.9,-18.08,47.14,CENTER,LOW,NONE,NO,WET,CLEAR,STRAIGHT,MAINTAIN_SPEED
97.23,-0.99,19.07,128.31,RIGHT,MEDIUM,GREEN,NO,DRY,FOG,STRAIGHT,MAINTAIN_SPEED
121.82,0.1,-16.72,93.02,CENTER,MEDIUM,RED,NO,DRY,RAIN,RIGHT,STOP
16.61,-3.64,-5.08,41.14,CENTER,MEDIUM,NONE,NO,WET,CLEAR,STRAIGHT,ACCELERATE
22.11,0.45,-8.01,27.2,CENTER,MEDIUM,RED,NO,WET,RAIN,RIGHT,BRAKE
123.08,-1.56,17.23,36.92,CENTER,MEDIUM,YELLOW,NO,DRY,CLEAR,STRAIGHT,BRAKE
45.44,-4.99,-21.87,153.1,RIGHT,MEDIUM,GREEN,NO,SLIPPERY,CLEAR,RIGHT,TURN_RIGHT
118.72,2.7,15.58,5.13,CENTER,MEDIUM,GREEN,NO,DRY,RAIN,STRAIGHT,BRAKE
118.95,-4.22,-12.09,174.84,RIGHT,LOW,GREEN,NO,DRY,FOG,STRAIGHT,MAINTAIN_SPEED
44.44,0.99,-20.37,13.47,RIGHT,MEDIUM,NONE,NO,DRY,CLEAR,RIGHT,TURN_RIGHT
136.99,0.35,-10.62,163.27,CENTER,LOW,NONE,NO,DRY,CLEAR,STRAIGHT,MAINTAIN_SPEED
115.78,-0.03,-18.9,44.19,LEFT,MEDIUM,NONE,YES,DRY,CLEAR,LEFT,TURN_LEFT
59.29,-4.05,-30.48,39.39,LEFT,MEDIUM,GREEN,NO,DRY,CLEAR,RIGHT,TURN_RIGHT
60.5,0.6,20.51,146.5,CENTER,LOW,GREEN,NO,DRY,CLEAR,STRAIGHT,MAINTAIN_SPEED
136.14,-0.96,3.75,56.28,CENTER,LOW,NONE,NO,DRY,RAIN,STRAIGHT,MAINTAIN_SPEED
24.29,0.12,9.9,43.77,RIGHT,HIGH,NONE,NO,DRY,RAIN,STRAIGHT,MAINTAIN_SPEED
114.0,-0.04,3.68,187.83,CENTER,MEDIUM,NONE,NO,WET,RAIN,LEFT,MAINTAIN_SPEED
17.68,-3.73,0.69,102.04,CENTER,MEDIUM,GREEN,NO,DRY,RAIN,LEFT,ACCELERATE
28.28,0.97,-22.88,144.92,RIGHT,HIGH,GREEN,NO,DRY,FOG,STRAIGHT,CHANGE_LANE_LEFT
131.33,0.7,-9.08,77.79,RIGHT,HIGH,GREEN,NO,DRY,CLEAR,LEFT,TURN_LEFT
3.67,-3.75,-13.33,113.58,CENTER,LOW,GREEN,NO,DRY,CLEAR,RIGHT,TURN_RIGHT
112.46,-0.39,-17.97,149.72,RIGHT,LOW,GREEN,NO,DRY,CLEAR,STRAIGHT,MAINTAIN_SPEED
106.5,0.35,-30.23,107.26,CENTER,MEDIUM,GREEN,NO,WET,RAIN,STRAIGHT,MAINTAIN_SPEED
21.15,-2.53,1.65,184.54,CENTER,LOW,YELLOW,YES,DRY,CLEAR,RIGHT,MAINTAIN_SPEED
19.88,-2.35,-6.88,155.33,CENTER,HIGH,GREEN,NO,WET,CLEAR,STRAIGHT,CHANGE_LANE_LEFT
25.46,-2.05,1.45,32.4,CENTER,HIGH,GREEN,NO,WET,CLEAR,LEFT,MAINTAIN_SPEED
32.49,-1.94,-8.05,60.41,CENTER,LOW,GREEN,NO,DRY,CLEAR,STRAIGHT,MAINTAIN_SPEED
101.21,-1.58,-13.74,90.47,CENTER,LOW,YELLOW,NO,WET,CLEAR,RIGHT,BRAKE
114.06,-3.24,22.18,124.7,RIGHT,MEDIUM,GREEN,NO,WET,CLEAR,STRAIGHT,MAINTAIN_SPEED
138.25,1.72,15.77,192.52,CENTER,LOW,YELLOW,YES,DRY,CLEAR,LEFT,BRAKE
4.82,-0.82,-1.92,188.33,LEFT,MEDIUM,GREEN,NO,DRY,RAIN,STRAIGHT,ACCELERATE
75.03,0.1,12.49,199.77,CENTER,LOW,YELLOW,NO,DRY,FOG,RIGHT,BRAKE
95.85,-5.27,10.0,42.36,CENTER,HIGH,GREEN,NO,SLIPPERY,FOG,RIGHT,BRAKE
40.37,-2.79,5.39,113.03,CENTER,MEDIUM,GREEN,NO,DRY,CLEAR,STRAIGHT,MAINTAIN_SPEED
127.58,-3.28,-26.49,152.35,CENTER,LOW,GREEN,YES,DRY,CLEAR,STRAIGHT,MAINTAIN_SPEED
87.26,-0.42,13.57,32.77,CENTER,MEDIUM,GREEN,YES,WET,RAIN,STRAIGHT,MAINTAIN_SPEED
135.59,-0.93,3.06,42.15,CENTER,MEDIUM,GREEN,NO,DRY,CLEAR,STRAIGHT,MAINTAIN_SPEED
33.66,1.81,18.49,142.86,LEFT,MEDIUM,GREEN,NO,WET,RAIN,LEFT,TURN_LEFT
71.25,-2.84,-28.03,10.43,CENTER,MEDIUM,GREEN,YES,WET,FOG,STRAIGHT,BRAKE
2.68,1.55,-15.09,4.39,CENTER,HIGH,NONE,NO,DRY,CLEAR,RIGHT,TURN_RIGHT
92.21,-1.54,13.33,32.41,CENTER,LOW,GREEN,NO,DRY,CLEAR,STRAIGHT,MAINTAIN_SPEED
109.97,2.17,9.52,45.48,CENTER,HIGH,GREEN,NO,WET,CLEAR,RIGHT,TURN_RIGHT
92.8,-3.19,1.23,139.2,RIGHT,LOW,RED,NO,DRY,CLEAR,STRAIGHT,STOP
42.77,-4.44,-8.5,104.97,RIGHT,MEDIUM,NONE,NO,DRY,RAIN,STRAIGHT,MAINTAIN_SPEED
22.9,-1.84,6.31,58.75,LEFT,MEDIUM,GREEN,NO,DRY,CLEAR,STRAIGHT,MAINTAIN_SPEED
97.7,-4.73,2.82,51.16,CENTER,MEDIUM,GREEN,NO,DRY,CLEAR,STRAIGHT,MAINTAIN_SPEED
51.72,-2.02,-17.68,157.0,RIGHT,LOW,GREEN,NO,DRY,RAIN,LEFT,TURN_LEFT
147.15,-1.13,-8.66,110.3,LEFT,LOW,NONE,YES,DRY,RAIN,STRAIGHT,MAINTAIN_SPEED
146.71,1.65,-0.13,189.19,CENTER,MEDIUM,RED,NO,SLIPPERY,CLEAR,RIGHT,STOP
75.68,-3.33,-19.13,57.34,RIGHT,MEDIUM,GREEN,NO,DRY,CLEAR,STRAIGHT,MAINTAIN_SPEED
30.03,-1.16,12.96,135.61,CENTER,MEDIUM,GREEN,NO,DRY,CLEAR,RIGHT,TURN_RIGHT
32.07,0.26,-14.6,9.72,CENTER,LOW,YELLOW,NO,DRY,RAIN,RIGHT,BRAKE
106.55,-2.73,-18.81,69.62,LEFT,MEDIUM,GREEN,YES,DRY,CLEAR,RIGHT,TURN_RIGHT
5.93,-3.52,-25.71,56.23,LEFT,LOW,YELLOW,NO,DRY,CLEAR,STRAIGHT,ACCELERATE
3.78,-2.88,2.06,198.18,RIGHT,MEDIUM,GREEN,NO,WET,RAIN,RIGHT,ACCELERATE
65.15,0.24,10.2,63.08,RIGHT,LOW,NONE,NO,DRY,CLEAR,STRAIGHT,MAINTAIN_SPEED
119.88,3.5,-13.61,21.38,CENTER,MEDIUM,RED,NO,DRY,CLEAR,STRAIGHT,STOP
40.55,0.54,10.04,66.91,CENTER,MEDIUM,YELLOW,NO,DRY,CLEAR,STRAIGHT,MAINTAIN_SPEED
123.59,0.25,30.39,157.37,RIGHT,HIGH,RED,NO,DRY,RAIN,STRAIGHT,STOP
139.44,6.76,5.13,144.77,LEFT,MEDIUM,GREEN,YES,DRY,CLEAR,LEFT,MAINTAIN_SPEED
140.56,0.56,7.81,66.01,CENTER,MEDIUM,GREEN,YES,DRY,FOG,STRAIGHT,MAINTAIN_SPEED
72.36,1.51,16.21,24.58,RIGHT,HIGH,GREEN,NO,DRY,CLEAR,STRAIGHT,MAINTAIN_SPEED
38.0,1.2,6.6,9.67,CENTER,LOW,GREEN,YES,SLIPPERY,RAIN,RIGHT,STOP
48.02,5.03,7.14,60.78,LEFT,MEDIUM,YELLOW,NO,DRY,CLEAR,LEFT,MAINTAIN_SPEED
51.81,-1.35,-2.3,77.02,CENTER,HIGH,GREEN,NO,WET,CLEAR,STRAIGHT,CHANGE_LANE_LEFT
148.01,3.23,23.12,113.28,LEFT,HIGH,GREEN,NO,WET,CLEAR,STRAIGHT,CHANGE_LANE_RIGHT
126.37,-2.75,3.05,112.13,CENTER,HIGH,GREEN,NO,DRY,CLEAR,LEFT,CHANGE_LANE_RIGHT
14.04,-0.1,-1.17,41.56,CENTER,HIGH,GREEN,NO,DRY,CLEAR,STRAIGHT,CHANGE_LANE_LEFT
6.48,-0.14,15.15,189.88,CENTER,MEDIUM,GREEN,NO,DRY,CLEAR,STRAIGHT,ACCELERATE
134.72,-5.94,-10.2,78.17,LEFT,MEDIUM,GREEN,YES,WET,CLEAR,RIGHT,TURN_RIGHT
10.05,1.58,11.81,54.02,RIGHT,LOW,YELLOW,NO,DRY,CLEAR,STRAIGHT,MAINTAIN_SPEED
20.79,1.15,4.72,173.91,CENTER,MEDIUM,RED,YES,DRY,RAIN,STRAIGHT,BRAKE
9.96,6.43,-9.75,19.61,LEFT,LOW,NONE,NO,DRY,CLEAR,LEFT,TURN_LEFT
75.1,3.23,3.4,166.48,LEFT,MEDIUM,NONE,NO,DRY,CLEAR,STRAIGHT,MAINTAIN_SPEED
78.22,1.05,16.35,62.49,CENTER,MEDIUM,RED,NO,DRY,CLEAR,LEFT,STOP
35.63,0.65,-0.44,11.36,CENTER,HIGH,RED,NO,DRY,CLEAR,LEFT,STOP
1.64,2.03,-12.61,53.01,LEFT,LOW,GREEN,NO,WET,RAIN,RIGHT,TURN_RIGHT
37.09,0.38,4.21,67.3,RIGHT,MEDIUM,NONE,NO,DRY,CLEAR,STRAIGHT,MAINTAIN_SPEED
79.15,-2.21,10.26,26.52,LEFT,HIGH,RED,NO,WET,CLEAR,LEFT,STOP
113.6,-0.68,10.27,118.06,CENTER,MEDIUM,NONE,NO,DRY,CLEAR,LEFT,TURN_LEFT
24.06,-4.15,4.01,97.31,CENTER,LOW,GREEN,NO,DRY,CLEAR,LEFT,ACCELERATE
118.54,-2.16,-21.42,56.08,CENTER,HIGH,GREEN,YES,DRY,CLEAR,LEFT,TURN_LEFT
89.02,-1.86,-8.22,90.36,RIGHT,MEDIUM,GREEN,NO,DRY,CLEAR,STRAIGHT,MAINTAIN_SPEED
141.62,-0.04,23.69,22.94,CENTER,HIGH,GREEN,NO,WET,CLEAR,STRAIGHT,BRAKE
60.32,2.49,-1.69,176.97,CENTER,MEDIUM,YELLOW,NO,DRY,CLEAR,LEFT,BRAKE
124.37,-1.34,-5.24,188.19,RIGHT,MEDIUM,GREEN,NO,DRY,CLEAR,STRAIGHT,MAINTAIN_SPEED
125.5,-0.39,-15.46,110.63,CENTER,LOW,GREEN,NO,DRY,RAIN,STRAIGHT,MAINTAIN_SPEED
135.37,-2.27,0.47,124.79,CENTER,MEDIUM,RED,NO,DRY,RAIN,STRAIGHT,CHANGE_LANE_LEFT
76.08,2.12,17.91,51.47,CENTER,MEDIUM,NONE,YES,DRY,CLEAR,STRAIGHT,MAINTAIN_SPEED
96.56,-5.48,-7.12,139.17,LEFT,LOW,GREEN,YES,DRY,CLEAR,LEFT,MAINTAIN_SPEED
90.59,-0.77,-7.82,21.79,CENTER,HIGH,RED,NO,WET,RAIN,STRAIGHT,STOP
104.51,4.46,-2.78,167.57,LEFT,LOW,RED,NO,DRY,CLEAR,STRAIGHT,STOP
115.15,0.36,-2.27,26.63,CENTER,HIGH,RED,NO,SLIPPERY,FOG,STRAIGHT,STOP
68.51,-0.11,-6.33,30.54,CENTER,LOW,GREEN,NO,WET,RAIN,STRAIGHT,MAINTAIN_SPEED
40.67,-5.25,10.91,172.46,RIGHT,HIGH,NONE,NO,DRY,FOG,STRAIGHT,MAINTAIN_SPEED
84.06,-4.52,6.1,49.78,LEFT,MEDIUM,NONE,NO,DRY,CLEAR,STRAIGHT,MAINTAIN_SPEED
123.44,-2.48,12.58,152.48,CENTER,HIGH,GREEN,NO,WET,RAIN,LEFT,TURN_LEFT
148.96,1.17,9.27,149.43,CENTER,HIGH,GREEN,NO,DRY,CLEAR,RIGHT,TURN_RIGHT
59.11,2.95,-11.67,161.55,RIGHT,LOW,GREEN,NO,DRY,CLEAR,STRAIGHT,MAINTAIN_SPEED
87.3,-0.02,12.09,163.93,CENTER,LOW,GREEN,NO,DRY,CLEAR,STRAIGHT,MAINTAIN_SPEED
35.82,-2.04,-0.55,103.21,RIGHT,MEDIUM,NONE,NO,WET,CLEAR,RIGHT,MAINTAIN_SPEED
59.0,1.66,-7.61,107.48,CENTER,HIGH,GREEN,NO,WET,CLEAR,STRAIGHT,CHANGE_LANE_LEFT
145.8,-2.64,-24.67,172.39,CENTER,MEDIUM,NONE,YES,DRY,CLEAR,LEFT,TURN_LEFT
61.55,-0.87,-18.57,157.37,LEFT,MEDIUM,NONE,YES,DRY,CLEAR,STRAIGHT,MAINTAIN_SPEED
69.01,-0.6,4.75,141.93,CENTER,LOW,NONE,YES,WET,CLEAR,LEFT,MAINTAIN_SPEED
28.0,-4.39,-3.12,46.61,CENTER,HIGH,RED,NO,WET,RAIN,LEFT,BRAKE
78.76,0.98,-11.21,21.9,CENTER,LOW,NONE,NO,DRY,RAIN,RIGHT,TURN_RIGHT
119.93,-0.13,9.18,151.31,CENTER,MEDIUM,GREEN,NO,DRY,CLEAR,STRAIGHT,MAINTAIN_SPEED
52.71,-4.34,2.34,138.0,CENTER,HIGH,GREEN,NO,DRY,RAIN,RIGHT,CHANGE_LANE_RIGHT
86.95,-0.06,-5.24,136.54,CENTER,HIGH,GREEN,YES,DRY,CLEAR,STRAIGHT,CHANGE_LANE_LEFT
109.65,2.62,-6.11,10.9,RIGHT,MEDIUM,RED,YES,DRY,CLEAR,STRAIGHT,STOP
138.5,0.83,9.75,12.7,RIGHT,HIGH,GREEN,NO,DRY,RAIN,LEFT,TURN_LEFT
67.68,1.92,12.58,137.4,CENTER,MEDIUM,GREEN,NO,DRY,RAIN,STRAIGHT,MAINTAIN_SPEED
36.8,-1.65,6.51,48.05,LEFT,HIGH,GREEN,NO,DRY,RAIN,STRAIGHT,MAINTAIN_SPEED
140.93,-1.29,14.3,150.06,CENTER,MEDIUM,GREEN,NO,DRY,CLEAR,STRAIGHT,MAINTAIN_SPEED
83.54,-2.14,1.41,125.05,CENTER,LOW,YELLOW,YES,DRY,CLEAR,STRAIGHT,BRAKE
0.15,-1.34,-19.01,110.84,CENTER,MEDIUM,YELLOW,YES,SLIPPERY,CLEAR,STRAIGHT,MAINTAIN_SPEED
147.19,4.81,-21.64,197.37,LEFT,HIGH,YELLOW,NO,DRY,CLEAR,RIGHT,BRAKE
149.56,0.19,-2.18,193.65,LEFT,HIGH,GREEN,NO,DRY,CLEAR,LEFT,MAINTAIN_SPEED
23.25,3.58,17.79,8.83,CENTER,HIGH,RED,YES,DRY,CLEAR,STRAIGHT,STOP
88.22,7.65,-14.12,119.67,CENTER,MEDIUM,NONE,NO,DRY,CLEAR,STRAIGHT,MAINTAIN_SPEED
1.68,-5.61,-17.19,163.35,LEFT,LOW,GREEN,NO,WET,FOG,RIGHT,TURN_RIGHT
116.5,0.35,-5.16,104.54,CENTER,LOW,RED,NO,SLIPPERY,RAIN,RIGHT,STOP
88.83,0.2,-11.22,65.45,CENTER,MEDIUM,YELLOW,NO,DRY,CLEAR,RIGHT,BRAKE
122.93,1.36,-6.3,143.79,RIGHT,MEDIUM,GREEN,YES,DRY,CLEAR,STRAIGHT,MAINTAIN_SPEED
82.33,0.56,-16.55,158.59,RIGHT,LOW,GREEN,NO,DRY,CLEAR,STRAIGHT,MAINTAIN_SPEED
14.71,2.64,-9.82,50.48,CENTER,LOW,GREEN,NO,DRY,CLEAR,LEFT,TURN_LEFT
133.4,0.57,20.8,57.16,CENTER,HIGH,RED,NO,DRY,CLEAR,LEFT,STOP
85.61,1.33,1.48,54.85,RIGHT,MEDIUM,GREEN,NO,DRY,CLEAR,STRAIGHT,MAINTAIN_SPEED
105.91,5.08,-0.42,38.49,CENTER,MEDIUM,NONE,NO,DRY,RAIN,RIGHT,MAINTAIN_SPEED
96.38,-1.53,29.9,177.54,LEFT,MEDIUM,GREEN,NO,DRY,CLEAR,STRAIGHT,MAINTAIN_SPEED
40.48,3.46,8.33,50.41,RIGHT,MEDIUM,GREEN,NO,DRY,RAIN,STRAIGHT,TURN_RIGHT
144.6,1.72,25.56,174.08,RIGHT,LOW,GREEN,NO,DRY,CLEAR,STRAIGHT,MAINTAIN_SPEED
117.14,0.3,12.83,42.64,CENTER,MEDIUM,NONE,NO,SLIPPERY,RAIN,RIGHT,BRAKE
7.12,-1.91,-2.22,53.02,LEFT,HIGH,YELLOW,NO,WET,CLEAR,LEFT,MAINTAIN_SPEED
96.96,2.73,6.33,61.76,CENTER,MEDIUM,GREEN,NO,DRY,CLEAR,LEFT,MAINTAIN_SPEED
40.93,1.21,6.8,67.59,CENTER,LOW,YELLOW,NO,DRY,CLEAR,RIGHT,MAINTAIN_SPEED
135.17,-1.68,-4.11,144.83,CENTER,HIGH,RED,NO,DRY,CLEAR,STRAIGHT,STOP
9.55,2.15,2.7,147.55,CENTER,HIGH,YELLOW,YES,DRY,CLEAR,STRAIGHT,CHANGE_LANE_RIGHT
49.76,0.57,-6.79,183.37,CENTER,HIGH,NONE,YES,WET,CLEAR,LEFT,CHANGE_LANE_LEFT
28.28,4.57,-14.74,197.35,CENTER,MEDIUM,NONE,NO,DRY,RAIN,STRAIGHT,ACCELERATE
140.55,0.33,-16.82,36.41,LEFT,LOW,GREEN,NO,DRY,CLEAR,STRAIGHT,MAINTAIN_SPEED
83.01,-3.12,4.34,78.83,CENTER,LOW,YELLOW,NO,WET,FOG,RIGHT,BRAKE
139.24,-1.67,0.67,14.39,LEFT,LOW,GREEN,NO,WET,CLEAR,STRAIGHT,BRAKE
53.22,-0.57,3.32,67.46,CENTER,HIGH,GREEN,NO,DRY,RAIN,LEFT,CHANGE_LANE_RIGHT
97.21,-1.52,-10.09,24.2,CENTER,LOW,YELLOW,YES,SLIPPERY,CLEAR,STRAIGHT,BRAKE
134.74,-2.19,-8.06,61.39,LEFT,MEDIUM,GREEN,NO,WET,CLEAR,RIGHT,TURN_RIGHT
40.64,1.57,4.94,161.19,LEFT,LOW,GREEN,YES,DRY,CLEAR,STRAIGHT,MAINTAIN_SPEED
50.8,-3.56,-10.68,153.16,RIGHT,LOW,NONE,NO,DRY,CLEAR,LEFT,TURN_LEFT
72.52,-0.77,14.36,22.84,CENTER,LOW,GREEN,YES,DRY,CLEAR,LEFT,BRAKE
13.53,2.54,6.06,144.65,CENTER,MEDIUM,GREEN,NO,WET,CLEAR,STRAIGHT,ACCELERATE
141.38,-2.29,-0.82,199.88,CENTER,LOW,RED,YES,DRY,CLEAR,RIGHT,STOP
81.91,2.74,9.64,14.67,CENTER,LOW,RED,NO,DRY,CLEAR,LEFT,STOP
90.65,2.18,2.42,170.06,CENTER,LOW,NONE,NO,DRY,CLEAR,STRAIGHT,MAINTAIN_SPEED
78.7,0.27,-14.2,105.11,CENTER,HIGH,YELLOW,YES,DRY,CLEAR,LEFT,BRAKE
116.08,-0.44,-4.9,24.99,LEFT,LOW,GREEN,NO,DRY,CLEAR,LEFT,BRAKE
47.71,-1.85,13.12,120.09,CENTER,LOW,GREEN,NO,DRY,CLEAR,RIGHT,TURN_RIGHT
128.27,1.11,-0.79,86.02,LEFT,HIGH,GREEN,NO,DRY,RAIN,RIGHT,MAINTAIN_SPEED
30.4,-2.52,-5.77,189.02,CENTER,LOW,RED,NO,SLIPPERY,CLEAR,LEFT,BRAKE
11.22,-4.02,-4.07,130.3,LEFT,HIGH,GREEN,NO,WET,RAIN,STRAIGHT,ACCELERATE
75.9,-4.71,-5.17,28.53,CENTER,LOW,GREEN,NO,DRY,RAIN,STRAIGHT,MAINTAIN_SPEED
129.12,-3.67,-3.02,81.72,LEFT,MEDIUM,RED,NO,SLIPPERY,RAIN,STRAIGHT,STOP
147.69,-1.55,-6.82,67.1,CENTER,LOW,GREEN,NO,DRY,CLEAR,STRAIGHT,MAINTAIN_SPEED
50.5,0.76,1.62,66.96,RIGHT,MEDIUM,GREEN,YES,DRY,FOG,LEFT,MAINTAIN_SPEED
135.35,0.56,4.22,91.33,CENTER,LOW,GREEN,NO,WET,CLEAR,STRAIGHT,MAINTAIN_SPEED
145.01,-1.99,-13.61,111.36,CENTER,MEDIUM,GREEN,NO,SLIPPERY,FOG,STRAIGHT,BRAKE
105.79,-3.79,-16.22,140.6,CENTER,MEDIUM,GREEN,NO,DRY,CLEAR,STRAIGHT,MAINTAIN_SPEED
91.5,0.32,-4.65,143.98,CENTER,MEDIUM,NONE,NO,DRY,CLEAR,LEFT,MAINTAIN_SPEED
85.07,7.04,4.88,136.91,CENTER,HIGH,GREEN,NO,SLIPPERY,RAIN,LEFT,BRAKE
25.83,-1.63,1.3,105.13,RIGHT,LOW,GREEN,NO,DRY,CLEAR,STRAIGHT,MAINTAIN_SPEED
72.66,-1.35,-0.49,95.75,LEFT,MEDIUM,GREEN,NO,DRY,CLEAR,STRAIGHT,MAINTAIN_SPEED
81.61,0.25,-18.36,67.34,CENTER,MEDIUM,NONE,YES,WET,RAIN,STRAIGHT,MAINTAIN_SPEED
77.88,2.74,7.16,100.66,RIGHT,MEDIUM,GREEN,NO,DRY,RAIN,STRAIGHT,MAINTAIN_SPEED
121.83,2.19,14.06,167.77,CENTER,HIGH,RED,NO,DRY,CLEAR,STRAIGHT,STOP
38.5,2.51,14.03,153.62,CENTER,MEDIUM,GREEN,NO,WET,CLEAR,STRAIGHT,MAINTAIN_SPEED
43.89,1.36,-13.48,161.59,LEFT,LOW,NONE,NO,WET,FOG,STRAIGHT,MAINTAIN_SPEED
19.5,0.03,8.54,187.24,LEFT,LOW,YELLOW,NO,DRY,CLEAR,STRAIGHT,MAINTAIN_SPEED
133.54,3.9,-2.43,74.37,LEFT,LOW,NONE,NO,DRY,CLEAR,RIGHT,MAINTAIN_SPEED
84.1,-0.39,5.26,129.26,LEFT,LOW,NONE,NO,DRY,CLEAR,STRAIGHT,MAINTAIN_SPEED
32.5,2.32,-3.29,56.76,LEFT,HIGH,YELLOW,YES,WET,CLEAR,STRAIGHT,MAINTAIN_SPEED
128.88,1.79,-15.47,63.23,CENTER,LOW,RED,YES,DRY,RAIN,STRAIGHT,STOP
136.25,0.47,7.25,49.61,CENTER,LOW,RED,NO,DRY,CLEAR,STRAIGHT,STOP
51.88,-1.37,-0.64,65.76,CENTER,LOW,RED,NO,DRY,CLEAR,STRAIGHT,BRAKE
14.18,6.04,-18.06,123.8,CENTER,LOW,GREEN,YES,DRY,RAIN,STRAIGHT,ACCELERATE
7.11,-1.16,-24.09,115.66,CENTER,LOW,YELLOW,NO,DRY,CLEAR,LEFT,TURN_LEFT
113.76,5.06,0.6,170.73,RIGHT,MEDIUM,GREEN,NO,DRY,CLEAR,STRAIGHT,MAINTAIN_SPEED
64.7,3.34,3.09,192.45,CENTER,MEDIUM,GREEN,NO,SLIPPERY,CLEAR,STRAIGHT,BRAKE
146.24,0.13,18.58,159.57,CENTER,LOW,YELLOW,NO,DRY,CLEAR,LEFT,BRAKE
131.46,1.01,-5.58,18.8,CENTER,MEDIUM,GREEN,NO,DRY,CLEAR,STRAIGHT,BRAKE
24.76,-4.83,-17.69,19.5,CENTER,LOW,GREEN,NO,DRY,CLEAR,LEFT,TURN_LEFT
144.19,0.67,-15.77,158.9,CENTER,MEDIUM,RED,NO,SLIPPERY,CLEAR,RIGHT,STOP
33.93,-0.41,-13.81,192.12,LEFT,LOW,GREEN,NO,DRY,CLEAR,STRAIGHT,MAINTAIN_SPEED
97.96,-0.7,6.12,84.23,CENTER,LOW,YELLOW,NO,DRY,CLEAR,STRAIGHT,BRAKE
94.44,1.74,12.16,114.42,LEFT,MEDIUM,RED,NO,DRY,CLEAR,STRAIGHT,STOP
126.14,-0.94,0.92,108.59,LEFT,MEDIUM,GREEN,NO,DRY,FOG,LEFT,MAINTAIN_SPEED
93.14,-0.92,-21.67,59.48,CENTER,MEDIUM,RED,NO,DRY,CLEAR,LEFT,STOP
91.22,-0.36,-16.53,141.68,CENTER,LOW,GREEN,NO,DRY,CLEAR,STRAIGHT,MAINTAIN_SPEED
120.64,2.32,9.76,18.13,CENTER,LOW,GREEN,NO,SLIPPERY,CLEAR,STRAIGHT,BRAKE
93.02,0.94,-24.08,42.33,LEFT,LOW,NONE,NO,DRY,FOG,STRAIGHT,BRAKE
107.62,-0.94,9.39,93.8,RIGHT,LOW,NONE,NO,SLIPPERY,CLEAR,STRAIGHT,BRAKE
77.38,0.75,12.78,124.78,CENTER,MEDIUM,RED,NO,DRY,RAIN,LEFT,STOP
56.16,-1.06,-9.52,176.48,CENTER,HIGH,GREEN,NO,WET,CLEAR,STRAIGHT,CHANGE_LANE_LEFT
77.81,2.14,3.0,87.24,CENTER,HIGH,GREEN,NO,DRY,CLEAR,STRAIGHT,CHANGE_LANE_RIGHT
20.83,-0.8,-2.2,118.05,CENTER,LOW,GREEN,NO,DRY,CLEAR,STRAIGHT,MAINTAIN_SPEED
10.96,1.48,-9.65,122.44,LEFT,HIGH,YELLOW,YES,WET,CLEAR,STRAIGHT,MAINTAIN_SPEED
141.66,-2.96,21.36,119.48,RIGHT,HIGH,RED,NO,DRY,CLEAR,LEFT,STOP
51.73,-3.2,5.22,87.55,LEFT,HIGH,RED,NO,DRY,CLEAR,STRAIGHT,BRAKE
20.91,-2.45,-5.38,19.29,CENTER,MEDIUM,YELLOW,NO,DRY,CLEAR,STRAIGHT,MAINTAIN_SPEED
149.44,-1.59,4.17,17.97,CENTER,LOW,RED,YES,DRY,CLEAR,STRAIGHT,STOP
53.57,3.38,31.49,108.6,LEFT,MEDIUM,YELLOW,YES,DRY,CLEAR,STRAIGHT,MAINTAIN_SPEED
6.45,-2.75,8.66,51.62,CENTER,LOW,GREEN,NO,DRY,CLEAR,RIGHT,TURN_RIGHT
142.03,0.99,2.71,97.05,RIGHT,MEDIUM,GREEN,NO,DRY,CLEAR,STRAIGHT,MAINTAIN_SPEED
127.03,-0.13,17.0,89.59,CENTER,LOW,NONE,NO,DRY,CLEAR,STRAIGHT,MAINTAIN_SPEED
107.63,-1.9,12.78,110.34,CENTER,HIGH,NONE,NO,SLIPPERY,CLEAR,LEFT,BRAKE
105.55,-1.55,-13.45,25.52,CENTER,LOW,GREEN,NO,DRY,CLEAR,LEFT,TURN_LEFT
26.22,0.82,-3.32,130.54,CENTER,LOW,GREEN,NO,DRY,RAIN,STRAIGHT,MAINTAIN_SPEED
138.48,-0.76,-8.97,16.5,LEFT,LOW,GREEN,NO,DRY,CLEAR,STRAIGHT,BRAKE
93.27,3.57,-4.0,60.42,CENTER,MEDIUM,GREEN,NO,DRY,CLEAR,LEFT,MAINTAIN_SPEED
77.79,3.77,12.58,154.62,CENTER,HIGH,YELLOW,NO,WET,CLEAR,STRAIGHT,BRAKE
119.73,-0.42,2.55,199.31,LEFT,MEDIUM,GREEN,NO,SLIPPERY,RAIN,LEFT,BRAKE
76.55,0.23,-1.97,101.6,RIGHT,MEDIUM,GREEN,NO,DRY,CLEAR,STRAIGHT,MAINTAIN_SPEED
38.28,1.0,-7.04,88.15,CENTER,LOW,GREEN,NO,DRY,CLEAR,STRAIGHT,MAINTAIN_SPEED
10.66,-1.63,-8.17,105.71,CENTER,HIGH,GREEN,NO,DRY,CLEAR,STRAIGHT,CHANGE_LANE_LEFT
68.93,-3.04,-10.72,199.14,CENTER,HIGH,GREEN,NO,SLIPPERY,CLEAR,RIGHT,BRAKE
19.11,-2.05,-22.31,183.92,RIGHT,LOW,RED,YES,DRY,CLEAR,LEFT,BRAKE
125.38,1.09,-2.86,25.26,RIGHT,LOW,RED,NO,WET,CLEAR,STRAIGHT,STOP
112.66,1.4,7.26,90.86,CENTER,MEDIUM,GREEN,NO,DRY,CLEAR,STRAIGHT,MAINTAIN_SPEED
10.68,-2.5,4.64,37.98,LEFT,LOW,YELLOW,NO,WET,CLEAR,STRAIGHT,MAINTAIN_SPEED
38.37,-2.63,-7.92,147.0,CENTER,LOW,YELLOW,NO,WET,CLEAR,LEFT,MAINTAIN_SPEED
124.22,-4.6,1.23,144.17,CENTER,HIGH,RED,NO,WET,CLEAR,STRAIGHT,STOP
79.61,3.35,13.68,8.04,CENTER,HIGH,GREEN,NO,WET,CLEAR,RIGHT,TURN_RIGHT
76.77,1.26,13.8,159.03,CENTER,HIGH,GREEN,NO,WET,CLEAR,STRAIGHT,CHANGE_LANE_RIGHT
128.51,-1.96,15.66,3.45,CENTER,MEDIUM,RED,NO,DRY,RAIN,STRAIGHT,STOP
90.71,2.05,7.49,16.83,CENTER,HIGH,GREEN,NO,DRY,CLEAR,LEFT,MAINTAIN_SPEED
107.08,5.3,18.06,4.42,LEFT,MEDIUM,GREEN,NO,DRY,CLEAR,LEFT,TURN_LEFT
122.96,0.13,17.94,187.08,CENTER,HIGH,GREEN,NO,DRY,CLEAR,STRAIGHT,CHANGE_LANE_RIGHT
82.64,0.99,25.35,168.33,RIGHT,LOW,NONE,YES,DRY,RAIN,STRAIGHT,TURN_RIGHT
3.74,-0.2,8.33,27.23,LEFT,MEDIUM,YELLOW,NO,SLIPPERY,RAIN,RIGHT,TURN_RIGHT
124.85,-1.57,19.05,131.88,LEFT,HIGH,GREEN,NO,DRY,CLEAR,LEFT,TURN_LEFT
81.28,0.73,14.55,149.45,LEFT,MEDIUM,GREEN,YES,DRY,CLEAR,STRAIGHT,MAINTAIN_SPEED
24.84,-2.71,5.13,145.27,LEFT,HIGH,RED,NO,DRY,CLEAR,STRAIGHT,BRAKE
137.29,-1.16,-5.33,144.59,CENTER,LOW,GREEN,NO,DRY,CLEAR,STRAIGHT,MAINTAIN_SPEED
113.48,1.13,-3.4,160.01,CENTER,LOW,GREEN,NO,DRY,RAIN,STRAIGHT,MAINTAIN_SPEED
24.51,5.23,4.37,149.01,LEFT,LOW,GREEN,NO,DRY,CLEAR,STRAIGHT,MAINTAIN_SPEED
27.05,-2.37,39.31,119.26,CENTER,LOW,RED,NO,DRY,CLEAR,RIGHT,BRAKE
55.8,4.59,-15.49,166.09,CENTER,LOW,GREEN,YES,DRY,RAIN,RIGHT,TURN_RIGHT
68.71,-0.2,-6.3,111.83,LEFT,HIGH,NONE,NO,DRY,CLEAR,STRAIGHT,MAINTAIN_SPEED
87.61,-2.57,-9.76,85.34,CENTER,LOW,NONE,YES,DRY,CLEAR,LEFT,TURN_LEFT
35.32,1.12,-2.33,130.28,LEFT,MEDIUM,GREEN,NO,DRY,RAIN,RIGHT,MAINTAIN_SPEED
95.39,-1.18,-17.22,173.16,CENTER,HIGH,RED,NO,DRY,CLEAR,RIGHT,STOP
16.08,0.46,16.65,96.83,CENTER,HIGH,GREEN,YES,DRY,CLEAR,STRAIGHT,CHANGE_LANE_RIGHT
59.62,-1.71,20.11,151.75,CENTER,MEDIUM,GREEN,NO,DRY,CLEAR,STRAIGHT,MAINTAIN_SPEED
44.78,-0.41,-11.27,18.79,CENTER,HIGH,NONE,NO,DRY,RAIN,LEFT,TURN_LEFT
82.61,0.43,-18.08,131.49,CENTER,MEDIUM,RED,NO,WET,CLEAR,STRAIGHT,STOP
4.44,2.05,-18.17,72.39,CENTER,HIGH,YELLOW,NO,DRY,CLEAR,LEFT,TURN_RIGHT
37.56,-1.92,-3.21,145.37,LEFT,MEDIUM,NONE,NO,DRY,RAIN,STRAIGHT,MAINTAIN_SPEED
113.25,2.72,-8.02,116.02,CENTER,HIGH,YELLOW,NO,WET,CLEAR,RIGHT,BRAKE
73.38,-1.7,6.66,158.54,RIGHT,HIGH,GREEN,NO,DRY,RAIN,LEFT,MAINTAIN_SPEED
35.32,4.23,-13.66,42.14,CENTER,HIGH,GREEN,NO,DRY,CLEAR,LEFT,TURN_LEFT
147.99,0.6,-6.5,65.72,RIGHT,LOW,RED,NO,WET,CLEAR,LEFT,STOP
48.47,-0.66,-2.2,110.76,CENTER,MEDIUM,YELLOW,NO,DRY,RAIN,STRAIGHT,MAINTAIN_SPEED
127.42,-2.64,4.14,54.47,CENTER,MEDIUM,GREEN,NO,DRY,CLEAR,STRAIGHT,MAINTAIN_SPEED
26.38,4.49,-19.49,2.18,CENTER,LOW,GREEN,NO,SLIPPERY,CLEAR,STRAIGHT,MAINTAIN_SPEED
126.66,1.41,0.28,26.64,CENTER,HIGH,NONE,YES,DRY,CLEAR,LEFT,BRAKE
68.22,4.06,4.68,82.89,RIGHT,LOW,NONE,NO,DRY,CLEAR,STRAIGHT,MAINTAIN_SPEED
99.02,0.3,-39.95,28.21,LEFT,HIGH,NONE,YES,WET,RAIN,RIGHT,BRAKE
42.83,1.09,13.58,146.26,CENTER,LOW,GREEN,NO,DRY,CLEAR,STRAIGHT,MAINTAIN_SPEED
78.74,1.17,6.58,89.98,CENTER,MEDIUM,RED,NO,DRY,CLEAR,STRAIGHT,STOP
119.04,1.89,11.29,180.43,CENTER,LOW,GREEN,NO,DRY,CLEAR,STRAIGHT,MAINTAIN_SPEED
40.1,-2.64,16.86,68.65,RIGHT,LOW,GREEN,NO,DRY,RAIN,STRAIGHT,MAINTAIN_SPEED
136.4,6.83,7.68,11.81,LEFT,MEDIUM,YELLOW,NO,WET,CLEAR,STRAIGHT,BRAKE
66.48,-4.4,-20.35,23.94,LEFT,MEDIUM,GREEN,NO,SLIPPERY,CLEAR,STRAIGHT,BRAKE
9.78,2.2,-0.25,101.74,RIGHT,MEDIUM,GREEN,NO,DRY,CLEAR,STRAIGHT,ACCELERATE
96.61,0.36,-1.09,90.42,LEFT,LOW,GREEN,YES,DRY,CLEAR,STRAIGHT,MAINTAIN_SPEED
137.45,3.26,10.34,173.87,CENTER,MEDIUM,RED,NO,DRY,CLEAR,STRAIGHT,STOP
47.37,2.0,-12.21,96.88,RIGHT,HIGH,GREEN,NO,DRY,CLEAR,RIGHT,TURN_RIGHT
61.29,-1.48,14.39,116.65,CENTER,MEDIUM,GREEN,NO,DRY,CLEAR,STRAIGHT,MAINTAIN_SPEED
81.09,-1.22,-23.56,56.38,CENTER,MEDIUM,GREEN,NO,DRY,CLEAR,LEFT,TURN_LEFT
89.04,-2.21,-7.59,148.55,CENTER,HIGH,RED,YES,DRY,CLEAR,RIGHT,STOP
41.24,2.82,-4.18,61.69,LEFT,MEDIUM,RED,NO,DRY,RAIN,LEFT,BRAKE
13.01,2.25,10.57,126.79,LEFT,LOW,GREEN,NO,DRY,RAIN,LEFT,TURN_LEFT
44.01,-4.37,11.26,127.8,CENTER,LOW,GREEN,NO,DRY,CLEAR,STRAIGHT,MAINTAIN_SPEED
58.13,7.14,3.91,120.17,CENTER,LOW,NONE,NO,DRY,CLEAR,STRAIGHT,MAINTAIN_SPEED
33.75,-0.85,8.5,55.21,CENTER,MEDIUM,YELLOW,NO,WET,RAIN,STRAIGHT,MAINTAIN_SPEED
26.98,0.17,-20.24,115.29,RIGHT,LOW,GREEN,NO,DRY,CLEAR,STRAIGHT,MAINTAIN_SPEED
48.6,0.88,11.0,184.24,CENTER,MEDIUM,YELLOW,NO,WET,CLEAR,STRAIGHT,MAINTAIN_SPEED
72.74,-1.51,-7.39,152.03,CENTER,HIGH,YELLOW,NO,DRY,CLEAR,LEFT,BRAKE
28.18,-3.45,-6.12,119.85,RIGHT,MEDIUM,GREEN,NO,WET,CLEAR,LEFT,MAINTAIN_SPEED
111.27,-4.87,-14.14,47.1,CENTER,HIGH,YELLOW,NO,WET,CLEAR,STRAIGHT,BRAKE
36.55,-2.85,-0.56,75.35,CENTER,LOW,GREEN,NO,DRY,CLEAR,RIGHT,MAINTAIN_SPEED
61.8,3.03,-19.06,162.75,RIGHT,HIGH,YELLOW,NO,DRY,CLEAR,STRAIGHT,BRAKE
28.45,-0.83,28.0,3.36,RIGHT,MEDIUM,GREEN,NO,DRY,CLEAR,STRAIGHT,MAINTAIN_SPEED
92.28,-2.75,-7.04,153.84,LEFT,LOW,GREEN,NO,DRY,CLEAR,STRAIGHT,MAINTAIN_SPEED
79.77,-3.67,-14.33,41.0,CENTER,MEDIUM,GREEN,NO,DRY,RAIN,RIGHT,TURN_RIGHT
94.43,0.46,27.38,88.11,CENTER,MEDIUM,RED,YES,WET,CLEAR,STRAIGHT,STOP
29.73,0.26,-22.48,177.13,CENTER,LOW,YELLOW,NO,DRY,CLEAR,RIGHT,TURN_RIGHT
124.6,0.81,19.44,46.65,CENTER,MEDIUM,RED,NO,DRY,CLEAR,STRAIGHT,STOP
8.32,-2.38,4.82,61.81,LEFT,HIGH,GREEN,NO,DRY,CLEAR,STRAIGHT,ACCELERATE
51.55,-2.07,-1.01,196.89,CENTER,MEDIUM,RED,NO,WET,CLEAR,STRAIGHT,BRAKE
7.74,-1.22,-8.44,157.22,CENTER,HIGH,GREEN,NO,WET,CLEAR,STRAIGHT,CHANGE_LANE_LEFT
83.34,-1.55,1.93,165.93,RIGHT,MEDIUM,GREEN,YES,DRY,RAIN,STRAIGHT,MAINTAIN_SPEED
43.21,0.69,-6.43,36.01,CENTER,HIGH,NONE,YES,SLIPPERY,CLEAR,LEFT,CHANGE_LANE_LEFT
75.92,-2.23,-3.35,87.47,CENTER,MEDIUM,RED,NO,DRY,RAIN,RIGHT,STOP
26.28,-3.18,-18.35,175.15,CENTER,LOW,RED,NO,WET,CLEAR,STRAIGHT,BRAKE
139.41,-1.0,-13.56,179.39,CENTER,HIGH,GREEN,NO,DRY,CLEAR,STRAIGHT,CHANGE_LANE_LEFT
0.56,2.53,-19.13,92.14,CENTER,HIGH,NONE,YES,DRY,CLEAR,LEFT,TURN_LEFT
111.94,2.26,-13.64,125.89,RIGHT,LOW,YELLOW,YES,DRY,CLEAR,STRAIGHT,BRAKE
98.68,0.18,0.45,135.43,LEFT,HIGH,RED,NO,WET,CLEAR,STRAIGHT,STOP
18.36,-1.2,-0.63,194.9,CENTER,LOW,GREEN,NO,DRY,CLEAR,STRAIGHT,MAINTAIN_SPEED
25.52,0.25,-2.87,186.12,LEFT,LOW,GREEN,NO,SLIPPERY,RAIN,STRAIGHT,MAINTAIN_SPEED
56.27,1.27,-3.29,26.29,LEFT,MEDIUM,RED,YES,DRY,CLEAR,STRAIGHT,TURN_RIGHT
28.95,2.23,-4.94,183.26,CENTER,MEDIUM,GREEN,NO,DRY,CLEAR,STRAIGHT,MAINTAIN_SPEED
20.81,-1.77,8.5,53.74,CENTER,MEDIUM,GREEN,NO,DRY,RAIN,STRAIGHT,MAINTAIN_SPEED
38.72,-2.34,0.16,175.41,CENTER,MEDIUM,GREEN,NO,DRY,CLEAR,STRAIGHT,MAINTAIN_SPEED
55.27,-1.21,14.03,174.23,RIGHT,MEDIUM,NONE,NO,WET,RAIN,STRAIGHT,MAINTAIN_SPEED
86.6,1.65,-11.38,146.82,RIGHT,LOW,NONE,NO,DRY,CLEAR,LEFT,TURN_LEFT
46.07,-4.72,-14.29,90.77,RIGHT,MEDIUM,GREEN,NO,SLIPPERY,CLEAR,STRAIGHT,MAINTAIN_SPEED
83.1,-4.35,-8.66,68.42,LEFT,MEDIUM,NONE,NO,DRY,CLEAR,STRAIGHT,MAINTAIN_SPEED
52.04,0.28,-13.58,80.42,LEFT,HIGH,GREEN,NO,DRY,CLEAR,RIGHT,TURN_RIGHT
21.79,0.63,-6.22,184.4,CENTER,LOW,GREEN,NO,DRY,CLEAR,STRAIGHT,MAINTAIN_SPEED
104.26,-1.37,-5.68,56.87,CENTER,LOW,NONE,NO,DRY,CLEAR,LEFT,MAINTAIN_SPEED
99.93,2.53,5.03,151.13,CENTER,MEDIUM,NONE,NO,DRY,CLEAR,STRAIGHT,MAINTAIN_SPEED
96.69,-2.21,4.37,180.24,RIGHT,HIGH,GREEN,NO,WET,CLEAR,STRAIGHT,MAINTAIN_SPEED
4.53,2.64,4.22,136.99,CENTER,MEDIUM,YELLOW,NO,DRY,CLEAR,LEFT,MAINTAIN_SPEED
35.7,0.6,6.8,39.77,CENTER,HIGH,GREEN,NO,SLIPPERY,CLEAR,STRAIGHT,CHANGE_LANE_RIGHT
46.83,2.77,-8.05,10.09,CENTER,LOW,GREEN,YES,DRY,RAIN,STRAIGHT,BRAKE
33.98,2.27,3.88,155.39,CENTER,LOW,GREEN,NO,DRY,FOG,STRAIGHT,MAINTAIN_SPEED
57.72,3.65,-9.62,3.21,RIGHT,MEDIUM,NONE,NO,SLIPPERY,CLEAR,STRAIGHT,BRAKE
98.7,-0.78,17.56,20.19,RIGHT,LOW,NONE,YES,DRY,RAIN,RIGHT,BRAKE
144.08,0.63,9.03,71.7,CENTER,MEDIUM,RED,NO,WET,CLEAR,RIGHT,STOP
26.74,1.0,3.95,14.58,CENTER,LOW,RED,NO,DRY,RAIN,LEFT,BRAKE
77.76,-5.05,-1.05,14.46,RIGHT,LOW,GREEN,YES,DRY,CLEAR,STRAIGHT,BRAKE
3.89,-0.01,11.28,74.5,RIGHT,HIGH,NONE,YES,DRY,RAIN,STRAIGHT,ACCELERATE
35.57,-1.38,23.59,51.6,RIGHT,LOW,RED,NO,DRY,CLEAR,STRAIGHT,BRAKE
131.23,3.47,-4.12,81.2,CENTER,MEDIUM,RED,NO,DRY,CLEAR,STRAIGHT,STOP
26.41,-2.33,-3.48,114.9,CENTER,LOW,GREEN,NO,DRY,RAIN,STRAIGHT,MAINTAIN_SPEED
143.19,2.94,-22.92,168.6,CENTER,LOW,NONE,NO,DRY,CLEAR,STRAIGHT,ACCELERATE
82.44,1.94,16.73,111.03,CENTER,HIGH,GREEN,NO,DRY,CLEAR,STRAIGHT,CHANGE_LANE_RIGHT
26.41,-0.45,-0.52,61.95,CENTER,MEDIUM,RED,NO,DRY,CLEAR,STRAIGHT,BRAKE
37.07,-2.35,-8.77,40.43,RIGHT,LOW,RED,NO,WET,CLEAR,STRAIGHT,BRAKE
101.51,-4.01,-0.44,140.25,CENTER,LOW,GREEN,NO,SLIPPERY,CLEAR,STRAIGHT,BRAKE
92.06,1.56,11.69,117.75,LEFT,MEDIUM,GREEN,NO,DRY,CLEAR,STRAIGHT,MAINTAIN_SPEED
10.1,-0.74,-6.22,110.52,CENTER,LOW,GREEN,NO,WET,CLEAR,LEFT,ACCELERATE
97.76,0.04,18.42,89.21,RIGHT,MEDIUM,RED,NO,DRY,CLEAR,STRAIGHT,CHANGE_LANE_RIGHT
91.15,1.96,4.58,13.68,CENTER,MEDIUM,YELLOW,NO,DRY,CLEAR,LEFT,BRAKE
106.71,-1.28,-15.93,79.51,CENTER,HIGH,GREEN,NO,DRY,CLEAR,STRAIGHT,CHANGE_LANE_LEFT
27.41,0.19,18.53,118.97,CENTER,LOW,YELLOW,NO,WET,CLEAR,LEFT,TURN_LEFT
2.31,-0.57,-0.49,43.57,CENTER,LOW,NONE,NO,WET,CLEAR,RIGHT,ACCELERATE
82.37,0.33,4.82,34.65,CENTER,HIGH,GREEN,NO,DRY,CLEAR,STRAIGHT,MAINTAIN_SPEED
2.28,1.4,-8.23,154.33,RIGHT,MEDIUM,RED,NO,WET,RAIN,STRAIGHT,BRAKE
135.1,-3.31,-10.05,165.09,LEFT,LOW,GREEN,NO,DRY,RAIN,RIGHT,TURN_RIGHT
92.41,-0.21,5.27,196.64,CENTER,LOW,YELLOW,NO,SLIPPERY,CLEAR,STRAIGHT,BRAKE
9.65,1.96,-2.44,160.49,RIGHT,MEDIUM,GREEN,NO,DRY,CLEAR,RIGHT,ACCELERATE
134.35,-0.83,21.97,123.32,CENTER,HIGH,GREEN,NO,DRY,RAIN,RIGHT,TURN_RIGHT
10.15,-1.73,-8.88,193.79,RIGHT,LOW,GREEN,NO,WET,CLEAR,STRAIGHT,ACCELERATE
73.98,-4.22,-6.3,17.84,RIGHT,MEDIUM,NONE,NO,DRY,CLEAR,STRAIGHT,MAINTAIN_SPEED
111.94,2.34,-0.11,50.07,CENTER,LOW,RED,NO,DRY,RAIN,STRAIGHT,STOP
149.15,-4.97,-19.69,50.23,CENTER,HIGH,GREEN,NO,DRY,RAIN,LEFT,TURN_LEFT
17.13,-0.83,0.1,104.84,RIGHT,MEDIUM,GREEN,NO,DRY,RAIN,STRAIGHT,ACCELERATE
109.04,1.31,-7.22,14.39,CENTER,MEDIUM,RED,NO,WET,CLEAR,LEFT,STOP
30.29,4.74,-4.94,139.79,RIGHT,MEDIUM,YELLOW,NO,DRY,CLEAR,STRAIGHT,MAINTAIN_SPEED
118.77,3.59,8.57,67.91,CENTER,MEDIUM,RED,NO,DRY,CLEAR,STRAIGHT,STOP
49.92,0.57,13.17,93.53,RIGHT,HIGH,YELLOW,YES,WET,FOG,RIGHT,STOP
6.5,2.59,6.14,103.72,CENTER,LOW,GREEN,YES,DRY,RAIN,LEFT,ACCELERATE
123.94,-5.39,0.42,40.64,CENTER,LOW,RED,YES,DRY,CLEAR,STRAIGHT,STOP
106.87,1.46,8.5,46.25,CENTER,HIGH,GREEN,YES,DRY,CLEAR,RIGHT,TURN_RIGHT
144.97,-2.18,3.1,169.78,LEFT,HIGH,RED,NO,DRY,CLEAR,RIGHT,STOP
20.76,-1.22,21.48,176.51,CENTER,MEDIUM,GREEN,YES,SLIPPERY,CLEAR,STRAIGHT,MAINTAIN_SPEED
39.62,3.28,-7.79,155.88,RIGHT,LOW,GREEN,YES,WET,CLEAR,STRAIGHT,MAINTAIN_SPEED
122.91,2.82,0.37,11.1,RIGHT,LOW,GREEN,NO,DRY,CLEAR,STRAIGHT,BRAKE
98.34,-3.49,9.11,119.68,LEFT,HIGH,RED,NO,DRY,CLEAR,STRAIGHT,STOP
52.05,2.21,10.02,11.02,CENTER,MEDIUM,GREEN,YES,DRY,CLEAR,STRAIGHT,BRAKE
74.63,1.27,12.55,49.65,CENTER,LOW,GREEN,NO,DRY,CLEAR,STRAIGHT,MAINTAIN_SPEED
145.35,-1.93,-0.45,70.3,LEFT,MEDIUM,GREEN,NO,WET,CLEAR,LEFT,MAINTAIN_SPEED
6.41,-0.09,13.12,97.69,LEFT,MEDIUM,NONE,NO,DRY,CLEAR,STRAIGHT,ACCELERATE
129.19,3.01,-13.48,25.53,CENTER,LOW,RED,NO,DRY,RAIN,LEFT,STOP
114.01,6.12,2.31,125.97,LEFT,LOW,YELLOW,NO,WET,FOG,RIGHT,BRAKE
19.94,-0.15,10.17,174.48,LEFT,LOW,NONE,YES,DRY,CLEAR,STRAIGHT,BRAKE
149.11,0.06,-2.82,58.34,CENTER,MEDIUM,GREEN,YES,WET,FOG,STRAIGHT,MAINTAIN_SPEED
58.91,4.3,-3.12,101.42,CENTER,MEDIUM,NONE,NO,DRY,CLEAR,STRAIGHT,MAINTAIN_SPEED
121.23,0.15,1.79,81.82,LEFT,MEDIUM,GREEN,NO,DRY,CLEAR,STRAIGHT,MAINTAIN_SPEED
137.79,1.48,2.24,38.23,RIGHT,MEDIUM,GREEN,NO,DRY,RAIN,STRAIGHT,MAINTAIN_SPEED
85.91,-4.6,-19.29,160.47,CENTER,LOW,GREEN,NO,DRY,CLEAR,STRAIGHT,MAINTAIN_SPEED
145.87,-4.52,5.55,128.39,LEFT,MEDIUM,YELLOW,NO,WET,CLEAR,RIGHT,BRAKE
19.39,4.77,15.88,18.8,CENTER,LOW,NONE,NO,WET,CLEAR,STRAIGHT,MAINTAIN_SPEED
0.06,-0.99,-7.34,138.01,CENTER,LOW,GREEN,NO,DRY,CLEAR,STRAIGHT,ACCELERATE
96.18,-1.2,2.35,67.18,CENTER,HIGH,YELLOW,NO,DRY,CLEAR,STRAIGHT,BRAKE
96.03,-3.46,2.93,155.11,CENTER,HIGH,GREEN,NO,WET,CLEAR,STRAIGHT,CHANGE_LANE_RIGHT
14.55,1.76,9.92,2.78,RIGHT,MEDIUM,GREEN,NO,DRY,RAIN,LEFT,TURN_LEFT
69.03,-3.26,7.98,196.23,CENTER,MEDIUM,GREEN,NO,SLIPPERY,CLEAR,STRAIGHT,BRAKE
64.62,-0.75,-8.27,162.65,CENTER,LOW,GREEN,NO,DRY,CLEAR,STRAIGHT,MAINTAIN_SPEED
20.41,2.19,-6.94,10.74,CENTER,HIGH,RED,NO,SLIPPERY,CLEAR,STRAIGHT,STOP
27.9,-1.34,-13.68,80.36,CENTER,LOW,NONE,YES,WET,CLEAR,STRAIGHT,MAINTAIN_SPEED
23.31,1.61,9.35,40.71,CENTER,MEDIUM,YELLOW,NO,DRY,CLEAR,STRAIGHT,MAINTAIN_SPEED
46.74,5.13,-18.84,181.77,CENTER,HIGH,YELLOW,NO,DRY,CLEAR,LEFT,TURN_LEFT
84.89,0.55,-16.76,9.37,CENTER,LOW,RED,NO,SLIPPERY,CLEAR,STRAIGHT,STOP
30.71,-1.4,22.65,182.71,RIGHT,MEDIUM,RED,NO,DRY,RAIN,STRAIGHT,BRAKE
105.66,1.1,18.88,16.78,RIGHT,LOW,RED,NO,DRY,CLEAR,STRAIGHT,STOP
109.07,1.95,6.38,150.48,LEFT,HIGH,YELLOW,NO,DRY,RAIN,STRAIGHT,BRAKE
145.28,-5.21,-1.77,144.5,RIGHT,HIGH,NONE,YES,WET,RAIN,LEFT,MAINTAIN_SPEED
144.77,3.22,-8.34,145.06,LEFT,MEDIUM,NONE,NO,WET,CLEAR,RIGHT,TURN_RIGHT
22.9,-1.59,0.94,107.24,CENTER,MEDIUM,GREEN,NO,DRY,RAIN,STRAIGHT,MAINTAIN_SPEED
27.64,-3.0,22.24,81.8,CENTER,MEDIUM,NONE,NO,DRY,RAIN,STRAIGHT,MAINTAIN_SPEED
50.54,-0.95,13.13,174.86,RIGHT,HIGH,GREEN,NO,DRY,FOG,LEFT,TURN_LEFT
103.32,-0.55,-5.92,153.12,CENTER,LOW,GREEN,NO,SLIPPERY,CLEAR,STRAIGHT,BRAKE
95.91,-0.48,-0.82,174.1,CENTER,MEDIUM,YELLOW,NO,WET,RAIN,STRAIGHT,BRAKE
105.57,0.52,9.89,60.63,RIGHT,LOW,GREEN,NO,WET,CLEAR,LEFT,TURN_LEFT
131.61,-0.74,-0.39,195.3,CENTER,LOW,GREEN,NO,DRY,CLEAR,LEFT,MAINTAIN_SPEED
23.33,-3.29,-13.48,33.9,CENTER,LOW,GREEN,NO,WET,FOG,STRAIGHT,ACCELERATE
31.78,0.6,-3.48,87.93,RIGHT,MEDIUM,YELLOW,NO,DRY,RAIN,LEFT,MAINTAIN_SPEED
79.17,1.19,-4.19,17.87,LEFT,LOW,GREEN,NO,DRY,CLEAR,STRAIGHT,MAINTAIN_SPEED
137.5,7.75,-1.59,102.37,CENTER,HIGH,GREEN,NO,SLIPPERY,RAIN,RIGHT,BRAKE
22.97,-3.2,16.03,137.38,CENTER,LOW,GREEN,NO,DRY,CLEAR,LEFT,TURN_LEFT
108.57,0.28,12.74,46.54,CENTER,MEDIUM,YELLOW,NO,WET,CLEAR,LEFT,BRAKE
129.94,-0.87,16.44,198.37,CENTER,LOW,RED,NO,DRY,CLEAR,STRAIGHT,STOP
69.79,-2.3,12.7,194.85,RIGHT,LOW,GREEN,YES,SLIPPERY,CLEAR,LEFT,BRAKE
24.07,3.6,2.14,89.51,CENTER,MEDIUM,GREEN,NO,DRY,CLEAR,RIGHT,MAINTAIN_SPEED
6.11,1.56,-10.46,118.57,CENTER,HIGH,RED,YES,WET,CLEAR,STRAIGHT,BRAKE
97.69,3.89,-2.46,193.86,CENTER,LOW,YELLOW,NO,SLIPPERY,CLEAR,STRAIGHT,BRAKE
12.54,-0.87,22.25,141.52,LEFT,MEDIUM,YELLOW,YES,DRY,CLEAR,LEFT,TURN_LEFT
37.0,1.71,4.21,53.25,RIGHT,LOW,GREEN,NO,DRY,RAIN,STRAIGHT,MAINTAIN_SPEED
11.78,1.05,-0.91,171.1,LEFT,HIGH,YELLOW,NO,DRY,CLEAR,RIGHT,MAINTAIN_SPEED
103.55,-2.39,0.31,124.08,RIGHT,MEDIUM,GREEN,NO,DRY,CLEAR,LEFT,MAINTAIN_SPEED
113.64,-2.51,-4.09,164.51,CENTER,MEDIUM,YELLOW,NO,DRY,CLEAR,RIGHT,BRAKE
77.05,-0.12,19.32,88.09,RIGHT,HIGH,GREEN,NO,DRY,CLEAR,STRAIGHT,CHANGE_LANE_RIGHT
40.75,0.51,11.71,22.91,RIGHT,LOW,RED,YES,WET,CLEAR,STRAIGHT,BRAKE
147.79,-0.02,-5.9,170.63,CENTER,LOW,GREEN,NO,DRY,CLEAR,STRAIGHT,MAINTAIN_SPEED
96.27,2.26,16.75,140.59,CENTER,LOW,NONE,NO,WET,CLEAR,STRAIGHT,MAINTAIN_SPEED
119.08,0.62,2.13,164.01,CENTER,LOW,GREEN,YES,DRY,CLEAR,RIGHT,MAINTAIN_SPEED
99.1,4.31,8.61,105.97,CENTER,MEDIUM,GREEN,NO,WET,CLEAR,STRAIGHT,MAINTAIN_SPEED
20.37,-4.93,-0.53,143.69,RIGHT,MEDIUM,YELLOW,NO,DRY,CLEAR,STRAIGHT,ACCELERATE
102.46,0.27,-8.42,178.56,LEFT,MEDIUM,GREEN,NO,DRY,RAIN,STRAIGHT,MAINTAIN_SPEED
141.32,0.55,13.85,96.15,CENTER,LOW,NONE,NO,DRY,CLEAR,STRAIGHT,MAINTAIN_SPEED
108.27,-0.76,14.98,125.36,RIGHT,LOW,GREEN,NO,DRY,CLEAR,STRAIGHT,MAINTAIN_SPEED
23.21,2.64,-5.63,126.81,CENTER,HIGH,GREEN,NO,DRY,CLEAR,STRAIGHT,CHANGE_LANE_LEFT
62.76,0.16,8.17,79.11,LEFT,LOW,GREEN,NO,WET,CLEAR,RIGHT,TURN_RIGHT
14.74,-2.53,-4.83,120.17,CENTER,LOW,GREEN,NO,DRY,CLEAR,STRAIGHT,ACCELERATE
91.63,1.22,-25.34,139.0,LEFT,LOW,GREEN,NO,DRY,CLEAR,LEFT,TURN_LEFT
62.05,4.3,10.22,119.03,RIGHT,MEDIUM,GREEN,NO,WET,CLEAR,RIGHT,TURN_RIGHT
52.28,0.56,9.36,195.47,CENTER,MEDIUM,GREEN,NO,DRY,RAIN,STRAIGHT,MAINTAIN_SPEED
92.55,1.46,1.06,101.98,CENTER,MEDIUM,GREEN,NO,DRY,CLEAR,LEFT,MAINTAIN_SPEED
94.77,1.27,-3.26,39.63,CENTER,LOW,GREEN,NO,DRY,CLEAR,RIGHT,MAINTAIN_SPEED
78.94,1.87,9.12,158.04,LEFT,LOW,GREEN,YES,DRY,CLEAR,LEFT,TURN_LEFT
18.53,2.05,-6.17,187.42,CENTER,LOW,GREEN,NO,DRY,RAIN,STRAIGHT,MAINTAIN_SPEED
74.09,-6.77,-1.27,194.8,CENTER,LOW,RED,NO,SLIPPERY,RAIN,LEFT,STOP
108.42,4.98,-8.35,17.79,CENTER,MEDIUM,YELLOW,NO,SLIPPERY,CLEAR,LEFT,BRAKE
20.93,-4.3,10.65,66.96,CENTER,LOW,YELLOW,NO,DRY,CLEAR,STRAIGHT,ACCELERATE
77.64,-1.16,-4.23,113.57,CENTER,MEDIUM,GREEN,NO,DRY,CLEAR,STRAIGHT,MAINTAIN_SPEED
101.68,3.75,15.48,131.13,CENTER,HIGH,NONE,NO,DRY,CLEAR,STRAIGHT,CHANGE_LANE_RIGHT
93.35,2.8,-7.61,43.58,LEFT,LOW,NONE,YES,DRY,FOG,STRAIGHT,BRAKE
104.37,-3.42,7.74,163.79,CENTER,HIGH,NONE,NO,WET,CLEAR,LEFT,CHANGE_LANE_RIGHT
112.46,-0.31,6.83,131.39,CENTER,MEDIUM,GREEN,NO,DRY,CLEAR,STRAIGHT,MAINTAIN_SPEED
39.08,1.22,-5.9,195.0,CENTER,MEDIUM,GREEN,NO,DRY,CLEAR,RIGHT,MAINTAIN_SPEED
10.18,-0.12,22.99,99.83,CENTER,MEDIUM,GREEN,NO,WET,CLEAR,LEFT,TURN_LEFT
89.31,3.89,15.01,127.13,CENTER,MEDIUM,GREEN,NO,DRY,RAIN,STRAIGHT,MAINTAIN_SPEED
86.46,-0.94,4.62,113.84,CENTER,LOW,GREEN,NO,WET,CLEAR,STRAIGHT,MAINTAIN_SPEED
84.18,-0.31,7.95,40.96,CENTER,MEDIUM,NONE,NO,DRY,RAIN,STRAIGHT,MAINTAIN_SPEED
89.66,0.62,0.57,13.44,LEFT,LOW,NONE,NO,WET,RAIN,LEFT,MAINTAIN_SPEED
129.58,-4.95,-33.25,180.51,CENTER,MEDIUM,NONE,NO,WET,CLEAR,STRAIGHT,MAINTAIN_SPEED
11.04,3.46,-1.35,144.19,CENTER,HIGH,GREEN,YES,DRY,CLEAR,RIGHT,CHANGE_LANE_LEFT
50.59,3.08,24.54,51.71,CENTER,HIGH,RED,NO,DRY,CLEAR,STRAIGHT,BRAKE
15.4,3.87,0.99,185.46,CENTER,LOW,RED,NO,SLIPPERY,FOG,STRAIGHT,BRAKE
76.5,-0.34,-15.76,45.8,CENTER,MEDIUM,RED,NO,WET,CLEAR,STRAIGHT,STOP
25.58,0.41,-1.64,14.24,CENTER,HIGH,GREEN,NO,DRY,CLEAR,LEFT,MAINTAIN_SPEED
45.54,-0.94,-15.65,93.44,CENTER,HIGH,RED,NO,WET,RAIN,LEFT,BRAKE
94.89,0.13,30.26,55.77,LEFT,LOW,GREEN,NO,WET,RAIN,LEFT,TURN_LEFT
71.83,3.51,-18.49,4.03,CENTER,LOW,GREEN,YES,DRY,CLEAR,LEFT,STOP
50.62,0.29,2.47,117.71,CENTER,MEDIUM,GREEN,NO,DRY,CLEAR,STRAIGHT,MAINTAIN_SPEED
59.87,0.34,15.59,173.95,CENTER,HIGH,GREEN,NO,WET,CLEAR,STRAIGHT,CHANGE_LANE_RIGHT
19.57,-0.84,8.08,136.0,LEFT,LOW,GREEN,YES,DRY,CLEAR,LEFT,TURN_LEFT
127.8,5.99,14.13,153.23,CENTER,MEDIUM,GREEN,NO,SLIPPERY,CLEAR,LEFT,BRAKE
128.37,4.02,-7.27,34.76,CENTER,MEDIUM,GREEN,NO,SLIPPERY,CLEAR,LEFT,BRAKE
80.18,-0.69,0.44,109.98,CENTER,MEDIUM,GREEN,YES,DRY,FOG,RIGHT,MAINTAIN_SPEED
38.83,-1.9,9.19,72.65,LEFT,MEDIUM,YELLOW,NO,DRY,CLEAR,STRAIGHT,MAINTAIN_SPEED
83.08,3.69,6.35,191.28,LEFT,HIGH,GREEN,NO,DRY,CLEAR,STRAIGHT,MAINTAIN_SPEED
90.98,0.49,-3.41,10.02,LEFT,MEDIUM,GREEN,NO,DRY,CLEAR,RIGHT,MAINTAIN_SPEED
103.63,-3.23,1.65,40.74,CENTER,LOW,GREEN,YES,DRY,CLEAR,STRAIGHT,MAINTAIN_SPEED
28.78,4.4,6.79,45.97,LEFT,MEDIUM,GREEN,NO,DRY,CLEAR,STRAIGHT,MAINTAIN_SPEED
85.36,-0.63,20.53,164.37,CENTER,HIGH,NONE,NO,WET,CLEAR,STRAIGHT,CHANGE_LANE_RIGHT
128.01,-5.7,7.66,11.67,CENTER,HIGH,GREEN,YES,WET,RAIN,STRAIGHT,ACCELERATE
84.36,-1.59,10.89,126.52,RIGHT,MEDIUM,NONE,NO,DRY,CLEAR,LEFT,TURN_LEFT
58.86,0.95,16.11,148.48,CENTER,LOW,YELLOW,YES,SLIPPERY,RAIN,LEFT,BRAKE
86.14,2.48,15.17,54.88,RIGHT,LOW,GREEN,NO,DRY,CLEAR,RIGHT,TURN_RIGHT
68.45,0.88,-0.73,96.47,CENTER,MEDIUM,RED,NO,DRY,CLEAR,STRAIGHT,STOP
60.38,6.27,-10.02,36.16,RIGHT,HIGH,GREEN,NO,DRY,CLEAR,STRAIGHT,CHANGE_LANE_LEFT
109.61,1.42,12.65,86.89,CENTER,MEDIUM,YELLOW,NO,DRY,CLEAR,STRAIGHT,BRAKE
96.36,-3.13,-1.17,180.58,CENTER,LOW,NONE,YES,DRY,CLEAR,STRAIGHT,MAINTAIN_SPEED
39.65,-0.2,-4.45,33.21,RIGHT,MEDIUM,GREEN,NO,WET,CLEAR,STRAIGHT,MAINTAIN_SPEED
71.86,0.63,2.65,165.03,LEFT,LOW,YELLOW,NO,SLIPPERY,FOG,STRAIGHT,BRAKE
80.44,3.14,-7.42,30.89,LEFT,HIGH,GREEN,NO,DRY,CLEAR,RIGHT,MAINTAIN_SPEED
17.86,1.91,-9.01,27.45,LEFT,LOW,YELLOW,YES,DRY,RAIN,RIGHT,BRAKE
58.49,-2.19,8.46,52.44,CENTER,MEDIUM,GREEN,YES,SLIPPERY,CLEAR,STRAIGHT,BRAKE
114.75,2.66,-14.59,119.81,CENTER,HIGH,YELLOW,NO,DRY,CLEAR,STRAIGHT,BRAKE
42.41,-5.85,-14.58,38.97,RIGHT,LOW,GREEN,NO,WET,CLEAR,LEFT,TURN_LEFT
1.45,-0.77,21.77,72.84,CENTER,HIGH,NONE,NO,WET,CLEAR,STRAIGHT,CHANGE_LANE_RIGHT
96.34,1.54,24.21,64.2,CENTER,MEDIUM,NONE,NO,WET,RAIN,STRAIGHT,MAINTAIN_SPEED
72.32,2.88,-12.32,181.43,RIGHT,LOW,YELLOW,NO,WET,CLEAR,STRAIGHT,BRAKE
53.02,-2.13,-2.51,105.23,CENTER,LOW,GREEN,NO,DRY,RAIN,STRAIGHT,MAINTAIN_SPEED
44.04,-1.39,-1.54,5.87,LEFT,LOW,NONE,NO,WET,CLEAR,RIGHT,MAINTAIN_SPEED
49.84,0.05,2.3,6.76,CENTER,MEDIUM,YELLOW,NO,DRY,RAIN,RIGHT,BRAKE
93.23,3.3,18.04,109.95,LEFT,MEDIUM,GREEN,NO,WET,CLEAR,STRAIGHT,STOP
52.77,-2.56,-6.3,39.49,CENTER,HIGH,GREEN,NO,DRY,CLEAR,STRAIGHT,CHANGE_LANE_LEFT
6.83,1.55,17.82,102.49,RIGHT,LOW,YELLOW,NO,DRY,CLEAR,RIGHT,TURN_RIGHT
45.8,-1.02,-6.01,24.25,LEFT,HIGH,GREEN,NO,DRY,CLEAR,RIGHT,MAINTAIN_SPEED
48.23,-2.19,-2.66,182.98,CENTER,LOW,GREEN,NO,WET,CLEAR,LEFT,MAINTAIN_SPEED
146.5,-0.4,9.05,16.98,CENTER,LOW,NONE,NO,DRY,CLEAR,STRAIGHT,BRAKE
127.04,1.43,11.8,111.78,CENTER,LOW,NONE,NO,DRY,CLEAR,RIGHT,TURN_RIGHT
121.68,-6.92,3.13,61.26,CENTER,MEDIUM,GREEN,NO,SLIPPERY,CLEAR,STRAIGHT,BRAKE
147.85,0.54,-1.94,65.88,RIGHT,HIGH,GREEN,NO,DRY,CLEAR,LEFT,MAINTAIN_SPEED
102.72,3.61,9.79,65.34,CENTER,LOW,RED,NO,DRY,FOG,RIGHT,STOP
125.75,-0.27,14.16,177.61,CENTER,LOW,RED,NO,SLIPPERY,CLEAR,STRAIGHT,STOP
137.25,3.67,-7.48,139.46,CENTER,LOW,GREEN,NO,WET,RAIN,STRAIGHT,MAINTAIN_SPEED
6.09,2.1,1.94,159.09,CENTER,LOW,GREEN,NO,SLIPPERY,CLEAR,RIGHT,ACCELERATE
67.63,-1.43,12.49,127.24,CENTER,HIGH,YELLOW,NO,DRY,CLEAR,STRAIGHT,BRAKE
144.55,-0.51,-16.4,199.39,CENTER,MEDIUM,NONE,YES,WET,CLEAR,LEFT,TURN_LEFT
55.29,-0.14,3.0,46.51,CENTER,MEDIUM,GREEN,NO,DRY,CLEAR,STRAIGHT,MAINTAIN_SPEED
82.88,-0.33,10.28,102.88,LEFT,MEDIUM,GREEN,NO,DRY,RAIN,STRAIGHT,MAINTAIN_SPEED
41.05,1.05,7.73,166.51,CENTER,MEDIUM,YELLOW,NO,DRY,CLEAR,RIGHT,MAINTAIN_SPEED
17.68,-0.49,-12.67,32.1,CENTER,MEDIUM,GREEN,NO,WET,CLEAR,LEFT,TURN_LEFT
13.78,1.71,1.74,92.65,RIGHT,HIGH,GREEN,NO,DRY,CLEAR,STRAIGHT,ACCELERATE
128.53,-0.88,-6.4,170.05,CENTER,HIGH,RED,YES,DRY,CLEAR,STRAIGHT,STOP
38.21,-0.48,-1.33,2.77,CENTER,MEDIUM,NONE,NO,DRY,CLEAR,STRAIGHT,MAINTAIN_SPEED
102.61,-2.43,-15.41,174.98,CENTER,MEDIUM,GREEN,NO,DRY,CLEAR,STRAIGHT,MAINTAIN_SPEED
103.97,2.31,3.3,49.33,CENTER,MEDIUM,YELLOW,NO,DRY,RAIN,STRAIGHT,BRAKE
56.93,-1.01,15.34,161.23,CENTER,MEDIUM,YELLOW,NO,WET,CLEAR,RIGHT,BRAKE
19.94,0.82,-10.81,51.64,CENTER,LOW,GREEN,NO,SLIPPERY,CLEAR,LEFT,TURN_LEFT
47.63,-0.11,23.35,42.96,CENTER,LOW,GREEN,NO,SLIPPERY,CLEAR,STRAIGHT,MAINTAIN_SPEED
90.54,3.44,-1.82,144.31,CENTER,LOW,NONE,NO,DRY,CLEAR,STRAIGHT,MAINTAIN_SPEED
76.08,0.58,-10.26,141.23,CENTER,HIGH,GREEN,NO,DRY,RAIN,STRAIGHT,CHANGE_LANE_LEFT
126.24,3.08,13.47,9.71,LEFT,MEDIUM,GREEN,NO,DRY,CLEAR,STRAIGHT,BRAKE
5.01,1.33,-1.55,18.53,CENTER,LOW,GREEN,NO,SLIPPERY,FOG,STRAIGHT,MAINTAIN_SPEED
49.41,1.85,10.63,73.22,CENTER,LOW,GREEN,NO,DRY,RAIN,STRAIGHT,MAINTAIN_SPEED
57.52,-1.03,22.83,16.66,RIGHT,LOW,GREEN,NO,SLIPPERY,CLEAR,RIGHT,BRAKE
92.82,2.8,-1.38,73.71,RIGHT,LOW,GREEN,NO,SLIPPERY,FOG,RIGHT,BRAKE
139.46,-2.71,-3.8,80.07,RIGHT,MEDIUM,NONE,NO,DRY,CLEAR,STRAIGHT,MAINTAIN_SPEED
44.41,1.42,-26.6,35.79,CENTER,LOW,YELLOW,NO,DRY,CLEAR,STRAIGHT,MAINTAIN_SPEED
103.18,0.47,-26.42,51.68,RIGHT,MEDIUM,GREEN,NO,DRY,CLEAR,RIGHT,TURN_RIGHT
125.65,1.2,18.43,52.76,LEFT,HIGH,RED,NO,DRY,CLEAR,STRAIGHT,STOP
76.54,-2.77,33.17,10.48,CENTER,LOW,GREEN,YES,WET,RAIN,RIGHT,BRAKE
135.46,1.49,-4.35,179.44,RIGHT,HIGH,GREEN,NO,SLIPPERY,FOG,LEFT,BRAKE
84.18,-2.25,18.75,173.06,LEFT,LOW,RED,NO,DRY,FOG,STRAIGHT,STOP
41.71,0.94,6.13,141.07,CENTER,HIGH,NONE,NO,SLIPPERY,CLEAR,LEFT,CHANGE_LANE_RIGHT
0.34,2.49,2.0,142.55,CENTER,MEDIUM,YELLOW,NO,SLIPPERY,CLEAR,STRAIGHT,MAINTAIN_SPEED
58.05,1.38,15.49,119.16,CENTER,MEDIUM,GREEN,NO,DRY,RAIN,STRAIGHT,MAINTAIN_SPEED
12.53,2.49,7.5,83.3,RIGHT,MEDIUM,NONE,NO,WET,FOG,STRAIGHT,ACCELERATE
58.98,0.03,-3.04,141.21,RIGHT,MEDIUM,GREEN,NO,WET,RAIN,LEFT,MAINTAIN_SPEED
81.62,-0.15,13.81,33.01,LEFT,MEDIUM,RED,NO,DRY,CLEAR,STRAIGHT,STOP
147.7,2.13,0.79,50.02,RIGHT,HIGH,YELLOW,NO,DRY,CLEAR,STRAIGHT,BRAKE
140.94,-1.49,21.45,22.2,CENTER,LOW,YELLOW,NO,DRY,RAIN,STRAIGHT,BRAKE
67.82,1.85,7.47,37.58,CENTER,MEDIUM,GREEN,YES,DRY,RAIN,STRAIGHT,MAINTAIN_SPEED
44.39,0.29,7.59,146.1,LEFT,HIGH,GREEN,NO,DRY,RAIN,STRAIGHT,MAINTAIN_SPEED
106.57,4.34,-6.99,72.52,CENTER,MEDIUM,GREEN,NO,DRY,RAIN,LEFT,MAINTAIN_SPEED
38.76,1.32,9.69,10.75,CENTER,LOW,GREEN,NO,DRY,CLEAR,STRAIGHT,MAINTAIN_SPEED
38.36,0.79,-5.14,20.36,CENTER,MEDIUM,GREEN,NO,DRY,FOG,RIGHT,MAINTAIN_SPEED
36.18,-2.34,-2.37,111.49,CENTER,LOW,GREEN,NO,DRY,FOG,STRAIGHT,MAINTAIN_SPEED
144.7,-1.53,9.93,108.85,LEFT,HIGH,GREEN,NO,DRY,CLEAR,STRAIGHT,MAINTAIN_SPEED
76.44,-0.92,1.82,185.86,CENTER,MEDIUM,GREEN,NO,DRY,RAIN,STRAIGHT,MAINTAIN_SPEED
135.59,0.83,16.07,90.69,CENTER,LOW,NONE,NO,DRY,CLEAR,STRAIGHT,MAINTAIN_SPEED
50.26,0.37,-15.94,86.87,RIGHT,MEDIUM,GREEN,NO,DRY,RAIN,STRAIGHT,MAINTAIN_SPEED
121.8,-2.33,7.99,66.94,RIGHT,LOW,RED,NO,DRY,FOG,LEFT,STOP
31.32,-0.33,-17.99,178.96,LEFT,HIGH,GREEN,NO,DRY,CLEAR,RIGHT,TURN_RIGHT
54.68,2.75,13.04,32.63,LEFT,MEDIUM,RED,NO,DRY,RAIN,RIGHT,BRAKE
30.07,-1.02,-12.4,74.61,LEFT,HIGH,NONE,NO,SLIPPERY,FOG,STRAIGHT,MAINTAIN_SPEED
52.4,-3.46,2.57,195.01,CENTER,LOW,GREEN,NO,WET,FOG,STRAIGHT,MAINTAIN_SPEED
88.98,-0.49,-0.85,22.93,LEFT,MEDIUM,NONE,NO,DRY,RAIN,RIGHT,MAINTAIN_SPEED
1.29,-3.24,-8.29,135.38,CENTER,LOW,GREEN,NO,DRY,CLEAR,STRAIGHT,ACCELERATE
17.91,1.78,13.33,75.41,RIGHT,HIGH,GREEN,YES,DRY,CLEAR,STRAIGHT,ACCELERATE
130.55,-3.38,9.82,9.24,CENTER,LOW,NONE,NO,DRY,CLEAR,STRAIGHT,BRAKE
71.35,-2.04,-2.73,17.9,CENTER,LOW,GREEN,NO,DRY,CLEAR,LEFT,MAINTAIN_SPEED
84.98,1.19,12.74,166.73,CENTER,MEDIUM,RED,YES,DRY,RAIN,RIGHT,STOP
29.94,0.87,-13.24,135.58,LEFT,HIGH,YELLOW,YES,SLIPPERY,CLEAR,STRAIGHT,MAINTAIN_SPEED
147.21,2.69,-0.41,68.2,LEFT,MEDIUM,GREEN,NO,DRY,CLEAR,STRAIGHT,MAINTAIN_SPEED
125.46,-0.4,-2.54,100.35,CENTER,LOW,GREEN,YES,DRY,FOG,STRAIGHT,MAINTAIN_SPEED
84.89,0.5,7.81,90.65,CENTER,LOW,GREEN,NO,WET,FOG,LEFT,MAINTAIN_SPEED
25.42,-4.26,6.46,186.62,RIGHT,LOW,GREEN,NO,DRY,CLEAR,STRAIGHT,MAINTAIN_SPEED
44.16,-2.51,-16.76,188.74,RIGHT,LOW,RED,NO,WET,CLEAR,RIGHT,BRAKE
82.72,-1.05,7.49,192.89,CENTER,LOW,RED,NO,DRY,RAIN,LEFT,STOP
119.79,0.58,5.34,153.3,CENTER,LOW,GREEN,NO,DRY,CLEAR,LEFT,MAINTAIN_SPEED
118.84,-2.84,17.02,32.28,RIGHT,LOW,RED,NO,WET,CLEAR,STRAIGHT,STOP
98.33,0.69,-20.2,131.34,CENTER,MEDIUM,GREEN,NO,DRY,CLEAR,LEFT,TURN_LEFT
3.83,1.15,35.8,159.13,CENTER,LOW,GREEN,YES,DRY,RAIN,STRAIGHT,ACCELERATE
125.73,-0.45,9.42,160.25,CENTER,LOW,NONE,NO,WET,CLEAR,STRAIGHT,MAINTAIN_SPEED
137.15,-2.18,-0.95,5.62,CENTER,LOW,GREEN,NO,DRY,CLEAR,STRAIGHT,BRAKE
129.03,1.57,-6.59,101.13,RIGHT,MEDIUM,GREEN,NO,DRY,CLEAR,STRAIGHT,MAINTAIN_SPEED
54.85,1.32,9.06,28.97,RIGHT,HIGH,GREEN,NO,DRY,CLEAR,STRAIGHT,MAINTAIN_SPEED
139.84,-2.97,29.19,24.05,RIGHT,LOW,YELLOW,NO,DRY,CLEAR,RIGHT,BRAKE
75.65,-3.06,-7.62,149.23,CENTER,MEDIUM,GREEN,NO,WET,RAIN,STRAIGHT,MAINTAIN_SPEED
110.55,-1.89,-31.04,50.28,RIGHT,LOW,GREEN,NO,WET,CLEAR,LEFT,TURN_LEFT
94.19,-1.42,-6.84,81.24,RIGHT,MEDIUM,RED,NO,DRY,CLEAR,STRAIGHT,STOP
80.16,0.07,25.0,73.66,LEFT,MEDIUM,GREEN,NO,DRY,CLEAR,RIGHT,TURN_RIGHT
11.55,-0.9,-9.63,130.59,CENTER,MEDIUM,GREEN,YES,DRY,FOG,LEFT,TURN_LEFT
33.35,-0.98,8.21,32.59,CENTER,MEDIUM,RED,YES,DRY,CLEAR,LEFT,BRAKE
108.99,1.64,-3.94,40.83,CENTER,LOW,RED,NO,SLIPPERY,CLEAR,RIGHT,STOP
77.55,0.12,1.62,23.35,CENTER,LOW,GREEN,NO,DRY,CLEAR,RIGHT,MAINTAIN_SPEED
47.91,2.44,-1.15,137.59,CENTER,MEDIUM,GREEN,NO,SLIPPERY,FOG,STRAIGHT,MAINTAIN_SPEED
31.2,2.66,-6.62,113.64,CENTER,LOW,GREEN,NO,SLIPPERY,CLEAR,LEFT,MAINTAIN_SPEED
103.32,-3.36,-3.28,15.26,CENTER,HIGH,YELLOW,YES,WET,RAIN,LEFT,BRAKE
104.06,0.51,-21.23,155.82,RIGHT,LOW,RED,NO,DRY,CLEAR,RIGHT,STOP
48.99,-0.29,-4.55,158.94,CENTER,LOW,GREEN,YES,DRY,CLEAR,STRAIGHT,MAINTAIN_SPEED
51.55,3.72,10.47,27.47,LEFT,LOW,GREEN,NO,DRY,RAIN,LEFT,ACCELERATE
4.01,-2.93,-4.81,107.21,LEFT,HIGH,GREEN,NO,WET,CLEAR,RIGHT,ACCELERATE
53.88,-0.02,-5.74,46.22,CENTER,MEDIUM,GREEN,NO,DRY,CLEAR,STRAIGHT,MAINTAIN_SPEED
95.93,0.25,-7.49,35.69,CENTER,MEDIUM,GREEN,NO,WET,RAIN,STRAIGHT,MAINTAIN_SPEED
62.09,-1.21,28.36,29.18,CENTER,LOW,YELLOW,NO,DRY,CLEAR,STRAIGHT,BRAKE
99.83,-0.32,-6.41,159.99,RIGHT,MEDIUM,RED,YES,SLIPPERY,CLEAR,LEFT,STOP
26.94,-2.66,5.92,173.54,CENTER,MEDIUM,YELLOW,NO,DRY,RAIN,STRAIGHT,MAINTAIN_SPEED
98.89,-2.47,-15.51,177.3,RIGHT,LOW,GREEN,NO,DRY,CLEAR,STRAIGHT,MAINTAIN_SPEED
61.33,-0.35,-2.27,27.31,CENTER,HIGH,GREEN,YES,WET,RAIN,RIGHT,BRAKE
148.83,4.51,-17.41,189.87,CENTER,HIGH,GREEN,NO,WET,CLEAR,STRAIGHT,CHANGE_LANE_LEFT
110.67,0.14,0.23,144.83,RIGHT,LOW,NONE,YES,DRY,CLEAR,STRAIGHT,MAINTAIN_SPEED
12.24,0.45,19.45,36.49,CENTER,LOW,RED,YES,DRY,RAIN,STRAIGHT,BRAKE
88.72,-1.46,-23.86,79.41,LEFT,LOW,GREEN,NO,DRY,RAIN,RIGHT,TURN_RIGHT
31.03,-2.99,1.81,170.94,CENTER,LOW,GREEN,YES,DRY,CLEAR,LEFT,MAINTAIN_SPEED
131.21,-0.24,-3.13,6.49,CENTER,HIGH,GREEN,YES,DRY,RAIN,RIGHT,STOP
3.7,-7.13,-4.24,120.51,CENTER,LOW,GREEN,NO,WET,CLEAR,STRAIGHT,ACCELERATE
35.83,-0.93,7.7,36.66,LEFT,HIGH,GREEN,NO,SLIPPERY,CLEAR,STRAIGHT,MAINTAIN_SPEED
66.43,-3.47,-15.78,101.14,CENTER,MEDIUM,GREEN,NO,DRY,CLEAR,RIGHT,TURN_RIGHT
61.54,2.94,1.18,70.21,CENTER,MEDIUM,GREEN,NO,DRY,CLEAR,STRAIGHT,MAINTAIN_SPEED
21.2,2.39,9.13,191.78,CENTER,LOW,GREEN,NO,DRY,CLEAR,STRAIGHT,MAINTAIN_SPEED
117.89,-2.17,10.28,145.21,CENTER,LOW,GREEN,NO,DRY,FOG,STRAIGHT,MAINTAIN_SPEED
100.97,0.92,-0.39,124.46,CENTER,MEDIUM,GREEN,NO,DRY,CLEAR,STRAIGHT,MAINTAIN_SPEED
136.94,-1.73,18.43,79.26,RIGHT,LOW,GREEN,YES,DRY,RAIN,LEFT,TURN_LEFT
79.87,2.4,-2.64,165.66,CENTER,MEDIUM,GREEN,NO,DRY,CLEAR,RIGHT,MAINTAIN_SPEED
21.2,-6.77,-4.21,186.81,RIGHT,MEDIUM,NONE,NO,WET,CLEAR,STRAIGHT,ACCELERATE
1.33,3.45,15.75,110.47,CENTER,LOW,GREEN,NO,WET,CLEAR,RIGHT,TURN_RIGHT
97.6,-0.66,4.56,163.61,CENTER,HIGH,NONE,NO,WET,CLEAR,LEFT,CHANGE_LANE_RIGHT
3.48,-3.72,9.72,183.69,CENTER,HIGH,GREEN,NO,SLIPPERY,CLEAR,STRAIGHT,CHANGE_LANE_RIGHT
16.64,-0.29,-15.12,122.25,CENTER,LOW,YELLOW,NO,SLIPPERY,CLEAR,STRAIGHT,MAINTAIN_SPEED
137.95,2.01,16.84,185.79,CENTER,HIGH,RED,NO,WET,RAIN,STRAIGHT,STOP
29.26,-3.54,-14.92,120.04,CENTER,LOW,YELLOW,NO,DRY,CLEAR,LEFT,TURN_LEFT
122.78,2.23,-6.77,68.45,CENTER,MEDIUM,RED,NO,DRY,CLEAR,STRAIGHT,STOP
79.0,-2.0,-6.5,109.22,LEFT,LOW,YELLOW,NO,DRY,CLEAR,STRAIGHT,BRAKE
47.13,-0.45,9.36,143.9,CENTER,MEDIUM,YELLOW,NO,WET,CLEAR,RIGHT,TURN_RIGHT
74.65,-3.57,7.35,169.44,LEFT,MEDIUM,GREEN,NO,DRY,FOG,RIGHT,MAINTAIN_SPEED
128.99,2.65,-2.07,122.82,CENTER,MEDIUM,RED,NO,DRY,CLEAR,STRAIGHT,STOP
74.4,-0.0,-6.28,30.87,CENTER,HIGH,YELLOW,NO,DRY,CLEAR,STRAIGHT,BRAKE
55.16,3.37,-15.26,71.32,CENTER,HIGH,GREEN,NO,DRY,CLEAR,STRAIGHT,CHANGE_LANE_LEFT
48.81,3.25,12.4,116.51,CENTER,MEDIUM,GREEN,YES,DRY,CLEAR,STRAIGHT,MAINTAIN_SPEED
3.72,0.91,-1.08,199.51,CENTER,MEDIUM,GREEN,YES,DRY,CLEAR,STRAIGHT,ACCELERATE
113.04,-2.92,-14.54,122.41,CENTER,MEDIUM,GREEN,NO,DRY,CLEAR,STRAIGHT,MAINTAIN_SPEED
84.81,3.21,-8.52,100.81,LEFT,HIGH,GREEN,NO,DRY,RAIN,LEFT,TURN_LEFT
36.83,-4.0,18.68,77.4,LEFT,LOW,RED,NO,SLIPPERY,FOG,LEFT,BRAKE
146.66,-4.21,20.21,138.09,LEFT,HIGH,NONE,NO,WET,CLEAR,STRAIGHT,CHANGE_LANE_RIGHT
89.57,0.46,27.71,62.41,CENTER,MEDIUM,GREEN,NO,DRY,CLEAR,STRAIGHT,MAINTAIN_SPEED
56.1,3.57,15.3,74.17,CENTER,HIGH,YELLOW,NO,WET,RAIN,RIGHT,BRAKE
80.89,0.24,-2.42,87.12,RIGHT,LOW,GREEN,NO,DRY,CLEAR,STRAIGHT,MAINTAIN_SPEED
136.12,4.96,-9.56,151.86,RIGHT,MEDIUM,GREEN,YES,WET,CLEAR,STRAIGHT,MAINTAIN_SPEED
142.46,-4.17,-11.79,37.13,CENTER,LOW,NONE,NO,DRY,CLEAR,STRAIGHT,MAINTAIN_SPEED
105.51,-1.84,-3.52,79.68,LEFT,HIGH,GREEN,YES,WET,CLEAR,STRAIGHT,MAINTAIN_SPEED
2.01,2.69,-23.23,185.76,CENTER,MEDIUM,YELLOW,NO,DRY,CLEAR,STRAIGHT,MAINTAIN_SPEED
133.04,-2.07,5.47,20.91,CENTER,LOW,RED,NO,DRY,CLEAR,STRAIGHT,STOP
7.71,-3.3,-41.54,76.93,CENTER,MEDIUM,NONE,NO,DRY,CLEAR,STRAIGHT,ACCELERATE
0.63,1.49,12.39,126.79,CENTER,MEDIUM,NONE,NO,DRY,RAIN,STRAIGHT,ACCELERATE
109.03,1.3,12.53,196.64,CENTER,MEDIUM,RED,NO,DRY,CLEAR,STRAIGHT,STOP
39.39,-2.71,5.49,153.48,CENTER,HIGH,RED,NO,SLIPPERY,CLEAR,STRAIGHT,BRAKE
26.2,4.15,6.1,93.97,CENTER,MEDIUM,NONE,NO,DRY,RAIN,RIGHT,MAINTAIN_SPEED
1.94,-0.15,15.48,111.46,CENTER,MEDIUM,GREEN,NO,WET,RAIN,LEFT,TURN_LEFT
99.33,-0.67,11.39,142.5,CENTER,MEDIUM,RED,NO,DRY,CLEAR,STRAIGHT,STOP
144.29,-2.7,-13.76,81.53,CENTER,MEDIUM,NONE,YES,DRY,CLEAR,STRAIGHT,MAINTAIN_SPEED
117.21,-0.11,-8.59,138.36,RIGHT,MEDIUM,YELLOW,NO,DRY,RAIN,STRAIGHT,BRAKE
113.16,0.52,-11.96,113.49,RIGHT,MEDIUM,GREEN,NO,DRY,CLEAR,STRAIGHT,MAINTAIN_SPEED
52.18,1.17,0.08,160.6,CENTER,MEDIUM,RED,NO,DRY,CLEAR,RIGHT,BRAKE
3.79,-0.58,-2.07,195.18,CENTER,LOW,GREEN,NO,DRY,CLEAR,STRAIGHT,CHANGE_LANE_RIGHT
54.73,-1.8,7.44,151.44,CENTER,MEDIUM,NONE,NO,SLIPPERY,CLEAR,LEFT,BRAKE
96.46,-0.49,-10.95,181.13,CENTER,HIGH,NONE,NO,DRY,CLEAR,STRAIGHT,CHANGE_LANE_LEFT
146.54,-4.44,18.36,128.03,CENTER,LOW,GREEN,NO,DRY,CLEAR,LEFT,TURN_LEFT
88.68,0.87,-0.04,161.86,LEFT,HIGH,NONE,NO,DRY,CLEAR,RIGHT,MAINTAIN_SPEED
4.77,-0.38,-5.36,115.6,CENTER,LOW,GREEN,NO,DRY,CLEAR,RIGHT,ACCELERATE
137.6,-5.99,10.37,48.69,CENTER,LOW,NONE,NO,DRY,CLEAR,STRAIGHT,MAINTAIN_SPEED
101.17,-2.04,2.01,31.25,RIGHT,LOW,GREEN,YES,DRY,CLEAR,STRAIGHT,BRAKE
78.23,-1.65,-6.12,29.75,LEFT,MEDIUM,GREEN,NO,DRY,RAIN,STRAIGHT,MAINTAIN_SPEED
18.06,-1.09,-4.16,144.18,LEFT,MEDIUM,RED,NO,DRY,CLEAR,LEFT,BRAKE
33.68,3.34,-8.86,171.12,CENTER,MEDIUM,GREEN,YES,WET,CLEAR,RIGHT,TURN_RIGHT
74.0,0.63,11.3,145.97,CENTER,MEDIUM,YELLOW,NO,DRY,CLEAR,RIGHT,BRAKE
79.21,6.7,-20.01,188.72,CENTER,MEDIUM,YELLOW,YES,DRY,CLEAR,STRAIGHT,BRAKE
108.67,-1.34,8.5,190.05,CENTER,HIGH,GREEN,NO,DRY,FOG,LEFT,TURN_LEFT
145.3,5.1,-13.02,129.67,LEFT,MEDIUM,GREEN,NO,DRY,RAIN,STRAIGHT,MAINTAIN_SPEED
15.14,-2.92,26.24,86.87,CENTER,LOW,GREEN,NO,WET,CLEAR,LEFT,TURN_LEFT
122.97,1.74,-10.18,186.37,CENTER,MEDIUM,GREEN,NO,WET,CLEAR,LEFT,TURN_LEFT
149.37,0.6,-11.2,57.22,RIGHT,HIGH,GREEN,NO,DRY,CLEAR,LEFT,TURN_LEFT
60.9,1.49,-4.53,191.66,CENTER,LOW,RED,NO,WET,CLEAR,STRAIGHT,STOP
27.86,-4.13,8.5,110.84,CENTER,MEDIUM,GREEN,YES,DRY,CLEAR,STRAIGHT,MAINTAIN_SPEED
41.97,-1.53,-0.55,151.52,RIGHT,HIGH,GREEN,NO,DRY,RAIN,LEFT,ACCELERATE
73.17,0.27,-21.91,169.55,LEFT,MEDIUM,NONE,NO,DRY,CLEAR,LEFT,TURN_LEFT
37.61,2.33,-3.71,61.09,CENTER,HIGH,YELLOW,YES,DRY,CLEAR,STRAIGHT,CHANGE_LANE_LEFT
98.93,0.25,1.3,116.09,CENTER,HIGH,GREEN,NO,WET,RAIN,STRAIGHT,CHANGE_LANE_RIGHT
133.76,-3.4,3.03,121.59,CENTER,MEDIUM,GREEN,YES,DRY,RAIN,STRAIGHT,MAINTAIN_SPEED
43.79,-1.91,-8.16,51.52,CENTER,MEDIUM,RED,NO,WET,RAIN,STRAIGHT,BRAKE
16.15,6.75,-6.05,139.28,RIGHT,LOW,GREEN,NO,DRY,CLEAR,LEFT,ACCELERATE
56.33,-3.14,-3.36,48.89,LEFT,LOW,RED,NO,DRY,CLEAR,STRAIGHT,STOP
60.55,1.61,20.04,138.31,CENTER,LOW,NONE,NO,DRY,CLEAR,LEFT,TURN_LEFT
57.23,0.14,6.62,193.45,LEFT,LOW,RED,NO,WET,RAIN,RIGHT,STOP
67.31,-0.11,8.54,182.09,CENTER,MEDIUM,GREEN,NO,DRY,CLEAR,LEFT,TURN_LEFT
1.3,-3.32,8.63,170.41,RIGHT,MEDIUM,YELLOW,NO,DRY,CLEAR,STRAIGHT,ACCELERATE
58.47,0.14,6.13,52.31,CENTER,MEDIUM,YELLOW,YES,DRY,CLEAR,STRAIGHT,BRAKE
75.05,1.32,-0.04,13.87,RIGHT,LOW,GREEN,YES,WET,CLEAR,RIGHT,BRAKE
123.12,1.95,-14.7,72.82,RIGHT,HIGH,YELLOW,NO,DRY,CLEAR,LEFT,BRAKE
33.81,5.63,-30.35,155.2,LEFT,HIGH,GREEN,NO,DRY,RAIN,STRAIGHT,MAINTAIN_SPEED
98.33,-1.94,12.39,184.35,CENTER,LOW,GREEN,NO,DRY,CLEAR,STRAIGHT,MAINTAIN_SPEED
47.83,-3.42,17.81,127.53,RIGHT,LOW,GREEN,NO,DRY,CLEAR,STRAIGHT,MAINTAIN_SPEED
30.7,1.45,13.55,10.07,LEFT,HIGH,GREEN,YES,WET,CLEAR,STRAIGHT,BRAKE
74.9,1.48,-0.42,59.69,CENTER,LOW,GREEN,NO,SLIPPERY,CLEAR,LEFT,BRAKE
46.3,1.62,10.91,49.73,CENTER,MEDIUM,RED,NO,WET,CLEAR,LEFT,BRAKE
111.69,-0.4,16.0,68.44,CENTER,MEDIUM,RED,NO,DRY,CLEAR,STRAIGHT,STOP
26.95,-1.24,12.6,20.62,RIGHT,LOW,GREEN,YES,WET,RAIN,STRAIGHT,BRAKE
42.16,-0.65,19.75,120.48,CENTER,HIGH,NONE,NO,DRY,CLEAR,STRAIGHT,CHANGE_LANE_RIGHT
55.43,-0.49,14.33,90.46,CENTER,LOW,GREEN,NO,WET,CLEAR,STRAIGHT,MAINTAIN_SPEED
45.57,-0.54,3.14,195.91,LEFT,LOW,GREEN,NO,DRY,CLEAR,RIGHT,MAINTAIN_SPEED
95.26,0.58,2.56,145.57,LEFT,LOW,GREEN,NO,DRY,CLEAR,RIGHT,MAINTAIN_SPEED
131.89,1.45,-16.19,150.77,CENTER,LOW,NONE,NO,WET,CLEAR,STRAIGHT,MAINTAIN_SPEED
2.24,-4.11,-8.74,67.76,CENTER,MEDIUM,GREEN,NO,WET,CLEAR,STRAIGHT,ACCELERATE
61.9,-3.3,-10.99,4.74,CENTER,MEDIUM,NONE,NO,DRY,RAIN,STRAIGHT,MAINTAIN_SPEED
138.64,-0.48,-5.59,45.7,LEFT,MEDIUM,NONE,NO,WET,CLEAR,LEFT,MAINTAIN_SPEED
26.25,1.87,17.11,104.06,CENTER,LOW,NONE,NO,WET,CLEAR,RIGHT,TURN_RIGHT
74.54,1.14,-9.98,31.69,CENTER,HIGH,GREEN,YES,SLIPPERY,CLEAR,STRAIGHT,BRAKE
115.65,-3.01,-10.24,131.04,CENTER,LOW,NONE,NO,DRY,CLEAR,STRAIGHT,MAINTAIN_SPEED
129.1,0.59,-8.3,188.68,CENTER,MEDIUM,GREEN,YES,DRY,CLEAR,STRAIGHT,MAINTAIN_SPEED
45.3,0.19,7.9,26.52,CENTER,HIGH,RED,NO,WET,CLEAR,STRAIGHT,BRAKE
102.2,6.92,-18.83,3.56,RIGHT,LOW,RED,NO,SLIPPERY,CLEAR,STRAIGHT,STOP
101.39,-4.11,3.41,10.73,CENTER,MEDIUM,GREEN,NO,WET,CLEAR,LEFT,BRAKE
84.11,0.0,1.67,23.33,RIGHT,HIGH,NONE,NO,DRY,CLEAR,STRAIGHT,MAINTAIN_SPEED
28.42,1.42,-10.52,19.6,CENTER,LOW,GREEN,NO,DRY,CLEAR,STRAIGHT,MAINTAIN_SPEED
13.32,1.99,13.28,50.14,CENTER,HIGH,RED,NO,DRY,CLEAR,RIGHT,BRAKE
102.37,-0.22,-3.13,130.97,CENTER,MEDIUM,GREEN,NO,DRY,CLEAR,STRAIGHT,MAINTAIN_SPEED
53.77,-0.32,-8.72,2.55,CENTER,MEDIUM,GREEN,NO,DRY,CLEAR,LEFT,TURN_LEFT
107.66,1.81,17.85,148.44,CENTER,MEDIUM,RED,YES,DRY,CLEAR,LEFT,STOP
41.27,0.44,11.69,73.18,CENTER,LOW,RED,NO,DRY,CLEAR,LEFT,BRAKE
58.34,1.0,9.69,158.46,RIGHT,HIGH,GREEN,NO,DRY,RAIN,STRAIGHT,MAINTAIN_SPEED
137.11,3.12,-7.01,15.16,CENTER,LOW,GREEN,NO,DRY,RAIN,STRAIGHT,BRAKE
127.77,-2.63,-9.15,39.2,LEFT,MEDIUM,GREEN,YES,SLIPPERY,CLEAR,RIGHT,BRAKE
143.32,-1.89,6.76,178.29,RIGHT,MEDIUM,RED,NO,WET,RAIN,STRAIGHT,STOP
99.86,0.86,-10.41,197.5,CENTER,MEDIUM,GREEN,NO,WET,CLEAR,STRAIGHT,MAINTAIN_SPEED
105.48,0.34,4.67,98.73,CENTER,HIGH,GREEN,NO,DRY,CLEAR,RIGHT,CHANGE_LANE_RIGHT
121.09,0.33,-7.34,116.92,CENTER,LOW,YELLOW,NO,DRY,RAIN,STRAIGHT,BRAKE
83.34,0.2,13.81,186.39,CENTER,HIGH,GREEN,NO,WET,FOG,STRAIGHT,CHANGE_LANE_RIGHT
58.74,-3.38,-4.96,113.8,CENTER,HIGH,YELLOW,NO,DRY,RAIN,STRAIGHT,BRAKE
72.79,1.04,-13.13,142.47,RIGHT,MEDIUM,YELLOW,NO,DRY,CLEAR,LEFT,BRAKE
74.71,3.45,6.89,5.87,LEFT,LOW,GREEN,NO,DRY,CLEAR,STRAIGHT,TURN_RIGHT
92.14,0.49,-5.75,153.16,CENTER,MEDIUM,GREEN,YES,DRY,CLEAR,RIGHT,MAINTAIN_SPEED
85.17,0.54,13.44,12.73,CENTER,HIGH,GREEN,NO,DRY,CLEAR,STRAIGHT,MAINTAIN_SPEED
30.15,-1.24,-12.52,130.14,CENTER,MEDIUM,RED,YES,DRY,CLEAR,RIGHT,BRAKE
12.53,-0.51,-6.1,35.96,LEFT,MEDIUM,YELLOW,NO,DRY,CLEAR,LEFT,MAINTAIN_SPEED
91.63,-0.2,-0.12,58.0,CENTER,LOW,NONE,NO,SLIPPERY,RAIN,STRAIGHT,BRAKE
57.16,-2.24,-14.88,109.87,LEFT,HIGH,RED,YES,DRY,CLEAR,RIGHT,STOP
29.64,-4.09,-2.16,106.36,LEFT,MEDIUM,GREEN,NO,DRY,CLEAR,LEFT,MAINTAIN_SPEED
129.32,-0.13,-4.26,94.65,CENTER,LOW,GREEN,NO,WET,CLEAR,STRAIGHT,MAINTAIN_SPEED
65.07,-2.04,2.54,194.88,LEFT,HIGH,GREEN,NO,DRY,CLEAR,STRAIGHT,MAINTAIN_SPEED
95.46,-0.2,-17.83,190.12,CENTER,HIGH,NONE,NO,DRY,CLEAR,LEFT,TURN_LEFT
7.84,-1.87,-18.2,155.47,CENTER,MEDIUM,RED,YES,WET,CLEAR,LEFT,BRAKE
61.11,-1.08,-6.92,14.18,CENTER,MEDIUM,NONE,NO,WET,CLEAR,STRAIGHT,MAINTAIN_SPEED
65.05,-1.47,-5.39,23.67,CENTER,MEDIUM,RED,NO,WET,CLEAR,STRAIGHT,STOP
116.33,0.44,7.59,185.22,CENTER,LOW,GREEN,NO,WET,CLEAR,STRAIGHT,MAINTAIN_SPEED
79.92,-1.32,-5.59,185.78,LEFT,HIGH,NONE,NO,DRY,RAIN,RIGHT,MAINTAIN_SPEED
77.79,1.67,5.22,126.54,CENTER,LOW,NONE,NO,SLIPPERY,CLEAR,STRAIGHT,BRAKE
60.1,2.08,7.03,155.19,CENTER,LOW,RED,NO,DRY,CLEAR,STRAIGHT,STOP
102.58,3.98,-18.24,29.5,CENTER,LOW,GREEN,NO,DRY,RAIN,STRAIGHT,BRAKE
70.88,-1.58,-2.91,146.73,CENTER,HIGH,GREEN,NO,DRY,CLEAR,RIGHT,CHANGE_LANE_LEFT
115.18,-3.05,21.87,176.19,LEFT,MEDIUM,GREEN,NO,DRY,FOG,LEFT,TURN_LEFT
66.11,0.69,-12.69,100.33,CENTER,LOW,RED,NO,DRY,CLEAR,STRAIGHT,STOP
95.16,0.41,10.26,193.86,RIGHT,MEDIUM,GREEN,NO,WET,RAIN,RIGHT,TURN_RIGHT
48.18,-3.93,-13.84,54.54,CENTER,MEDIUM,GREEN,NO,DRY,CLEAR,STRAIGHT,MAINTAIN_SPEED
113.9,1.82,15.51,28.14,CENTER,HIGH,GREEN,NO,DRY,CLEAR,STRAIGHT,BRAKE
15.39,-2.78,-13.24,59.98,CENTER,HIGH,GREEN,NO,WET,CLEAR,STRAIGHT,CHANGE_LANE_LEFT
124.66,-2.02,-8.22,140.18,CENTER,HIGH,NONE,NO,SLIPPERY,RAIN,STRAIGHT,BRAKE
33.67,-0.51,-9.41,95.02,CENTER,HIGH,NONE,NO,DRY,CLEAR,LEFT,TURN_LEFT
84.2,2.59,17.37,129.82,CENTER,HIGH,GREEN,NO,DRY,CLEAR,STRAIGHT,CHANGE_LANE_RIGHT
114.98,0.74,6.78,36.34,CENTER,LOW,YELLOW,NO,SLIPPERY,CLEAR,STRAIGHT,BRAKE
134.48,-0.29,-10.24,142.46,RIGHT,LOW,GREEN,NO,DRY,RAIN,STRAIGHT,MAINTAIN_SPEED
118.45,1.47,-6.49,155.03,CENTER,MEDIUM,NONE,NO,DRY,CLEAR,STRAIGHT,MAINTAIN_SPEED
26.83,0.47,14.21,168.25,CENTER,HIGH,NONE,NO,DRY,CLEAR,RIGHT,TURN_RIGHT
44.12,-2.95,13.6,160.54,CENTER,LOW,GREEN,NO,DRY,CLEAR,STRAIGHT,MAINTAIN_SPEED
71.48,2.8,-5.29,94.07,CENTER,LOW,YELLOW,NO,WET,RAIN,STRAIGHT,BRAKE
26.31,0.61,-16.84,105.57,RIGHT,LOW,GREEN,NO,DRY,FOG,RIGHT,TURN_RIGHT
37.43,-3.32,7.09,110.92,CENTER,LOW,GREEN,NO,SLIPPERY,CLEAR,STRAIGHT,MAINTAIN_SPEED
105.4,-1.79,10.59,149.37,CENTER,LOW,GREEN,NO,DRY,CLEAR,STRAIGHT,MAINTAIN_SPEED
97.35,-3.7,-5.92,123.02,CENTER,HIGH,RED,NO,DRY,CLEAR,STRAIGHT,STOP
106.72,-2.11,-13.26,155.54,CENTER,LOW,GREEN,NO,SLIPPERY,CLEAR,STRAIGHT,BRAKE
75.97,1.11,7.82,122.11,CENTER,HIGH,GREEN,NO,DRY,CLEAR,STRAIGHT,CHANGE_LANE_RIGHT
114.36,-0.63,-22.55,110.07,CENTER,LOW,RED,NO,SLIPPERY,CLEAR,STRAIGHT,STOP
39.22,2.72,12.15,48.06,CENTER,LOW,GREEN,YES,WET,RAIN,RIGHT,TURN_RIGHT
34.47,-0.58,40.64,76.72,LEFT,LOW,YELLOW,NO,DRY,CLEAR,RIGHT,TURN_RIGHT
114.18,0.72,17.97,34.05,CENTER,MEDIUM,GREEN,NO,DRY,CLEAR,STRAIGHT,BRAKE
139.37,1.34,25.06,132.09,CENTER,HIGH,NONE,NO,DRY,RAIN,STRAIGHT,CHANGE_LANE_RIGHT
97.93,4.6,14.35,60.54,LEFT,MEDIUM,NONE,NO,DRY,CLEAR,LEFT,TURN_LEFT
75.8,-0.93,25.82,76.62,RIGHT,MEDIUM,NONE,NO,DRY,FOG,RIGHT,TURN_RIGHT
122.83,1.8,19.72,77.92,RIGHT,MEDIUM,GREEN,NO,SLIPPERY,FOG,STRAIGHT,BRAKE
148.15,2.82,-6.98,192.71,CENTER,MEDIUM,RED,NO,SLIPPERY,CLEAR,STRAIGHT,STOP
132.92,1.31,5.96,122.4,CENTER,MEDIUM,YELLOW,NO,DRY,CLEAR,STRAIGHT,BRAKE
20.93,-2.81,-14.69,25.36,RIGHT,LOW,NONE,NO,WET,CLEAR,STRAIGHT,MAINTAIN_SPEED
124.2,-2.99,-2.93,109.52,RIGHT,HIGH,RED,NO,SLIPPERY,RAIN,STRAIGHT,STOP
97.12,-4.68,-0.82,113.98,RIGHT,MEDIUM,GREEN,NO,DRY,CLEAR,STRAIGHT,MAINTAIN_SPEED
102.93,-3.32,7.2,193.09,CENTER,LOW,GREEN,YES,WET,CLEAR,RIGHT,MAINTAIN_SPEED
39.48,2.33,-6.38,172.91,RIGHT,MEDIUM,GREEN,NO,WET,FOG,STRAIGHT,MAINTAIN_SPEED
42.81,4.6,-4.27,177.52,CENTER,MEDIUM,YELLOW,YES,DRY,RAIN,STRAIGHT,MAINTAIN_SPEED
110.87,2.82,0.35,187.31,LEFT,MEDIUM,GREEN,NO,DRY,CLEAR,STRAIGHT,MAINTAIN_SPEED
64.74,-1.39,-1.87,192.89,LEFT,HIGH,GREEN,NO,DRY,CLEAR,STRAIGHT,MAINTAIN_SPEED
112.95,1.77,6.77,40.31,CENTER,LOW,NONE,NO,DRY,RAIN,STRAIGHT,MAINTAIN_SPEED
35.6,-0.58,-6.6,163.58,LEFT,MEDIUM,YELLOW,NO,WET,CLEAR,LEFT,MAINTAIN_SPEED
130.13,0.77,2.64,91.12,CENTER,MEDIUM,GREEN,NO,DRY,CLEAR,LEFT,MAINTAIN_SPEED
24.87,-2.85,4.57,134.44,RIGHT,MEDIUM,GREEN,YES,SLIPPERY,CLEAR,STRAIGHT,MAINTAIN_SPEED
12.7,-1.31,-17.07,57.97,LEFT,HIGH,GREEN,NO,WET,RAIN,STRAIGHT,ACCELERATE
49.03,1.79,-11.94,7.08,LEFT,MEDIUM,RED,YES,DRY,CLEAR,STRAIGHT,STOP
34.55,0.02,14.22,9.0,RIGHT,HIGH,YELLOW,NO,DRY,CLEAR,STRAIGHT,BRAKE
124.15,2.74,0.95,176.97,CENTER,HIGH,RED,NO,WET,FOG,STRAIGHT,STOP
63.81,-2.22,12.55,120.75,CENTER,LOW,GREEN,NO,DRY,CLEAR,RIGHT,TURN_RIGHT
33.1,3.46,5.2,25.22,CENTER,MEDIUM,GREEN,NO,DRY,CLEAR,STRAIGHT,MAINTAIN_SPEED
110.32,5.69,-3.03,37.32,LEFT,LOW,GREEN,NO,WET,CLEAR,STRAIGHT,MAINTAIN_SPEED
46.86,2.83,-8.33,20.13,RIGHT,MEDIUM,GREEN,NO,DRY,CLEAR,STRAIGHT,MAINTAIN_SPEED
14.48,2.13,-3.1,144.08,CENTER,MEDIUM,RED,NO,DRY,RAIN,LEFT,BRAKE
65.83,0.13,-26.99,29.16,CENTER,LOW,GREEN,NO,WET,CLEAR,STRAIGHT,MAINTAIN_SPEED
37.53,0.7,-12.75,156.54,CENTER,LOW,GREEN,YES,DRY,CLEAR,STRAIGHT,MAINTAIN_SPEED
84.1,0.21,-8.22,58.79,LEFT,LOW,GREEN,NO,DRY,CLEAR,STRAIGHT,MAINTAIN_SPEED
143.76,-2.14,-7.51,71.9,LEFT,LOW,GREEN,NO,DRY,CLEAR,STRAIGHT,MAINTAIN_SPEED
129.41,2.14,-5.94,186.44,CENTER,LOW,NONE,NO,DRY,CLEAR,STRAIGHT,MAINTAIN_SPEED
109.39,0.04,-16.14,129.15,CENTER,HIGH,NONE,NO,WET,CLEAR,STRAIGHT,CHANGE_LANE_LEFT
1.62,2.77,3.54,118.06,CENTER,LOW,RED,NO,DRY,CLEAR,LEFT,BRAKE
52.71,-2.69,-0.81,172.24,LEFT,LOW,GREEN,YES,WET,FOG,STRAIGHT,MAINTAIN_SPEED
61.96,-0.78,20.05,9.02,CENTER,MEDIUM,GREEN,NO,DRY,CLEAR,STRAIGHT,MAINTAIN_SPEED
104.5,0.7,18.61,13.34,CENTER,HIGH,RED,NO,DRY,CLEAR,STRAIGHT,STOP
77.81,0.56,15.05,23.22,RIGHT,MEDIUM,NONE,NO,DRY,FOG,STRAIGHT,BRAKE
94.73,1.97,16.39,87.95,LEFT,HIGH,RED,YES,WET,CLEAR,STRAIGHT,STOP
97.31,-2.25,5.64,107.63,CENTER,LOW,RED,NO,DRY,CLEAR,STRAIGHT,STOP
105.39,-1.05,-17.14,136.6,RIGHT,MEDIUM,RED,NO,WET,CLEAR,STRAIGHT,STOP
92.15,-1.33,-9.85,75.74,CENTER,LOW,YELLOW,YES,WET,CLEAR,RIGHT,BRAKE
115.31,0.33,-15.64,188.53,CENTER,LOW,GREEN,YES,DRY,CLEAR,RIGHT,TURN_RIGHT
11.12,0.64,0.73,8.95,CENTER,HIGH,GREEN,NO,DRY,CLEAR,LEFT,MAINTAIN_SPEED
48.19,-0.54,-4.11,12.02,CENTER,LOW,GREEN,NO,DRY,CLEAR,RIGHT,MAINTAIN_SPEED
55.09,-1.51,-14.97,46.15,LEFT,HIGH,RED,NO,DRY,CLEAR,STRAIGHT,STOP
110.15,-1.07,-13.13,163.55,CENTER,MEDIUM,GREEN,YES,DRY,CLEAR,STRAIGHT,MAINTAIN_SPEED
128.57,-0.75,-13.59,125.51,CENTER,LOW,GREEN,NO,DRY,FOG,RIGHT,TURN_RIGHT
110.5,0.78,5.91,7.58,LEFT,MEDIUM,GREEN,YES,SLIPPERY,CLEAR,STRAIGHT,STOP
78.0,-2.49,-23.69,177.35,CENTER,MEDIUM,RED,NO,DRY,CLEAR,RIGHT,STOP
18.46,0.16,-10.51,197.24,CENTER,LOW,GREEN,NO,DRY,RAIN,STRAIGHT,MAINTAIN_SPEED
118.78,-1.27,3.44,154.65,CENTER,MEDIUM,RED,YES,WET,CLEAR,STRAIGHT,STOP
24.62,1.68,11.66,168.74,LEFT,MEDIUM,NONE,NO,DRY,CLEAR,STRAIGHT,MAINTAIN_SPEED
97.91,-0.32,-12.72,116.14,LEFT,MEDIUM,GREEN,NO,SLIPPERY,CLEAR,STRAIGHT,BRAKE
81.58,3.27,2.93,32.37,CENTER,MEDIUM,GREEN,NO,DRY,RAIN,RIGHT,MAINTAIN_SPEED
135.29,-0.92,-7.26,68.16,CENTER,MEDIUM,GREEN,NO,WET,CLEAR,STRAIGHT,MAINTAIN_SPEED
145.83,-0.81,30.88,24.31,CENTER,MEDIUM,YELLOW,NO,DRY,CLEAR,STRAIGHT,BRAKE
71.41,1.81,-20.88,170.07,LEFT,LOW,NONE,NO,DRY,CLEAR,STRAIGHT,MAINTAIN_SPEED
0.56,-3.43,1.3,47.72,CENTER,HIGH,RED,NO,DRY,CLEAR,STRAIGHT,BRAKE
51.82,-2.89,8.51,164.81,CENTER,LOW,NONE,NO,DRY,CLEAR,STRAIGHT,MAINTAIN_SPEED
21.22,-2.87,-1.01,155.13,CENTER,HIGH,NONE,NO,DRY,CLEAR,STRAIGHT,CHANGE_LANE_LEFT
27.22,-1.9,19.47,69.11,RIGHT,MEDIUM,GREEN,NO,DRY,CLEAR,STRAIGHT,MAINTAIN_SPEED
98.25,0.35,-18.02,154.86,CENTER,LOW,GREEN,NO,DRY,CLEAR,RIGHT,TURN_RIGHT
100.43,-0.29,-4.24,155.78,LEFT,LOW,GREEN,NO,DRY,CLEAR,STRAIGHT,MAINTAIN_SPEED
130.17,-2.86,13.0,168.65,LEFT,LOW,GREEN,NO,DRY,RAIN,STRAIGHT,MAINTAIN_SPEED
46.02,-2.2,9.07,107.08,RIGHT,HIGH,GREEN,NO,DRY,CLEAR,STRAIGHT,MAINTAIN_SPEED
78.05,1.97,10.32,131.03,CENTER,LOW,RED,NO,WET,RAIN,STRAIGHT,STOP
86.61,5.2,-11.22,110.48,CENTER,LOW,RED,YES,DRY,CLEAR,LEFT,STOP
128.7,0.04,-20.14,25.4,RIGHT,HIGH,NONE,NO,DRY,CLEAR,STRAIGHT,BRAKE
148.97,-0.67,-2.18,180.77,CENTER,LOW,GREEN,NO,WET,CLEAR,LEFT,MAINTAIN_SPEED
100.32,1.12,-17.88,70.61,CENTER,MEDIUM,GREEN,NO,DRY,CLEAR,RIGHT,TURN_RIGHT
88.52,-0.16,-1.52,46.1,CENTER,MEDIUM,GREEN,NO,DRY,CLEAR,STRAIGHT,MAINTAIN_SPEED
54.25,-1.49,9.48,106.95,CENTER,MEDIUM,GREEN,YES,DRY,CLEAR,LEFT,TURN_LEFT
107.43,-0.03,-5.35,36.84,CENTER,MEDIUM,GREEN,NO,DRY,CLEAR,LEFT,MAINTAIN_SPEED
105.41,3.33,7.54,135.36,CENTER,MEDIUM,YELLOW,NO,SLIPPERY,CLEAR,RIGHT,BRAKE
72.93,1.39,4.28,48.98,LEFT,MEDIUM,GREEN,NO,WET,CLEAR,LEFT,MAINTAIN_SPEED
70.51,2.87,-5.86,27.1,CENTER,MEDIUM,GREEN,NO,WET,CLEAR,RIGHT,MAINTAIN_SPEED
2.37,0.53,9.86,127.78,CENTER,MEDIUM,GREEN,NO,DRY,CLEAR,STRAIGHT,ACCELERATE
37.72,-2.29,5.7,49.34,CENTER,LOW,GREEN,NO,DRY,FOG,RIGHT,MAINTAIN_SPEED
120.79,2.99,13.48,71.59,CENTER,LOW,YELLOW,YES,DRY,CLEAR,STRAIGHT,BRAKE
56.53,-2.81,-8.72,11.62,CENTER,MEDIUM,NONE,NO,SLIPPERY,CLEAR,STRAIGHT,BRAKE
16.13,1.07,1.37,98.33,LEFT,MEDIUM,GREEN,YES,DRY,CLEAR,STRAIGHT,ACCELERATE
142.78,3.11,13.86,92.5,CENTER,LOW,GREEN,NO,WET,CLEAR,STRAIGHT,MAINTAIN_SPEED
127.7,2.11,-1.65,197.11,RIGHT,HIGH,GREEN,NO,DRY,RAIN,LEFT,MAINTAIN_SPEED
112.72,-3.04,-18.46,79.67,CENTER,MEDIUM,NONE,NO,DRY,CLEAR,LEFT,TURN_LEFT
96.48,-0.18,-13.43,108.91,CENTER,LOW,YELLOW,NO,DRY,CLEAR,STRAIGHT,BRAKE
65.74,2.04,23.54,18.4,RIGHT,HIGH,GREEN,NO,DRY,RAIN,STRAIGHT,MAINTAIN_SPEED
26.7,-0.11,-16.52,52.14,LEFT,MEDIUM,GREEN,NO,DRY,RAIN,STRAIGHT,MAINTAIN_SPEED
48.2,4.64,-9.51,16.64,CENTER,LOW,NONE,NO,DRY,CLEAR,STRAIGHT,MAINTAIN_SPEED
45.1,-3.95,-10.8,187.73,CENTER,HIGH,YELLOW,NO,DRY,CLEAR,LEFT,TURN_LEFT
60.73,4.78,-24.92,104.58,CENTER,LOW,NONE,YES,DRY,CLEAR,RIGHT,TURN_RIGHT
68.6,3.78,-7.73,178.95,LEFT,MEDIUM,RED,NO,SLIPPERY,CLEAR,STRAIGHT,STOP
67.43,1.98,1.87,131.94,CENTER,HIGH,GREEN,NO,DRY,CLEAR,LEFT,CHANGE_LANE_RIGHT
23.02,-2.26,11.68,102.1,CENTER,MEDIUM,GREEN,YES,WET,FOG,STRAIGHT,MAINTAIN_SPEED
105.3,-3.5,-1.8,108.77,CENTER,MEDIUM,RED,YES,DRY,FOG,STRAIGHT,STOP
136.31,-0.34,0.71,25.07,CENTER,MEDIUM,GREEN,NO,DRY,CLEAR,RIGHT,BRAKE
97.35,-2.16,-7.61,74.33,LEFT,MEDIUM,NONE,NO,SLIPPERY,CLEAR,STRAIGHT,BRAKE
131.5,-2.71,-8.48,177.46,CENTER,MEDIUM,YELLOW,YES,DRY,CLEAR,STRAIGHT,BRAKE
58.81,7.07,2.52,78.68,LEFT,HIGH,GREEN,YES,DRY,CLEAR,STRAIGHT,MAINTAIN_SPEED
96.78,-3.04,16.28,62.37,LEFT,MEDIUM,GREEN,NO,DRY,CLEAR,STRAIGHT,MAINTAIN_SPEED
107.89,0.48,-17.74,79.48,CENTER,LOW,NONE,NO,WET,CLEAR,LEFT,TURN_LEFT
130.69,0.68,-9.58,66.83,RIGHT,HIGH,GREEN,NO,WET,RAIN,LEFT,TURN_LEFT
96.29,-4.23,5.09,78.85,LEFT,MEDIUM,GREEN,NO,DRY,CLEAR,RIGHT,MAINTAIN_SPEED
78.66,4.12,26.23,169.35,CENTER,LOW,NONE,YES,DRY,CLEAR,LEFT,TURN_LEFT
12.17,3.2,14.11,56.75,CENTER,MEDIUM,NONE,NO,DRY,FOG,STRAIGHT,ACCELERATE
133.32,-1.25,0.91,62.22,RIGHT,HIGH,GREEN,NO,DRY,CLEAR,STRAIGHT,MAINTAIN_SPEED
17.38,-0.6,-3.33,18.96,CENTER,LOW,RED,YES,DRY,CLEAR,LEFT,BRAKE
112.71,0.15,-11.7,104.91,CENTER,MEDIUM,GREEN,NO,DRY,RAIN,STRAIGHT,MAINTAIN_SPEED
129.67,-1.72,-7.38,86.83,CENTER,HIGH,GREEN,NO,DRY,CLEAR,LEFT,CHANGE_LANE_LEFT
33.39,-0.24,0.82,175.41,CENTER,MEDIUM,NONE,YES,DRY,RAIN,RIGHT,MAINTAIN_SPEED
36.9,-3.72,2.12,135.43,CENTER,MEDIUM,NONE,NO,DRY,CLEAR,LEFT,MAINTAIN_SPEED
62.65,1.58,0.26,152.53,LEFT,LOW,NONE,NO,DRY,CLEAR,LEFT,MAINTAIN_SPEED
70.32,-4.45,11.94,144.84,LEFT,MEDIUM,YELLOW,YES,DRY,RAIN,STRAIGHT,BRAKE
20.71,-2.81,10.27,188.84,CENTER,MEDIUM,GREEN,YES,SLIPPERY,FOG,STRAIGHT,MAINTAIN_SPEED
30.29,-3.47,2.37,188.08,CENTER,MEDIUM,GREEN,NO,DRY,CLEAR,LEFT,MAINTAIN_SPEED
6.03,-2.84,-1.63,32.58,CENTER,HIGH,GREEN,NO,DRY,CLEAR,RIGHT,ACCELERATE
52.63,-0.88,36.7,97.68,CENTER,MEDIUM,NONE,NO,DRY,RAIN,STRAIGHT,MAINTAIN_SPEED
15.56,-5.08,3.34,37.76,CENTER,LOW,YELLOW,NO,DRY,CLEAR,LEFT,ACCELERATE
13.11,-4.59,-16.59,104.02,CENTER,MEDIUM,GREEN,NO,DRY,RAIN,LEFT,TURN_LEFT
22.93,-0.67,7.18,48.27,RIGHT,MEDIUM,GREEN,NO,DRY,CLEAR,RIGHT,MAINTAIN_SPEED
138.24,-5.39,-7.56,107.21,LEFT,MEDIUM,NONE,NO,SLIPPERY,CLEAR,STRAIGHT,BRAKE
134.91,-3.13,-6.05,4.41,LEFT,LOW,RED,NO,WET,CLEAR,LEFT,STOP
116.33,3.48,-10.14,77.56,LEFT,MEDIUM,GREEN,NO,DRY,CLEAR,LEFT,TURN_LEFT
10.78,0.02,17.96,76.18,LEFT,MEDIUM,GREEN,NO,DRY,CLEAR,RIGHT,TURN_RIGHT
79.15,1.81,3.74,119.16,CENTER,HIGH,NONE,NO,DRY,FOG,RIGHT,TURN_RIGHT
95.64,-0.54,-5.66,60.91,CENTER,LOW,YELLOW,YES,DRY,RAIN,RIGHT,BRAKE
39.02,-2.48,10.05,194.9,CENTER,MEDIUM,RED,YES,DRY,CLEAR,RIGHT,BRAKE
64.78,-4.64,16.54,34.27,CENTER,MEDIUM,GREEN,NO,DRY,RAIN,LEFT,TURN_LEFT
79.21,0.02,3.06,159.65,LEFT,HIGH,GREEN,YES,DRY,RAIN,LEFT,MAINTAIN_SPEED
17.45,3.31,11.96,147.15,CENTER,LOW,RED,NO,DRY,CLEAR,STRAIGHT,BRAKE
70.91,3.26,5.49,18.66,RIGHT,MEDIUM,GREEN,NO,DRY,RAIN,STRAIGHT,STOP
73.13,-4.49,-3.65,183.97,CENTER,MEDIUM,YELLOW,NO,WET,CLEAR,STRAIGHT,BRAKE
86.54,-1.2,-5.88,102.32,RIGHT,MEDIUM,RED,NO,DRY,CLEAR,STRAIGHT,STOP
76.93,-1.0,-12.13,42.12,CENTER,MEDIUM,NONE,NO,DRY,CLEAR,LEFT,BRAKE
98.39,1.34,-7.75,112.66,CENTER,MEDIUM,GREEN,NO,DRY,CLEAR,RIGHT,MAINTAIN_SPEED
48.42,-2.18,10.69,110.05,CENTER,HIGH,NONE,NO,DRY,CLEAR,STRAIGHT,CHANGE_LANE_RIGHT
94.28,-0.41,-11.15,83.06,LEFT,LOW,GREEN,NO,DRY,CLEAR,LEFT,TURN_LEFT
52.56,0.53,-7.64,71.66,RIGHT,MEDIUM,GREEN,NO,DRY,CLEAR,STRAIGHT,MAINTAIN_SPEED
63.35,-5.89,-4.69,94.85,LEFT,LOW,GREEN,NO,DRY,CLEAR,STRAIGHT,MAINTAIN_SPEED
75.64,0.92,1.73,174.51,CENTER,MEDIUM,GREEN,NO,SLIPPERY,CLEAR,LEFT,BRAKE
110.67,0.95,15.86,33.1,CENTER,HIGH,GREEN,NO,DRY,RAIN,LEFT,TURN_LEFT
18.97,1.62,7.25,159.28,CENTER,MEDIUM,GREEN,NO,WET,RAIN,LEFT,MAINTAIN_SPEED
140.95,-3.38,3.21,56.19,CENTER,MEDIUM,GREEN,NO,SLIPPERY,CLEAR,STRAIGHT,BRAKE
1.43,1.18,-5.75,98.97,CENTER,MEDIUM,GREEN,NO,DRY,RAIN,STRAIGHT,ACCELERATE
28.85,-0.86,2.39,152.64,LEFT,MEDIUM,YELLOW,NO,DRY,RAIN,RIGHT,MAINTAIN_SPEED
142.97,-2.32,6.95,140.91,LEFT,MEDIUM,RED,NO,DRY,RAIN,STRAIGHT,STOP
21.16,-1.32,-5.63,37.99,LEFT,MEDIUM,YELLOW,NO,SLIPPERY,CLEAR,STRAIGHT,MAINTAIN_SPEED
17.9,-2.25,-19.53,60.7,LEFT,MEDIUM,GREEN,NO,SLIPPERY,CLEAR,STRAIGHT,ACCELERATE
103.76,-0.06,2.66,108.9,CENTER,MEDIUM,GREEN,NO,DRY,RAIN,STRAIGHT,MAINTAIN_SPEED
51.77,-0.1,2.32,47.74,CENTER,MEDIUM,YELLOW,NO,DRY,RAIN,STRAIGHT,MAINTAIN_SPEED
44.26,-2.17,-2.31,194.68,LEFT,LOW,NONE,NO,DRY,CLEAR,RIGHT,MAINTAIN_SPEED
36.56,-3.52,6.31,198.86,CENTER,HIGH,GREEN,NO,WET,CLEAR,STRAIGHT,CHANGE_LANE_RIGHT
126.57,-0.45,25.8,69.94,CENTER,LOW,NONE,YES,DRY,CLEAR,RIGHT,TURN_RIGHT
35.07,1.38,-1.21,82.27,RIGHT,MEDIUM,GREEN,NO,DRY,CLEAR,STRAIGHT,MAINTAIN_SPEED
90.43,-0.39,-12.41,55.38,CENTER,LOW,GREEN,YES,DRY,CLEAR,STRAIGHT,MAINTAIN_SPEED
15.03,-3.15,-13.92,101.91,CENTER,LOW,GREEN,NO,WET,CLEAR,LEFT,TURN_LEFT
74.31,-0.06,11.69,127.08,RIGHT,LOW,GREEN,NO,SLIPPERY,CLEAR,STRAIGHT,BRAKE
95.36,4.29,6.87,184.3,RIGHT,LOW,GREEN,NO,DRY,CLEAR,STRAIGHT,MAINTAIN_SPEED
142.96,-2.78,10.32,106.95,LEFT,LOW,RED,NO,DRY,RAIN,RIGHT,STOP
111.46,0.23,14.01,104.08,LEFT,LOW,GREEN,YES,SLIPPERY,CLEAR,STRAIGHT,BRAKE
85.0,-0.74,-10.7,46.05,LEFT,MEDIUM,GREEN,NO,DRY,CLEAR,LEFT,TURN_LEFT
21.86,0.26,5.54,17.31,CENTER,MEDIUM,GREEN,NO,DRY,CLEAR,STRAIGHT,MAINTAIN_SPEED
39.79,-0.68,3.14,36.04,RIGHT,LOW,RED,NO,DRY,CLEAR,LEFT,BRAKE
97.55,2.87,15.63,138.12,CENTER,HIGH,NONE,NO,DRY,CLEAR,RIGHT,TURN_RIGHT
106.16,-2.72,-2.12,25.58,CENTER,MEDIUM,GREEN,NO,WET,CLEAR,STRAIGHT,BRAKE
117.88,2.0,-4.39,178.07,CENTER,MEDIUM,GREEN,YES,DRY,CLEAR,STRAIGHT,MAINTAIN_SPEED
22.95,2.22,-0.99,167.98,CENTER,MEDIUM,GREEN,NO,DRY,CLEAR,RIGHT,MAINTAIN_SPEED
95.2,1.38,17.35,120.24,CENTER,MEDIUM,GREEN,NO,SLIPPERY,CLEAR,STRAIGHT,BRAKE
114.49,-4.89,-5.4,90.29,CENTER,HIGH,GREEN,NO,DRY,CLEAR,STRAIGHT,CHANGE_LANE_LEFT
58.33,-0.13,-14.81,107.85,RIGHT,LOW,YELLOW,NO,SLIPPERY,RAIN,STRAIGHT,BRAKE
118.78,-0.69,20.07,146.9,CENTER,LOW,RED,NO,DRY,CLEAR,RIGHT,STOP
5.11,1.16,-6.0,101.0,LEFT,HIGH,YELLOW,YES,WET,CLEAR,STRAIGHT,MAINTAIN_SPEED
136.71,1.04,0.36,45.2,CENTER,MEDIUM,GREEN,NO,WET,CLEAR,RIGHT,MAINTAIN_SPEED
125.96,-1.45,1.69,141.4,CENTER,MEDIUM,GREEN,NO,DRY,CLEAR,LEFT,MAINTAIN_SPEED
67.95,4.06,26.88,53.62,CENTER,LOW,GREEN,NO,DRY,CLEAR,RIGHT,TURN_RIGHT
91.15,2.85,12.96,15.34,CENTER,MEDIUM,YELLOW,NO,DRY,CLEAR,STRAIGHT,BRAKE
0.68,-1.46,-3.7,125.07,LEFT,HIGH,NONE,NO,DRY,RAIN,RIGHT,ACCELERATE
93.63,3.21,18.22,16.48,LEFT,HIGH,RED,NO,DRY,CLEAR,STRAIGHT,STOP
60.19,-0.82,-12.1,188.41,CENTER,HIGH,GREEN,YES,WET,RAIN,STRAIGHT,CHANGE_LANE_LEFT
99.15,0.83,5.95,50.15,LEFT,HIGH,GREEN,NO,WET,FOG,STRAIGHT,MAINTAIN_SPEED
42.26,0.01,8.79,146.29,CENTER,LOW,NONE,NO,DRY,CLEAR,STRAIGHT,MAINTAIN_SPEED
58.52,-1.36,-5.89,36.63,CENTER,MEDIUM,RED,YES,DRY,CLEAR,STRAIGHT,STOP
128.71,3.35,-8.77,27.12,CENTER,LOW,RED,YES,DRY,RAIN,STRAIGHT,STOP
80.7,0.2,5.22,109.04,CENTER,HIGH,NONE,NO,DRY,CLEAR,STRAIGHT,CHANGE_LANE_RIGHT
98.1,1.96,-23.88,103.88,LEFT,HIGH,RED,NO,DRY,RAIN,LEFT,CHANGE_LANE_LEFT
112.52,-1.42,-2.91,192.86,LEFT,MEDIUM,YELLOW,NO,WET,CLEAR,LEFT,BRAKE
122.22,-0.73,13.45,177.6,LEFT,LOW,YELLOW,NO,DRY,CLEAR,LEFT,BRAKE
45.47,-5.32,-20.14,198.5,LEFT,HIGH,GREEN,YES,DRY,CLEAR,STRAIGHT,MAINTAIN_SPEED
143.84,-2.87,-12.44,34.47,LEFT,MEDIUM,YELLOW,NO,DRY,CLEAR,LEFT,BRAKE
146.76,-1.59,-9.28,76.23,CENTER,HIGH,NONE,YES,DRY,RAIN,STRAIGHT,CHANGE_LANE_LEFT
38.92,1.03,-5.27,79.57,RIGHT,MEDIUM,NONE,NO,DRY,CLEAR,STRAIGHT,MAINTAIN_SPEED
28.14,-1.77,-11.89,123.13,CENTER,MEDIUM,GREEN,NO,DRY,CLEAR,STRAIGHT,MAINTAIN_SPEED
82.18,-1.64,-39.36,92.49,CENTER,MEDIUM,GREEN,NO,DRY,CLEAR,LEFT,TURN_LEFT
17.19,-0.07,-15.55,198.37,LEFT,LOW,NONE,NO,DRY,RAIN,STRAIGHT,ACCELERATE
1.95,-1.65,-39.23,141.39,LEFT,MEDIUM,GREEN,YES,WET,CLEAR,STRAIGHT,ACCELERATE
50.84,2.83,-2.33,127.32,CENTER,MEDIUM,GREEN,NO,DRY,RAIN,STRAIGHT,MAINTAIN_SPEED
142.2,1.04,-20.89,63.39,CENTER,LOW,RED,NO,DRY,FOG,LEFT,STOP
145.08,-2.71,2.6,131.68,LEFT,LOW,YELLOW,NO,DRY,CLEAR,LEFT,BRAKE
134.06,3.79,1.88,124.79,CENTER,HIGH,YELLOW,YES,DRY,CLEAR,LEFT,MAINTAIN_SPEED
116.7,-1.41,11.51,65.77,CENTER,HIGH,RED,NO,DRY,RAIN,RIGHT,STOP
88.52,-1.07,0.52,15.16,CENTER,LOW,GREEN,NO,DRY,CLEAR,STRAIGHT,MAINTAIN_SPEED
130.01,-2.93,-12.8,24.93,LEFT,LOW,RED,YES,WET,RAIN,LEFT,STOP
108.52,-2.04,-3.33,147.0,CENTER,HIGH,GREEN,NO,DRY,CLEAR,STRAIGHT,CHANGE_LANE_LEFT
3.58,1.94,-21.63,77.03,CENTER,MEDIUM,GREEN,NO,DRY,CLEAR,STRAIGHT,ACCELERATE
101.6,1.7,-2.68,42.73,CENTER,HIGH,NONE,NO,DRY,CLEAR,STRAIGHT,CHANGE_LANE_LEFT
64.72,3.2,-7.68,100.14,RIGHT,HIGH,NONE,NO,DRY,CLEAR,RIGHT,MAINTAIN_SPEED
58.68,4.76,-19.68,46.61,CENTER,MEDIUM,GREEN,YES,DRY,CLEAR,STRAIGHT,MAINTAIN_SPEED
29.64,0.91,17.67,147.94,CENTER,LOW,GREEN,NO,DRY,CLEAR,STRAIGHT,MAINTAIN_SPEED
118.53,4.07,2.41,91.45,CENTER,HIGH,GREEN,YES,SLIPPERY,FOG,STRAIGHT,BRAKE
102.07,-5.24,-11.1,67.5,CENTER,LOW,RED,NO,DRY,CLEAR,RIGHT,STOP
44.21,-2.65,-0.22,177.2,LEFT,MEDIUM,GREEN,NO,DRY,CLEAR,STRAIGHT,MAINTAIN_SPEED
119.41,-3.16,23.28,12.82,CENTER,MEDIUM,YELLOW,NO,DRY,CLEAR,LEFT,BRAKE
36.83,-0.46,20.55,12.19,LEFT,MEDIUM,GREEN,NO,DRY,RAIN,RIGHT,TURN_RIGHT
24.47,-0.55,2.68,80.06,RIGHT,LOW,RED,NO,SLIPPERY,CLEAR,LEFT,BRAKE
60.2,4.93,-13.13,53.94,CENTER,LOW,GREEN,NO,DRY,CLEAR,STRAIGHT,MAINTAIN_SPEED
99.54,0.27,8.68,55.81,RIGHT,MEDIUM,GREEN,NO,DRY,CLEAR,RIGHT,TURN_RIGHT
15.42,1.47,-12.5,122.76,RIGHT,MEDIUM,YELLOW,NO,DRY,RAIN,STRAIGHT,MAINTAIN_SPEED
89.54,1.75,-5.9,42.18,RIGHT,MEDIUM,GREEN,NO,SLIPPERY,CLEAR,RIGHT,BRAKE
146.65,1.86,-4.49,21.13,RIGHT,HIGH,GREEN,NO,DRY,CLEAR,LEFT,BRAKE
145.17,1.37,-10.28,106.85,RIGHT,HIGH,GREEN,YES,DRY,RAIN,STRAIGHT,CHANGE_LANE_LEFT
110.88,0.57,-6.02,78.57,RIGHT,LOW,RED,NO,DRY,CLEAR,RIGHT,STOP
147.77,3.26,6.88,75.47,CENTER,MEDIUM,GREEN,NO,SLIPPERY,CLEAR,LEFT,BRAKE
77.73,0.68,-8.05,129.23,LEFT,HIGH,GREEN,NO,WET,CLEAR,LEFT,TURN_LEFT
7.92,-1.36,-18.61,41.51,CENTER,LOW,NONE,NO,DRY,RAIN,STRAIGHT,ACCELERATE
104.38,-0.91,14.03,198.75,LEFT,MEDIUM,GREEN,NO,WET,FOG,STRAIGHT,MAINTAIN_SPEED
107.52,-2.57,3.02,92.48,LEFT,HIGH,NONE,YES,WET,CLEAR,STRAIGHT,MAINTAIN_SPEED
128.24,0.42,-1.26,148.33,CENTER,LOW,YELLOW,NO,DRY,RAIN,STRAIGHT,BRAKE
119.57,-0.84,-13.69,77.59,CENTER,LOW,NONE,NO,DRY,CLEAR,STRAIGHT,MAINTAIN_SPEED
139.79,-1.22,-2.82,62.23,CENTER,HIGH,GREEN,NO,WET,FOG,STRAIGHT,CHANGE_LANE_LEFT
82.57,-2.87,-22.3,67.52,CENTER,LOW,YELLOW,YES,DRY,RAIN,STRAIGHT,BRAKE
76.84,-2.58,1.24,64.48,LEFT,MEDIUM,RED,NO,DRY,CLEAR,STRAIGHT,STOP
36.49,1.99,13.84,62.51,LEFT,MEDIUM,RED,NO,DRY,CLEAR,RIGHT,BRAKE
30.21,2.35,-10.76,78.4,CENTER,LOW,GREEN,NO,DRY,CLEAR,STRAIGHT,MAINTAIN_SPEED
102.26,-4.43,-21.43,134.78,LEFT,HIGH,GREEN,NO,DRY,RAIN,RIGHT,TURN_RIGHT
76.59,-4.63,-9.84,127.57,CENTER,MEDIUM,GREEN,NO,DRY,RAIN,RIGHT,TURN_RIGHT
25.28,2.01,17.68,105.63,RIGHT,LOW,GREEN,NO,SLIPPERY,CLEAR,STRAIGHT,MAINTAIN_SPEED
68.42,0.67,2.74,63.9,CENTER,MEDIUM,GREEN,NO,DRY,CLEAR,RIGHT,MAINTAIN_SPEED
90.92,0.64,0.24,75.09,CENTER,HIGH,YELLOW,NO,DRY,FOG,LEFT,MAINTAIN_SPEED
105.48,2.73,20.62,31.56,CENTER,MEDIUM,NONE,NO,DRY,CLEAR,LEFT,TURN_LEFT
58.76,0.91,16.54,64.71,CENTER,LOW,GREEN,NO,DRY,CLEAR,STRAIGHT,MAINTAIN_SPEED
144.39,2.36,-11.72,139.16,CENTER,MEDIUM,NONE,NO,WET,CLEAR,LEFT,TURN_LEFT
136.51,-0.93,10.11,20.86,CENTER,LOW,GREEN,NO,DRY,CLEAR,STRAIGHT,BRAKE
126.01,1.82,-7.57,161.83,CENTER,MEDIUM,GREEN,YES,DRY,RAIN,STRAIGHT,MAINTAIN_SPEED
17.83,-0.41,16.89,175.61,CENTER,MEDIUM,GREEN,NO,DRY,CLEAR,STRAIGHT,ACCELERATE
47.49,-0.21,34.14,91.59,RIGHT,MEDIUM,GREEN,YES,DRY,CLEAR,RIGHT,TURN_RIGHT
136.51,-4.09,8.53,179.1,RIGHT,MEDIUM,GREEN,YES,DRY,RAIN,STRAIGHT,MAINTAIN_SPEED
29.28,5.09,-5.63,101.72,CENTER,HIGH,NONE,NO,DRY,RAIN,RIGHT,CHANGE_LANE_LEFT
71.85,0.75,0.54,78.93,CENTER,MEDIUM,GREEN,NO,DRY,CLEAR,STRAIGHT,MAINTAIN_SPEED
140.48,-1.42,-11.89,92.29,CENTER,MEDIUM,RED,NO,DRY,FOG,LEFT,STOP
84.37,-1.95,-10.61,151.58,CENTER,MEDIUM,NONE,NO,DRY,CLEAR,STRAIGHT,MAINTAIN_SPEED
88.18,-1.91,14.31,117.3,CENTER,HIGH,GREEN,NO,DRY,CLEAR,RIGHT,TURN_RIGHT
51.39,-4.03,-5.13,13.52,CENTER,HIGH,RED,NO,DRY,RAIN,LEFT,BRAKE
125.01,2.13,-0.43,47.0,CENTER,HIGH,YELLOW,NO,DRY,RAIN,STRAIGHT,BRAKE
143.74,1.66,13.63,46.89,RIGHT,HIGH,GREEN,YES,DRY,CLEAR,RIGHT,TURN_RIGHT
141.55,-3.78,4.5,120.72,CENTER,HIGH,GREEN,NO,DRY,CLEAR,RIGHT,CHANGE_LANE_RIGHT
33.22,-3.16,-0.15,112.45,CENTER,MEDIUM,YELLOW,NO,DRY,CLEAR,STRAIGHT,MAINTAIN_SPEED
106.67,1.34,-12.69,9.76,RIGHT,HIGH,NONE,NO,DRY,RAIN,STRAIGHT,BRAKE
143.3,1.15,-2.33,76.8,CENTER,MEDIUM,NONE,NO,DRY,CLEAR,STRAIGHT,MAINTAIN_SPEED
55.56,-0.27,23.98,146.76,CENTER,MEDIUM,GREEN,NO,DRY,CLEAR,LEFT,TURN_LEFT
45.72,5.26,-9.55,111.28,RIGHT,MEDIUM,NONE,NO,DRY,FOG,RIGHT,TURN_RIGHT
7.08,1.55,8.84,190.27,RIGHT,MEDIUM,RED,NO,DRY,CLEAR,STRAIGHT,BRAKE
30.87,0.07,1.11,88.51,CENTER,HIGH,GREEN,NO,WET,CLEAR,LEFT,CHANGE_LANE_RIGHT
85.03,1.68,2.47,55.61,CENTER,MEDIUM,GREEN,NO,DRY,CLEAR,STRAIGHT,MAINTAIN_SPEED
49.93,-0.24,17.93,100.41,LEFT,MEDIUM,GREEN,NO,DRY,CLEAR,STRAIGHT,MAINTAIN_SPEED
39.08,1.69,-3.48,20.3,CENTER,HIGH,NONE,NO,DRY,RAIN,STRAIGHT,MAINTAIN_SPEED
104.58,2.74,-8.13,100.18,CENTER,MEDIUM,RED,NO,DRY,CLEAR,STRAIGHT,STOP
42.23,-0.82,-9.77,128.9,RIGHT,LOW,GREEN,NO,DRY,RAIN,RIGHT,TURN_RIGHT
85.48,6.7,40.31,120.26,RIGHT,LOW,GREEN,NO,DRY,CLEAR,LEFT,TURN_LEFT
125.61,2.11,-6.33,130.37,RIGHT,LOW,GREEN,NO,DRY,CLEAR,LEFT,MAINTAIN_SPEED
127.74,4.81,-8.16,100.66,CENTER,HIGH,GREEN,YES,DRY,CLEAR,LEFT,TURN_LEFT
116.63,4.57,-1.4,123.99,CENTER,LOW,GREEN,NO,WET,CLEAR,STRAIGHT,MAINTAIN_SPEED
125.69,-2.53,12.14,184.35,LEFT,LOW,GREEN,NO,WET,CLEAR,LEFT,TURN_LEFT
134.2,0.99,1.33,39.66,CENTER,HIGH,GREEN,NO,SLIPPERY,RAIN,LEFT,BRAKE
17.08,0.16,-14.92,11.7,CENTER,HIGH,GREEN,YES,DRY,CLEAR,STRAIGHT,BRAKE
99.31,3.35,2.66,86.65,CENTER,HIGH,NONE,NO,SLIPPERY,CLEAR,STRAIGHT,BRAKE
54.01,2.18,12.11,159.54,CENTER,LOW,GREEN,NO,DRY,CLEAR,STRAIGHT,MAINTAIN_SPEED
10.04,3.28,16.22,67.11,CENTER,MEDIUM,GREEN,YES,DRY,RAIN,STRAIGHT,ACCELERATE
2.27,1.36,12.84,2.49,CENTER,MEDIUM,NONE,NO,DRY,CLEAR,STRAIGHT,MAINTAIN_SPEED
93.1,0.9,18.34,126.94,CENTER,HIGH,GREEN,NO,SLIPPERY,CLEAR,LEFT,BRAKE
26.12,-0.32,20.18,91.23,LEFT,MEDIUM,GREEN,NO,DRY,CLEAR,STRAIGHT,MAINTAIN_SPEED
55.85,-0.27,-4.33,120.5,RIGHT,MEDIUM,NONE,YES,DRY,CLEAR,STRAIGHT,MAINTAIN_SPEED
98.54,0.02,-3.12,186.36,CENTER,LOW,NONE,NO,DRY,CLEAR,STRAIGHT,MAINTAIN_SPEED
72.4,-1.42,-9.1,123.96,CENTER,MEDIUM,GREEN,NO,DRY,RAIN,STRAIGHT,MAINTAIN_SPEED
95.39,-4.43,-5.38,193.3,LEFT,LOW,GREEN,YES,DRY,CLEAR,STRAIGHT,MAINTAIN_SPEED
124.39,3.23,-5.02,120.85,CENTER,MEDIUM,GREEN,NO,DRY,CLEAR,RIGHT,MAINTAIN_SPEED
129.37,0.45,-0.09,115.47,LEFT,HIGH,GREEN,YES,SLIPPERY,CLEAR,STRAIGHT,BRAKE
22.53,2.4,10.81,53.32,CENTER,HIGH,NONE,NO,SLIPPERY,CLEAR,STRAIGHT,CHANGE_LANE_RIGHT
18.37,1.91,-14.66,58.17,CENTER,HIGH,GREEN,NO,DRY,CLEAR,STRAIGHT,CHANGE_LANE_LEFT
96.2,-1.74,-6.43,68.13,LEFT,MEDIUM,GREEN,NO,WET,RAIN,STRAIGHT,MAINTAIN_SPEED
19.84,-1.29,-13.49,26.93,CENTER,HIGH,GREEN,NO,WET,CLEAR,LEFT,TURN_LEFT
104.57,-2.25,0.3,20.6,CENTER,LOW,GREEN,NO,WET,CLEAR,STRAIGHT,BRAKE
84.96,-0.83,-12.23,44.57,CENTER,LOW,RED,NO,DRY,CLEAR,LEFT,STOP
131.64,-0.75,1.73,31.13,CENTER,MEDIUM,GREEN,NO,DRY,CLEAR,STRAIGHT,BRAKE
50.52,3.27,-7.27,125.08,CENTER,HIGH,NONE,YES,DRY,RAIN,STRAIGHT,CHANGE_LANE_LEFT
40.04,-1.3,19.04,133.89,CENTER,MEDIUM,YELLOW,NO,DRY,CLEAR,STRAIGHT,MAINTAIN_SPEED
140.41,1.43,4.04,30.04,LEFT,MEDIUM,GREEN,NO,WET,CLEAR,STRAIGHT,BRAKE
101.21,3.81,4.11,101.17,CENTER,LOW,GREEN,NO,DRY,RAIN,LEFT,MAINTAIN_SPEED
133.81,-0.85,2.08,199.83,CENTER,MEDIUM,NONE,YES,SLIPPERY,CLEAR,RIGHT,BRAKE
100.72,-0.27,10.91,126.3,RIGHT,HIGH,NONE,NO,DRY,CLEAR,STRAIGHT,MAINTAIN_SPEED
6.36,3.08,-13.61,64.21,CENTER,LOW,GREEN,NO,DRY,FOG,RIGHT,TURN_RIGHT
23.03,-2.81,-13.89,117.41,CENTER,HIGH,GREEN,NO,SLIPPERY,FOG,LEFT,TURN_LEFT
146.59,2.46,0.46,14.84,CENTER,MEDIUM,RED,YES,DRY,CLEAR,STRAIGHT,STOP
121.91,-3.68,8.79,8.24,RIGHT,LOW,GREEN,NO,SLIPPERY,FOG,LEFT,BRAKE
79.15,-0.82,-1.6,55.3,RIGHT,HIGH,GREEN,NO,DRY,CLEAR,STRAIGHT,MAINTAIN_SPEED
11.22,2.71,-5.67,155.93,CENTER,MEDIUM,GREEN,NO,DRY,RAIN,STRAIGHT,ACCELERATE
67.63,-1.23,19.95,155.28,RIGHT,LOW,GREEN,NO,DRY,CLEAR,LEFT,TURN_LEFT
130.42,-2.0,-14.59,177.8,RIGHT,LOW,GREEN,NO,SLIPPERY,CLEAR,STRAIGHT,BRAKE
43.28,2.73,-7.23,73.17,CENTER,MEDIUM,RED,NO,DRY,FOG,LEFT,BRAKE
27.95,0.34,3.62,143.08,CENTER,LOW,RED,NO,WET,CLEAR,LEFT,BRAKE
83.64,-2.97,-0.76,129.2,CENTER,MEDIUM,GREEN,YES,SLIPPERY,CLEAR,RIGHT,BRAKE
97.68,-2.24,25.22,88.37,CENTER,LOW,RED,NO,DRY,CLEAR,STRAIGHT,STOP
70.96,0.87,-2.55,5.05,CENTER,LOW,NONE,YES,DRY,CLEAR,STRAIGHT,STOP
69.1,2.05,11.32,116.19,CENTER,LOW,GREEN,NO,WET,FOG,LEFT,TURN_LEFT
138.07,-5.12,-8.0,153.6,RIGHT,HIGH,RED,NO,DRY,RAIN,LEFT,STOP
124.92,-2.77,4.11,194.34,CENTER,MEDIUM,RED,NO,DRY,CLEAR,STRAIGHT,STOP
103.47,1.9,28.34,183.56,LEFT,MEDIUM,RED,NO,WET,CLEAR,STRAIGHT,STOP
33.82,-3.81,27.45,34.41,CENTER,MEDIUM,RED,NO,DRY,RAIN,STRAIGHT,BRAKE
111.2,-1.85,3.7,149.76,CENTER,LOW,GREEN,NO,DRY,RAIN,STRAIGHT,MAINTAIN_SPEED
122.71,1.49,-13.85,191.55,RIGHT,LOW,GREEN,NO,WET,FOG,LEFT,TURN_LEFT
133.06,1.19,8.98,76.77,CENTER,MEDIUM,YELLOW,NO,WET,CLEAR,STRAIGHT,BRAKE
47.94,0.36,-7.5,92.29,CENTER,HIGH,RED,NO,DRY,RAIN,STRAIGHT,BRAKE
93.34,-3.53,-9.65,24.21,CENTER,HIGH,NONE,NO,DRY,RAIN,LEFT,TURN_LEFT
126.58,0.26,1.74,97.68,LEFT,HIGH,GREEN,YES,DRY,CLEAR,STRAIGHT,MAINTAIN_SPEED
109.83,-0.3,1.75,116.22,LEFT,HIGH,YELLOW,NO,DRY,CLEAR,STRAIGHT,BRAKE
141.38,0.62,-21.05,10.82,CENTER,MEDIUM,NONE,NO,WET,RAIN,STRAIGHT,BRAKE
134.06,0.86,15.84,174.87,CENTER,HIGH,GREEN,NO,DRY,CLEAR,STRAIGHT,CHANGE_LANE_RIGHT
62.21,-2.32,10.63,9.51,LEFT,LOW,GREEN,NO,DRY,CLEAR,LEFT,TURN_LEFT
41.43,-2.41,-20.4,123.7,CENTER,LOW,GREEN,NO,DRY,CLEAR,STRAIGHT,MAINTAIN_SPEED
19.08,-1.11,-0.81,109.39,CENTER,MEDIUM,NONE,NO,DRY,CLEAR,LEFT,MAINTAIN_SPEED
73.43,-2.57,-2.1,4.07,CENTER,LOW,RED,NO,DRY,CLEAR,RIGHT,STOP
68.63,5.81,15.83,35.96,RIGHT,MEDIUM,NONE,YES,DRY,CLEAR,STRAIGHT,MAINTAIN_SPEED
60.4,1.2,-18.33,70.91,CENTER,MEDIUM,RED,NO,DRY,CLEAR,STRAIGHT,STOP
60.43,-1.42,24.32,155.66,CENTER,HIGH,GREEN,NO,WET,CLEAR,STRAIGHT,CHANGE_LANE_RIGHT
100.79,-2.23,11.5,92.62,CENTER,LOW,YELLOW,NO,DRY,RAIN,STRAIGHT,BRAKE
8.75,-0.9,8.42,114.05,RIGHT,MEDIUM,YELLOW,NO,DRY,CLEAR,STRAIGHT,MAINTAIN_SPEED
64.49,0.3,-17.7,92.47,CENTER,MEDIUM,GREEN,YES,DRY,RAIN,STRAIGHT,MAINTAIN_SPEED
20.01,1.9,-8.61,108.28,CENTER,HIGH,GREEN,NO,SLIPPERY,RAIN,LEFT,TURN_LEFT
126.2,-3.63,17.56,114.06,RIGHT,MEDIUM,RED,NO,SLIPPERY,CLEAR,RIGHT,STOP
129.19,-4.76,-20.61,169.91,RIGHT,LOW,YELLOW,NO,WET,RAIN,STRAIGHT,BRAKE
45.56,1.65,18.57,22.36,CENTER,HIGH,GREEN,YES,DRY,FOG,STRAIGHT,BRAKE
22.96,1.28,-10.6,157.67,CENTER,HIGH,GREEN,NO,DRY,CLEAR,RIGHT,TURN_RIGHT
113.46,-1.09,-12.31,142.1,CENTER,MEDIUM,GREEN,NO,WET,CLEAR,STRAIGHT,MAINTAIN_SPEED
126.91,-0.18,-21.82,13.01,CENTER,HIGH,GREEN,NO,DRY,CLEAR,STRAIGHT,BRAKE
14.04,-1.17,-2.68,196.03,RIGHT,HIGH,GREEN,NO,WET,RAIN,LEFT,ACCELERATE
131.94,2.61,10.25,195.27,CENTER,LOW,GREEN,NO,WET,RAIN,STRAIGHT,MAINTAIN_SPEED
3.09,0.39,-7.26,125.73,CENTER,MEDIUM,GREEN,NO,DRY,CLEAR,STRAIGHT,ACCELERATE
48.78,0.53,11.23,166.08,LEFT,HIGH,YELLOW,NO,DRY,CLEAR,STRAIGHT,CHANGE_LANE_RIGHT
86.04,6.01,21.48,122.26,RIGHT,LOW,GREEN,NO,WET,CLEAR,STRAIGHT,MAINTAIN_SPEED
69.1,4.49,7.17,170.25,CENTER,MEDIUM,NONE,NO,DRY,CLEAR,STRAIGHT,MAINTAIN_SPEED
66.23,-1.11,1.51,114.63,LEFT,HIGH,GREEN,NO,WET,CLEAR,STRAIGHT,MAINTAIN_SPEED
117.92,-1.94,6.33,101.15,CENTER,MEDIUM,RED,NO,WET,CLEAR,STRAIGHT,STOP
6.94,1.29,-7.96,23.08,RIGHT,HIGH,GREEN,NO,DRY,FOG,RIGHT,MAINTAIN_SPEED
89.93,-0.58,6.16,72.04,CENTER,LOW,RED,NO,WET,CLEAR,STRAIGHT,STOP
29.12,1.06,-18.87,134.23,CENTER,MEDIUM,GREEN,NO,DRY,RAIN,STRAIGHT,MAINTAIN_SPEED
84.36,-3.8,12.45,160.86,CENTER,MEDIUM,NONE,NO,DRY,RAIN,STRAIGHT,MAINTAIN_SPEED
10.5,-1.82,-7.75,61.95,CENTER,HIGH,NONE,YES,DRY,CLEAR,STRAIGHT,CHANGE_LANE_LEFT
93.68,-1.47,18.09,134.26,CENTER,HIGH,GREEN,NO,WET,CLEAR,LEFT,TURN_LEFT
41.16,-1.57,-3.47,155.15,LEFT,MEDIUM,YELLOW,NO,DRY,CLEAR,STRAIGHT,MAINTAIN_SPEED
47.0,0.81,-2.05,131.69,RIGHT,LOW,GREEN,YES,SLIPPERY,CLEAR,LEFT,MAINTAIN_SPEED
42.65,-4.77,10.78,19.88,RIGHT,HIGH,NONE,NO,DRY,CLEAR,STRAIGHT,MAINTAIN_SPEED
23.05,2.05,11.02,142.85,LEFT,LOW,YELLOW,NO,SLIPPERY,CLEAR,STRAIGHT,MAINTAIN_SPEED
2.84,-3.67,18.84,7.35,LEFT,LOW,GREEN,YES,DRY,CLEAR,RIGHT,STOP
119.14,4.37,-18.05,162.09,LEFT,HIGH,GREEN,NO,DRY,FOG,STRAIGHT,MAINTAIN_SPEED
60.79,-3.28,17.26,145.56,CENTER,HIGH,YELLOW,YES,DRY,CLEAR,RIGHT,BRAKE
30.13,-1.24,23.18,46.01,CENTER,MEDIUM,NONE,NO,DRY,CLEAR,RIGHT,TURN_RIGHT
110.47,-2.57,-8.52,147.27,LEFT,MEDIUM,RED,NO,DRY,CLEAR,STRAIGHT,STOP
47.25,-0.89,-7.09,116.32,CENTER,HIGH,GREEN,YES,DRY,CLEAR,STRAIGHT,CHANGE_LANE_LEFT
30.74,-0.32,-17.06,43.42,RIGHT,MEDIUM,YELLOW,NO,SLIPPERY,CLEAR,STRAIGHT,MAINTAIN_SPEED
42.02,0.73,-10.17,179.05,CENTER,LOW,GREEN,YES,DRY,CLEAR,STRAIGHT,MAINTAIN_SPEED
71.61,-1.73,-1.48,137.2,RIGHT,HIGH,GREEN,NO,DRY,RAIN,STRAIGHT,MAINTAIN_SPEED
49.06,2.32,12.5,190.75,LEFT,MEDIUM,NONE,NO,DRY,RAIN,RIGHT,TURN_RIGHT
87.03,-2.57,14.39,123.85,LEFT,MEDIUM,YELLOW,NO,DRY,CLEAR,RIGHT,BRAKE
39.79,1.29,-2.81,59.94,CENTER,LOW,GREEN,NO,WET,CLEAR,STRAIGHT,MAINTAIN_SPEED
21.92,2.99,-15.42,159.65,CENTER,LOW,RED,NO,WET,CLEAR,STRAIGHT,BRAKE
30.01,-1.42,2.51,102.75,CENTER,HIGH,GREEN,YES,WET,RAIN,LEFT,CHANGE_LANE_RIGHT
120.49,-2.61,1.3,71.28,CENTER,HIGH,GREEN,NO,SLIPPERY,CLEAR,STRAIGHT,BRAKE
51.63,-0.41,-17.61,184.88,CENTER,LOW,GREEN,NO,DRY,CLEAR,RIGHT,TURN_RIGHT
51.91,-5.49,11.35,135.41,CENTER,HIGH,RED,NO,DRY,RAIN,STRAIGHT,BRAKE
27.03,-3.0,2.65,131.79,RIGHT,MEDIUM,GREEN,NO,WET,CLEAR,STRAIGHT,MAINTAIN_SPEED
32.13,-4.0,-0.19,21.92,RIGHT,LOW,GREEN,NO,WET,CLEAR,STRAIGHT,MAINTAIN_SPEED
62.08,2.5,5.59,144.16,CENTER,MEDIUM,YELLOW,NO,SLIPPERY,CLEAR,RIGHT,BRAKE
119.41,-1.11,8.48,23.65,CENTER,LOW,GREEN,NO,DRY,CLEAR,STRAIGHT,BRAKE
85.34,-2.75,0.15,19.43,CENTER,MEDIUM,RED,NO,DRY,CLEAR,LEFT,STOP
42.86,1.54,7.87,20.93,RIGHT,HIGH,RED,NO,DRY,CLEAR,RIGHT,BRAKE
76.29,-1.27,-6.98,160.91,CENTER,MEDIUM,GREEN,NO,WET,CLEAR,STRAIGHT,MAINTAIN_SPEED
97.66,-1.45,-2.94,173.63,CENTER,LOW,NONE,YES,SLIPPERY,CLEAR,RIGHT,BRAKE
123.15,3.41,-3.07,73.94,LEFT,LOW,NONE,NO,WET,CLEAR,STRAIGHT,MAINTAIN_SPEED
7.05,-2.64,17.82,17.15,CENTER,MEDIUM,RED,NO,DRY,CLEAR,STRAIGHT,BRAKE
119.64,-1.56,-0.45,109.49,CENTER,MEDIUM,RED,YES,DRY,CLEAR,LEFT,STOP
32.41,-2.05,4.12,112.24,CENTER,LOW,GREEN,NO,DRY,CLEAR,STRAIGHT,MAINTAIN_SPEED
4.76,4.33,-0.05,191.3,CENTER,LOW,GREEN,NO,DRY,CLEAR,LEFT,ACCELERATE
82.32,3.6,-9.5,128.01,CENTER,LOW,NONE,NO,SLIPPERY,RAIN,STRAIGHT,BRAKE
58.03,-1.06,-7.35,70.42,LEFT,HIGH,RED,NO,WET,CLEAR,STRAIGHT,STOP
113.64,4.71,-15.09,8.72,CENTER,LOW,GREEN,NO,WET,FOG,STRAIGHT,BRAKE
96.28,-1.23,-4.48,139.35,RIGHT,LOW,GREEN,NO,DRY,CLEAR,STRAIGHT,MAINTAIN_SPEED
24.77,-2.41,-3.92,149.87,CENTER,MEDIUM,GREEN,YES,WET,CLEAR,STRAIGHT,MAINTAIN_SPEED
45.28,-0.25,-8.84,19.01,LEFT,MEDIUM,GREEN,NO,WET,FOG,STRAIGHT,MAINTAIN_SPEED
17.45,-0.93,7.29,62.0,RIGHT,MEDIUM,RED,NO,SLIPPERY,CLEAR,STRAIGHT,BRAKE
62.1,1.39,-18.04,121.67,CENTER,LOW,NONE,NO,DRY,RAIN,STRAIGHT,MAINTAIN_SPEED
112.77,-2.24,11.24,65.84,CENTER,HIGH,NONE,NO,DRY,CLEAR,LEFT,TURN_LEFT
119.8,4.2,-7.18,25.83,CENTER,MEDIUM,GREEN,NO,DRY,CLEAR,STRAIGHT,BRAKE
104.18,-0.98,-3.14,157.6,CENTER,MEDIUM,GREEN,NO,DRY,CLEAR,LEFT,MAINTAIN_SPEED
44.78,2.56,1.5,103.12,CENTER,LOW,RED,NO,DRY,CLEAR,RIGHT,CHANGE_LANE_RIGHT
101.26,2.51,13.25,169.66,LEFT,HIGH,GREEN,NO,DRY,CLEAR,STRAIGHT,CHANGE_LANE_RIGHT
73.57,0.42,-18.48,97.08,CENTER,MEDIUM,NONE,NO,DRY,CLEAR,LEFT,TURN_LEFT
107.54,0.06,7.01,144.2,CENTER,MEDIUM,NONE,NO,WET,RAIN,STRAIGHT,MAINTAIN_SPEED
29.75,0.61,20.14,66.38,RIGHT,LOW,GREEN,NO,DRY,CLEAR,LEFT,TURN_LEFT
47.84,-0.51,11.19,74.79,CENTER,MEDIUM,NONE,NO,DRY,RAIN,STRAIGHT,MAINTAIN_SPEED
90.51,0.62,21.93,27.89,RIGHT,HIGH,GREEN,NO,DRY,CLEAR,STRAIGHT,MAINTAIN_SPEED
49.38,3.25,5.69,198.5,RIGHT,LOW,YELLOW,NO,DRY,FOG,RIGHT,MAINTAIN_SPEED
13.49,-4.1,-15.97,75.91,RIGHT,MEDIUM,NONE,NO,DRY,CLEAR,STRAIGHT,ACCELERATE
137.31,3.38,-26.09,21.78,CENTER,HIGH,GREEN,NO,SLIPPERY,CLEAR,LEFT,BRAKE
64.1,-0.81,9.02,136.16,CENTER,HIGH,RED,NO,DRY,CLEAR,LEFT,STOP
102.38,-0.83,6.65,37.51,LEFT,LOW,GREEN,YES,DRY,RAIN,RIGHT,MAINTAIN_SPEED
0.1,-1.55,-7.01,76.4,CENTER,HIGH,GREEN,NO,DRY,FOG,STRAIGHT,CHANGE_LANE_LEFT
32.53,-0.59,4.41,2.37,CENTER,LOW,GREEN,NO,WET,RAIN,LEFT,MAINTAIN_SPEED
24.96,-0.28,15.8,17.43,RIGHT,LOW,RED,NO,DRY,RAIN,STRAIGHT,BRAKE
96.76,0.02,-16.82,48.26,CENTER,LOW,GREEN,NO,WET,CLEAR,STRAIGHT,MAINTAIN_SPEED
33.82,1.52,-2.18,144.41,CENTER,LOW,RED,NO,DRY,CLEAR,RIGHT,BRAKE
120.11,-0.83,18.55,12.47,CENTER,LOW,GREEN,NO,DRY,CLEAR,LEFT,TURN_LEFT
131.61,-2.89,-15.35,8.62,CENTER,MEDIUM,RED,NO,DRY,RAIN,STRAIGHT,STOP
69.02,-2.1,-9.03,23.37,CENTER,MEDIUM,GREEN,NO,DRY,RAIN,STRAIGHT,MAINTAIN_SPEED
54.85,-1.7,-1.87,191.97,CENTER,LOW,GREEN,NO,DRY,CLEAR,LEFT,MAINTAIN_SPEED
78.95,0.57,0.69,138.67,CENTER,HIGH,YELLOW,NO,SLIPPERY,CLEAR,RIGHT,BRAKE
120.24,5.04,0.22,100.42,RIGHT,HIGH,RED,NO,DRY,RAIN,STRAIGHT,STOP
77.82,-2.73,-11.36,99.23,LEFT,LOW,GREEN,NO,DRY,CLEAR,RIGHT,TURN_RIGHT
107.72,-1.79,8.01,142.59,CENTER,HIGH,NONE,NO,WET,CLEAR,STRAIGHT,CHANGE_LANE_RIGHT
89.31,3.17,-13.11,189.75,LEFT,HIGH,GREEN,YES,DRY,CLEAR,STRAIGHT,MAINTAIN_SPEED
100.32,-2.48,-3.15,70.92,LEFT,LOW,YELLOW,NO,DRY,RAIN,LEFT,BRAKE
46.89,0.22,2.31,59.36,CENTER,HIGH,YELLOW,YES,SLIPPERY,CLEAR,STRAIGHT,CHANGE_LANE_RIGHT
60.61,2.99,-22.6,95.82,CENTER,MEDIUM,GREEN,NO,DRY,CLEAR,RIGHT,TURN_RIGHT
126.21,1.15,6.79,185.42,LEFT,MEDIUM,YELLOW,NO,SLIPPERY,RAIN,STRAIGHT,BRAKE
4.39,-0.64,-11.9,159.02,RIGHT,LOW,GREEN,NO,DRY,RAIN,STRAIGHT,ACCELERATE
61.38,3.87,15.75,44.64,LEFT,HIGH,GREEN,NO,DRY,FOG,LEFT,TURN_LEFT
13.69,-2.2,14.65,23.99,CENTER,LOW,GREEN,NO,DRY,RAIN,STRAIGHT,MAINTAIN_SPEED
136.22,-4.14,5.03,50.66,CENTER,LOW,RED,YES,DRY,RAIN,STRAIGHT,STOP
118.79,3.48,6.71,15.47,RIGHT,MEDIUM,GREEN,NO,DRY,FOG,RIGHT,BRAKE
70.34,-1.67,5.86,29.35,CENTER,HIGH,NONE,YES,DRY,CLEAR,RIGHT,BRAKE
72.11,-2.57,13.28,52.36,LEFT,LOW,YELLOW,NO,DRY,RAIN,STRAIGHT,BRAKE
142.69,-3.17,1.24,2.01,CENTER,MEDIUM,YELLOW,YES,WET,CLEAR,LEFT,BRAKE
95.89,1.41,6.03,104.72,CENTER,HIGH,GREEN,NO,SLIPPERY,RAIN,STRAIGHT,BRAKE
20.69,-3.05,18.7,86.27,RIGHT,LOW,NONE,NO,DRY,FOG,STRAIGHT,ACCELERATE
130.37,-0.22,2.4,68.71,CENTER,LOW,GREEN,NO,DRY,CLEAR,STRAIGHT,MAINTAIN_SPEED
26.61,0.7,21.56,19.29,RIGHT,HIGH,RED,NO,SLIPPERY,CLEAR,RIGHT,BRAKE
99.71,-1.57,8.35,168.7,RIGHT,HIGH,RED,NO,DRY,CLEAR,STRAIGHT,STOP
102.55,2.96,-20.18,161.95,CENTER,MEDIUM,GREEN,NO,DRY,CLEAR,STRAIGHT,MAINTAIN_SPEED
51.04,1.39,3.05,130.49,CENTER,MEDIUM,YELLOW,NO,DRY,CLEAR,STRAIGHT,MAINTAIN_SPEED
65.42,1.73,-0.01,152.38,CENTER,MEDIUM,NONE,NO,WET,RAIN,RIGHT,MAINTAIN_SPEED
12.34,-6.19,-1.75,83.81,CENTER,HIGH,GREEN,NO,DRY,CLEAR,STRAIGHT,CHANGE_LANE_LEFT
95.35,-0.44,16.93,53.22,CENTER,HIGH,GREEN,NO,DRY,CLEAR,RIGHT,TURN_RIGHT
15.08,-0.49,14.19,65.34,LEFT,MEDIUM,RED,NO,WET,FOG,STRAIGHT,STOP
41.44,-0.15,-28.32,82.06,CENTER,LOW,GREEN,NO,DRY,CLEAR,RIGHT,TURN_RIGHT
47.68,0.69,-2.75,101.12,CENTER,LOW,GREEN,NO,WET,CLEAR,LEFT,MAINTAIN_SPEED
24.77,1.17,-4.23,71.23,RIGHT,LOW,NONE,YES,DRY,CLEAR,STRAIGHT,MAINTAIN_SPEED
97.69,3.64,9.27,181.18,CENTER,HIGH,RED,NO,DRY,CLEAR,STRAIGHT,STOP
134.44,-1.05,3.82,112.48,CENTER,LOW,GREEN,NO,WET,CLEAR,STRAIGHT,MAINTAIN_SPEED
99.51,2.39,3.79,131.58,CENTER,MEDIUM,GREEN,YES,SLIPPERY,RAIN,STRAIGHT,BRAKE
106.71,0.07,4.76,26.69,LEFT,LOW,GREEN,NO,WET,RAIN,STRAIGHT,BRAKE
69.05,-1.61,9.5,77.02,CENTER,HIGH,YELLOW,NO,DRY,CLEAR,STRAIGHT,BRAKE
18.89,-0.61,3.56,146.33,CENTER,MEDIUM,RED,NO,WET,RAIN,RIGHT,BRAKE
38.18,1.29,-3.44,13.75,CENTER,HIGH,GREEN,NO,DRY,CLEAR,STRAIGHT,MAINTAIN_SPEED
32.14,-3.36,-2.18,157.06,RIGHT,MEDIUM,GREEN,NO,WET,RAIN,STRAIGHT,MAINTAIN_SPEED
145.53,2.54,-24.35,196.81,CENTER,MEDIUM,GREEN,YES,DRY,CLEAR,STRAIGHT,MAINTAIN_SPEED
108.18,0.48,-12.11,52.14,RIGHT,LOW,RED,NO,DRY,RAIN,STRAIGHT,STOP
82.32,-5.46,5.13,34.91,CENTER,HIGH,RED,NO,DRY,CLEAR,STRAIGHT,STOP
127.77,-0.7,16.19,14.17,CENTER,MEDIUM,YELLOW,YES,DRY,CLEAR,STRAIGHT,BRAKE
121.31,1.28,9.75,34.56,CENTER,HIGH,GREEN,YES,SLIPPERY,CLEAR,STRAIGHT,BRAKE
139.11,-3.59,-13.71,97.56,CENTER,MEDIUM,YELLOW,NO,WET,FOG,RIGHT,BRAKE
31.73,1.04,1.04,4.84,CENTER,MEDIUM,RED,NO,SLIPPERY,CLEAR,STRAIGHT,STOP
135.26,2.23,2.86,144.81,CENTER,LOW,NONE,NO,DRY,CLEAR,STRAIGHT,MAINTAIN_SPEED
116.93,3.62,-2.03,162.38,RIGHT,LOW,GREEN,NO,WET,CLEAR,RIGHT,MAINTAIN_SPEED
43.87,1.01,1.11,75.85,CENTER,LOW,NONE,NO,DRY,CLEAR,STRAIGHT,MAINTAIN_SPEED
93.82,-5.12,11.04,57.27,LEFT,HIGH,GREEN,NO,DRY,CLEAR,STRAIGHT,CHANGE_LANE_RIGHT
94.59,-0.16,-16.66,156.3,CENTER,MEDIUM,GREEN,NO,DRY,CLEAR,STRAIGHT,MAINTAIN_SPEED
16.7,-1.08,-2.48,33.32,LEFT,LOW,GREEN,NO,SLIPPERY,RAIN,STRAIGHT,ACCELERATE
64.65,-2.78,32.48,134.64,CENTER,MEDIUM,GREEN,NO,WET,FOG,STRAIGHT,MAINTAIN_SPEED
122.01,5.55,19.77,157.66,CENTER,LOW,GREEN,NO,DRY,FOG,STRAIGHT,MAINTAIN_SPEED
100.09,2.99,-22.16,130.36,CENTER,MEDIUM,NONE,NO,DRY,CLEAR,STRAIGHT,MAINTAIN_SPEED
122.48,0.2,-1.77,76.88,CENTER,MEDIUM,GREEN,NO,DRY,RAIN,RIGHT,MAINTAIN_SPEED
76.5,-2.6,-4.86,159.59,CENTER,LOW,NONE,NO,DRY,CLEAR,LEFT,MAINTAIN_SPEED
56.74,2.47,-19.61,131.59,CENTER,MEDIUM,GREEN,NO,DRY,CLEAR,STRAIGHT,MAINTAIN_SPEED
69.09,0.66,23.53,32.4,CENTER,LOW,GREEN,NO,DRY,CLEAR,STRAIGHT,MAINTAIN_SPEED
121.32,-1.03,-10.97,40.29,RIGHT,HIGH,RED,NO,DRY,CLEAR,STRAIGHT,STOP
105.12,3.88,-16.82,163.79,CENTER,MEDIUM,NONE,NO,DRY,CLEAR,STRAIGHT,MAINTAIN_SPEED
97.0,-1.73,-15.06,104.12,CENTER,MEDIUM,GREEN,NO,DRY,CLEAR,STRAIGHT,MAINTAIN_SPEED
134.15,-0.13,11.22,9.54,RIGHT,HIGH,RED,NO,DRY,CLEAR,RIGHT,STOP
147.39,0.41,12.78,179.36,CENTER,MEDIUM,GREEN,YES,DRY,RAIN,STRAIGHT,MAINTAIN_SPEED
77.7,1.65,-20.72,7.53,CENTER,LOW,GREEN,NO,DRY,CLEAR,LEFT,TURN_LEFT
83.63,2.73,9.14,99.21,CENTER,MEDIUM,YELLOW,NO,DRY,RAIN,LEFT,BRAKE
98.85,-2.16,-11.92,187.34,RIGHT,MEDIUM,NONE,NO,WET,CLEAR,RIGHT,TURN_RIGHT
45.49,-1.12,0.64,111.36,CENTER,LOW,GREEN,NO,DRY,CLEAR,STRAIGHT,MAINTAIN_SPEED
129.93,5.43,-0.94,81.61,CENTER,HIGH,GREEN,NO,DRY,CLEAR,RIGHT,CHANGE_LANE_LEFT
38.21,-1.78,-10.0,82.56,CENTER,MEDIUM,RED,NO,WET,CLEAR,STRAIGHT,BRAKE
3.59,-2.6,-7.38,177.82,LEFT,LOW,NONE,NO,DRY,CLEAR,STRAIGHT,ACCELERATE
141.76,1.43,17.56,192.25,CENTER,LOW,GREEN,YES,DRY,CLEAR,STRAIGHT,MAINTAIN_SPEED
92.69,0.24,-3.76,53.71,CENTER,HIGH,RED,NO,DRY,CLEAR,STRAIGHT,STOP
11.29,0.37,3.12,199.37,RIGHT,MEDIUM,RED,YES,DRY,RAIN,STRAIGHT,BRAKE
65.84,-0.31,20.33,145.1,CENTER,MEDIUM,GREEN,NO,WET,CLEAR,STRAIGHT,MAINTAIN_SPEED
0.21,-2.9,3.44,138.61,RIGHT,MEDIUM,GREEN,NO,SLIPPERY,CLEAR,STRAIGHT,ACCELERATE
134.34,3.3,-26.46,107.01,CENTER,MEDIUM,GREEN,NO,WET,CLEAR,RIGHT,TURN_RIGHT
33.44,-3.67,-12.64,169.45,RIGHT,MEDIUM,YELLOW,NO,WET,RAIN,RIGHT,TURN_RIGHT
94.85,1.0,5.08,95.79,CENTER,LOW,NONE,NO,DRY,RAIN,STRAIGHT,MAINTAIN_SPEED
57.82,0.68,-2.97,108.5,CENTER,HIGH,NONE,YES,SLIPPERY,CLEAR,STRAIGHT,BRAKE
135.88,-1.67,12.13,42.57,LEFT,LOW,GREEN,NO,DRY,CLEAR,STRAIGHT,MAINTAIN_SPEED
62.13,-2.41,-9.26,137.48,CENTER,LOW,NONE,NO,DRY,CLEAR,STRAIGHT,MAINTAIN_SPEED
28.75,4.38,-2.05,39.91,CENTER,MEDIUM,GREEN,NO,DRY,CLEAR,RIGHT,MAINTAIN_SPEED
124.66,0.84,-3.35,98.02,CENTER,MEDIUM,GREEN,YES,DRY,RAIN,STRAIGHT,TURN_RIGHT
136.87,-0.62,18.02,168.11,CENTER,LOW,GREEN,NO,DRY,RAIN,RIGHT,TURN_RIGHT
21.78,-4.96,-16.43,159.45,LEFT,LOW,GREEN,NO,DRY,RAIN,STRAIGHT,BRAKE
41.83,1.7,-8.24,97.38,CENTER,HIGH,NONE,NO,DRY,FOG,STRAIGHT,CHANGE_LANE_LEFT
85.09,-0.09,-4.36,60.64,CENTER,LOW,YELLOW,NO,DRY,CLEAR,STRAIGHT,BRAKE
82.17,-2.47,5.03,165.45,CENTER,HIGH,GREEN,NO,SLIPPERY,RAIN,STRAIGHT,BRAKE
42.98,0.84,6.44,20.35,RIGHT,MEDIUM,RED,NO,WET,CLEAR,STRAIGHT,BRAKE
145.22,-1.73,6.94,172.33,RIGHT,LOW,GREEN,NO,DRY,CLEAR,STRAIGHT,MAINTAIN_SPEED
109.92,-2.56,-3.67,58.07,RIGHT,MEDIUM,RED,NO,WET,CLEAR,STRAIGHT,STOP
148.09,1.22,8.8,67.42,CENTER,MEDIUM,RED,NO,DRY,FOG,STRAIGHT,STOP
138.14,0.68,15.07,119.23,LEFT,HIGH,RED,NO,DRY,CLEAR,RIGHT,STOP
55.76,3.09,22.74,174.98,LEFT,MEDIUM,GREEN,NO,DRY,CLEAR,RIGHT,TURN_RIGHT
87.55,-1.03,-1.28,86.63,LEFT,MEDIUM,GREEN,YES,DRY,RAIN,STRAIGHT,MAINTAIN_SPEED
107.7,1.84,-0.29,75.86,CENTER,MEDIUM,GREEN,NO,DRY,RAIN,STRAIGHT,MAINTAIN_SPEED
11.36,0.52,-6.02,66.65,RIGHT,LOW,RED,NO,DRY,CLEAR,STRAIGHT,BRAKE
130.16,-2.2,-26.87,79.9,RIGHT,HIGH,RED,NO,DRY,CLEAR,RIGHT,STOP
12.4,1.04,-11.45,102.43,RIGHT,LOW,GREEN,NO,WET,CLEAR,STRAIGHT,ACCELERATE
46.85,2.58,-2.42,143.29,CENTER,MEDIUM,GREEN,NO,WET,CLEAR,RIGHT,MAINTAIN_SPEED
111.78,-0.54,14.19,142.88,CENTER,LOW,RED,NO,DRY,CLEAR,LEFT,STOP
47.73,1.49,-4.18,72.87,RIGHT,MEDIUM,NONE,NO,DRY,CLEAR,STRAIGHT,MAINTAIN_SPEED
48.84,3.97,11.5,124.92,CENTER,LOW,GREEN,NO,DRY,CLEAR,STRAIGHT,MAINTAIN_SPEED
111.38,-0.33,18.53,88.59,CENTER,LOW,GREEN,NO,DRY,CLEAR,STRAIGHT,MAINTAIN_SPEED
139.74,2.43,-0.34,180.33,LEFT,MEDIUM,GREEN,NO,DRY,CLEAR,STRAIGHT,MAINTAIN_SPEED
30.58,-0.2,13.71,86.97,CENTER,LOW,RED,NO,DRY,CLEAR,STRAIGHT,BRAKE
136.7,-3.51,12.26,173.26,RIGHT,MEDIUM,YELLOW,NO,SLIPPERY,CLEAR,RIGHT,BRAKE
31.88,-0.17,26.94,5.88,CENTER,HIGH,RED,NO,DRY,RAIN,STRAIGHT,STOP
19.08,0.03,-7.51,45.5,RIGHT,LOW,NONE,NO,DRY,CLEAR,STRAIGHT,MAINTAIN_SPEED
56.28,4.92,3.54,2.24,CENTER,MEDIUM,GREEN,YES,DRY,CLEAR,STRAIGHT,STOP
19.66,3.92,5.49,125.28,RIGHT,HIGH,RED,NO,DRY,RAIN,STRAIGHT,BRAKE
3.08,-1.97,-3.53,95.17,CENTER,MEDIUM,GREEN,NO,WET,FOG,LEFT,ACCELERATE
73.16,1.53,16.37,186.2,RIGHT,LOW,RED,NO,DRY,CLEAR,RIGHT,STOP
52.18,1.67,-3.96,116.69,RIGHT,LOW,NONE,NO,DRY,RAIN,LEFT,MAINTAIN_SPEED
36.78,0.51,-16.59,50.77,CENTER,HIGH,GREEN,NO,SLIPPERY,CLEAR,STRAIGHT,CHANGE_LANE_LEFT
65.74,4.13,-3.21,11.32,CENTER,MEDIUM,GREEN,NO,DRY,RAIN,RIGHT,MAINTAIN_SPEED
3.1,4.03,4.8,38.13,LEFT,LOW,GREEN,NO,WET,CLEAR,STRAIGHT,ACCELERATE
131.38,1.74,25.06,125.05,CENTER,HIGH,GREEN,NO,DRY,CLEAR,STRAIGHT,CHANGE_LANE_RIGHT
2.53,-1.41,-10.73,55.63,RIGHT,MEDIUM,GREEN,NO,DRY,RAIN,STRAIGHT,ACCELERATE
34.71,0.01,-7.08,30.33,CENTER,HIGH,YELLOW,NO,DRY,CLEAR,STRAIGHT,MAINTAIN_SPEED
98.3,-2.07,-35.82,112.88,CENTER,MEDIUM,RED,YES,DRY,FOG,STRAIGHT,STOP
37.81,-1.33,12.22,156.23,LEFT,MEDIUM,YELLOW,NO,WET,CLEAR,STRAIGHT,MAINTAIN_SPEED
144.44,-3.59,14.25,69.57,CENTER,MEDIUM,YELLOW,NO,DRY,RAIN,STRAIGHT,BRAKE
52.1,4.45,-1.42,114.65,LEFT,MEDIUM,NONE,NO,DRY,CLEAR,STRAIGHT,MAINTAIN_SPEED
60.5,-1.14,-0.12,85.38,CENTER,MEDIUM,GREEN,NO,DRY,CLEAR,LEFT,MAINTAIN_SPEED
28.36,-0.8,-3.0,189.51,LEFT,LOW,GREEN,NO,DRY,CLEAR,LEFT,MAINTAIN_SPEED
24.06,-0.39,0.62,73.81,CENTER,LOW,RED,NO,WET,CLEAR,LEFT,BRAKE
121.52,0.04,-25.63,123.4,CENTER,LOW,GREEN,YES,DRY,CLEAR,STRAIGHT,MAINTAIN_SPEED
119.3,5.73,-2.45,169.85,LEFT,MEDIUM,GREEN,NO,SLIPPERY,CLEAR,STRAIGHT,BRAKE
149.66,2.69,-6.35,114.02,LEFT,MEDIUM,GREEN,YES,DRY,RAIN,STRAIGHT,MAINTAIN_SPEED
141.78,-0.68,-11.86,109.85,CENTER,LOW,RED,YES,DRY,RAIN,STRAIGHT,STOP
61.89,-0.79,-10.69,51.9,CENTER,LOW,GREEN,NO,DRY,FOG,STRAIGHT,MAINTAIN_SPEED
28.91,2.76,6.62,194.23,CENTER,MEDIUM,NONE,NO,WET,CLEAR,RIGHT,MAINTAIN_SPEED
135.05,4.24,12.13,30.6,RIGHT,HIGH,GREEN,NO,DRY,RAIN,STRAIGHT,BRAKE
76.85,-1.82,-10.1,160.04,LEFT,MEDIUM,RED,NO,DRY,RAIN,STRAIGHT,STOP
40.13,2.85,21.48,41.7,LEFT,MEDIUM,YELLOW,NO,DRY,CLEAR,STRAIGHT,MAINTAIN_SPEED
88.28,2.69,2.84,54.63,CENTER,LOW,NONE,NO,DRY,CLEAR,RIGHT,MAINTAIN_SPEED
64.05,-0.7,-14.04,90.93,CENTER,LOW,GREEN,NO,DRY,CLEAR,RIGHT,TURN_RIGHT
73.35,1.6,18.39,159.41,CENTER,MEDIUM,GREEN,NO,DRY,CLEAR,RIGHT,TURN_RIGHT
81.66,4.31,9.88,144.8,RIGHT,MEDIUM,NONE,NO,DRY,CLEAR,STRAIGHT,MAINTAIN_SPEED
33.5,4.22,17.18,9.72,CENTER,LOW,GREEN,NO,DRY,FOG,RIGHT,TURN_RIGHT
60.21,-2.39,3.62,34.22,RIGHT,HIGH,RED,NO,DRY,CLEAR,STRAIGHT,STOP
24.99,0.23,5.96,127.7,RIGHT,MEDIUM,GREEN,NO,DRY,CLEAR,RIGHT,MAINTAIN_SPEED
61.4,-0.99,16.74,177.55,CENTER,LOW,GREEN,NO,SLIPPERY,CLEAR,STRAIGHT,BRAKE
58.98,-1.56,-3.71,110.96,RIGHT,MEDIUM,GREEN,NO,WET,CLEAR,STRAIGHT,MAINTAIN_SPEED
10.11,-1.52,9.72,178.75,CENTER,HIGH,GREEN,NO,DRY,CLEAR,RIGHT,TURN_RIGHT
131.03,-2.42,15.14,29.7,CENTER,MEDIUM,NONE,NO,DRY,RAIN,STRAIGHT,BRAKE
63.92,-5.11,-11.27,199.91,LEFT,HIGH,YELLOW,NO,WET,RAIN,STRAIGHT,BRAKE
125.07,2.12,23.69,48.74,CENTER,MEDIUM,GREEN,NO,DRY,RAIN,STRAIGHT,MAINTAIN_SPEED
34.88,-2.38,-0.08,81.31,CENTER,LOW,GREEN,YES,DRY,RAIN,STRAIGHT,MAINTAIN_SPEED
73.91,4.82,14.47,82.39,CENTER,MEDIUM,GREEN,NO,SLIPPERY,CLEAR,STRAIGHT,BRAKE
70.62,-0.44,18.9,46.75,CENTER,LOW,GREEN,NO,DRY,CLEAR,RIGHT,TURN_RIGHT
1.33,0.49,-6.37,120.55,CENTER,LOW,GREEN,NO,SLIPPERY,RAIN,STRAIGHT,ACCELERATE
15.23,-1.86,2.79,185.57,LEFT,MEDIUM,GREEN,NO,DRY,CLEAR,STRAIGHT,ACCELERATE
120.5,1.52,13.35,76.51,LEFT,MEDIUM,NONE,NO,DRY,FOG,RIGHT,TURN_RIGHT
115.42,-0.91,16.18,100.74,RIGHT,LOW,GREEN,YES,DRY,CLEAR,LEFT,TURN_LEFT
113.08,4.36,0.58,198.58,CENTER,MEDIUM,GREEN,NO,DRY,CLEAR,STRAIGHT,MAINTAIN_SPEED
139.17,-4.01,-13.61,84.31,CENTER,HIGH,GREEN,NO,DRY,CLEAR,STRAIGHT,CHANGE_LANE_LEFT
34.19,-2.6,-14.35,130.1,CENTER,HIGH,GREEN,YES,DRY,CLEAR,LEFT,TURN_LEFT
51.2,1.26,-25.04,176.33,RIGHT,HIGH,RED,NO,SLIPPERY,CLEAR,LEFT,BRAKE
115.98,4.39,0.9,185.91,CENTER,HIGH,GREEN,NO,SLIPPERY,CLEAR,STRAIGHT,BRAKE
121.39,-2.29,-0.55,175.73,RIGHT,HIGH,GREEN,NO,WET,CLEAR,RIGHT,MAINTAIN_SPEED
138.01,0.2,-3.1,66.68,LEFT,LOW,GREEN,NO,DRY,CLEAR,LEFT,MAINTAIN_SPEED
21.26,2.14,-2.58,119.78,RIGHT,LOW,RED,NO,SLIPPERY,CLEAR,RIGHT,BRAKE
136.74,1.1,19.7,25.43,CENTER,HIGH,GREEN,YES,DRY,CLEAR,RIGHT,BRAKE
97.59,0.89,-2.51,166.81,LEFT,MEDIUM,NONE,NO,DRY,CLEAR,STRAIGHT,MAINTAIN_SPEED
40.87,2.73,32.32,182.45,CENTER,LOW,GREEN,NO,WET,CLEAR,STRAIGHT,MAINTAIN_SPEED
84.8,0.46,-2.49,25.94,LEFT,MEDIUM,GREEN,NO,SLIPPERY,CLEAR,RIGHT,TURN_RIGHT
17.78,1.64,11.65,88.77,RIGHT,HIGH,GREEN,YES,WET,CLEAR,LEFT,TURN_LEFT
26.63,-0.45,-12.92,54.08,CENTER,HIGH,GREEN,NO,DRY,RAIN,STRAIGHT,CHANGE_LANE_LEFT
33.35,1.4,3.02,120.85,RIGHT,MEDIUM,NONE,YES,DRY,RAIN,STRAIGHT,MAINTAIN_SPEED
113.15,-0.14,-13.31,80.78,CENTER,LOW,YELLOW,NO,WET,CLEAR,STRAIGHT,BRAKE
23.59,0.17,12.52,131.03,LEFT,MEDIUM,GREEN,NO,WET,FOG,LEFT,TURN_LEFT
34.76,-1.93,8.55,29.1,CENTER,MEDIUM,GREEN,NO,DRY,CLEAR,STRAIGHT,MAINTAIN_SPEED
45.19,-0.29,4.76,108.35,CENTER,LOW,YELLOW,NO,SLIPPERY,CLEAR,STRAIGHT,MAINTAIN_SPEED
72.17,-1.59,-1.62,100.27,RIGHT,LOW,GREEN,NO,WET,RAIN,RIGHT,MAINTAIN_SPEED
107.72,0.54,3.49,69.47,CENTER,LOW,GREEN,NO,SLIPPERY,CLEAR,LEFT,BRAKE
148.31,0.47,-7.6,5.02,RIGHT,MEDIUM,GREEN,NO,WET,RAIN,RIGHT,BRAKE
56.88,0.69,8.11,90.43,RIGHT,HIGH,GREEN,NO,DRY,RAIN,LEFT,TURN_LEFT
54.34,1.77,3.93,166.47,RIGHT,LOW,YELLOW,NO,DRY,CLEAR,STRAIGHT,MAINTAIN_SPEED
125.75,-3.01,12.79,62.69,CENTER,LOW,RED,NO,WET,RAIN,STRAIGHT,STOP
23.82,-0.48,-4.23,47.7,RIGHT,HIGH,GREEN,YES,DRY,CLEAR,LEFT,MAINTAIN_SPEED
21.32,0.61,-24.72,159.41,LEFT,MEDIUM,RED,NO,DRY,CLEAR,LEFT,BRAKE
96.04,-5.4,3.71,128.97,CENTER,LOW,GREEN,YES,DRY,CLEAR,STRAIGHT,MAINTAIN_SPEED
105.63,-1.71,7.38,58.86,CENTER,LOW,GREEN,NO,WET,CLEAR,STRAIGHT,MAINTAIN_SPEED
46.15,2.0,6.83,152.64,CENTER,MEDIUM,GREEN,NO,DRY,CLEAR,STRAIGHT,MAINTAIN_SPEED
11.54,-2.16,4.18,77.83,CENTER,LOW,GREEN,NO,DRY,CLEAR,STRAIGHT,ACCELERATE
141.19,0.09,-6.61,93.42,CENTER,HIGH,RED,NO,DRY,CLEAR,RIGHT,STOP
146.65,-1.04,-2.22,69.44,RIGHT,LOW,GREEN,YES,DRY,CLEAR,LEFT,MAINTAIN_SPEED
91.34,-0.9,-3.63,50.75,CENTER,LOW,GREEN,NO,DRY,CLEAR,STRAIGHT,MAINTAIN_SPEED
52.54,0.24,1.17,120.76,RIGHT,MEDIUM,GREEN,NO,DRY,CLEAR,STRAIGHT,MAINTAIN_SPEED
12.33,-1.06,20.09,195.05,CENTER,MEDIUM,GREEN,NO,WET,CLEAR,STRAIGHT,ACCELERATE
28.72,0.97,-6.41,55.32,CENTER,MEDIUM,RED,NO,DRY,RAIN,STRAIGHT,BRAKE
47.82,0.16,5.21,49.61,LEFT,LOW,GREEN,NO,DRY,CLEAR,STRAIGHT,MAINTAIN_SPEED
148.45,1.46,5.01,70.84,CENTER,LOW,NONE,NO,DRY,CLEAR,LEFT,MAINTAIN_SPEED
139.23,0.92,-2.97,17.83,CENTER,MEDIUM,GREEN,NO,SLIPPERY,CLEAR,LEFT,BRAKE
14.77,0.72,12.82,71.52,RIGHT,MEDIUM,GREEN,NO,DRY,RAIN,STRAIGHT,ACCELERATE
7.96,4.96,27.12,75.98,CENTER,LOW,GREEN,NO,DRY,FOG,STRAIGHT,MAINTAIN_SPEED
39.96,1.88,-6.06,22.28,RIGHT,LOW,GREEN,NO,DRY,CLEAR,RIGHT,MAINTAIN_SPEED
77.91,-0.22,2.06,116.85,CENTER,MEDIUM,NONE,NO,DRY,RAIN,STRAIGHT,MAINTAIN_SPEED
149.56,-3.63,-8.89,113.28,RIGHT,LOW,GREEN,YES,DRY,CLEAR,STRAIGHT,MAINTAIN_SPEED
95.23,-4.28,1.71,186.18,CENTER,LOW,NONE,NO,DRY,CLEAR,STRAIGHT,MAINTAIN_SPEED
117.2,-1.86,-1.86,19.31,RIGHT,MEDIUM,GREEN,NO,WET,CLEAR,LEFT,BRAKE
140.26,2.05,9.3,24.61,CENTER,MEDIUM,GREEN,NO,WET,CLEAR,RIGHT,TURN_RIGHT
84.43,-0.85,4.0,179.29,LEFT,HIGH,GREEN,NO,DRY,CLEAR,RIGHT,MAINTAIN_SPEED
54.32,1.73,-24.69,25.3,CENTER,MEDIUM,GREEN,NO,DRY,FOG,STRAIGHT,MAINTAIN_SPEED
148.03,-4.12,-1.11,152.46,CENTER,HIGH,GREEN,NO,DRY,CLEAR,RIGHT,CHANGE_LANE_LEFT
81.86,-0.5,1.91,60.01,CENTER,LOW,NONE,NO,DRY,RAIN,STRAIGHT,MAINTAIN_SPEED
45.92,1.17,7.98,49.23,CENTER,MEDIUM,GREEN,NO,WET,CLEAR,STRAIGHT,MAINTAIN_SPEED
48.57,1.8,8.15,68.51,LEFT,MEDIUM,NONE,NO,DRY,CLEAR,STRAIGHT,MAINTAIN_SPEED
61.63,3.45,21.33,3.25,CENTER,MEDIUM,GREEN,NO,WET,CLEAR,LEFT,TURN_LEFT
62.41,2.13,6.81,103.12,CENTER,LOW,NONE,NO,DRY,RAIN,STRAIGHT,MAINTAIN_SPEED
63.07,2.23,-9.91,10.28,LEFT,LOW,GREEN,NO,DRY,CLEAR,STRAIGHT,MAINTAIN_SPEED
27.32,-2.69,7.12,74.29,RIGHT,LOW,YELLOW,NO,DRY,CLEAR,LEFT,MAINTAIN_SPEED
146.59,-3.99,-7.81,137.83,CENTER,HIGH,GREEN,NO,DRY,CLEAR,STRAIGHT,CHANGE_LANE_LEFT
28.05,-2.86,-2.49,118.29,CENTER,LOW,GREEN,NO,DRY,RAIN,STRAIGHT,MAINTAIN_SPEED
106.7,0.78,0.33,158.29,CENTER,HIGH,GREEN,NO,DRY,CLEAR,LEFT,CHANGE_LANE_RIGHT
91.23,0.64,-22.68,178.86,LEFT,LOW,GREEN,NO,WET,CLEAR,RIGHT,TURN_RIGHT
123.48,3.37,-19.58,105.92,CENTER,LOW,GREEN,NO,DRY,CLEAR,STRAIGHT,MAINTAIN_SPEED
89.88,0.68,11.07,133.66,CENTER,MEDIUM,NONE,YES,DRY,CLEAR,RIGHT,TURN_RIGHT
140.55,-1.71,1.65,103.05,RIGHT,LOW,RED,NO,DRY,CLEAR,STRAIGHT,STOP
100.18,-2.81,9.85,161.71,CENTER,MEDIUM,GREEN,NO,DRY,CLEAR,RIGHT,TURN_RIGHT
15.56,-1.42,-7.93,47.14,RIGHT,HIGH,GREEN,NO,DRY,CLEAR,STRAIGHT,ACCELERATE
75.16,1.69,11.44,33.65,RIGHT,HIGH,NONE,NO,DRY,CLEAR,LEFT,TURN_LEFT
73.6,-1.26,-1.28,23.86,RIGHT,HIGH,NONE,YES,DRY,CLEAR,STRAIGHT,BRAKE
114.44,0.38,13.29,189.62,CENTER,HIGH,GREEN,NO,DRY,CLEAR,STRAIGHT,CHANGE_LANE_RIGHT
137.99,-0.82,-20.99,129.36,CENTER,LOW,YELLOW,NO,DRY,CLEAR,LEFT,BRAKE
64.02,-1.32,9.44,176.97,CENTER,HIGH,GREEN,NO,DRY,CLEAR,STRAIGHT,CHANGE_LANE_RIGHT
21.81,-0.89,-2.58,65.19,CENTER,HIGH,YELLOW,YES,DRY,CLEAR,LEFT,TURN_LEFT
147.13,2.19,22.4,184.35,CENTER,HIGH,GREEN,NO,DRY,CLEAR,RIGHT,TURN_RIGHT
31.48,-2.09,4.33,72.33,CENTER,MEDIUM,GREEN,YES,WET,CLEAR,LEFT,MAINTAIN_SPEED
135.48,2.75,4.47,181.99,CENTER,LOW,GREEN,NO,DRY,CLEAR,RIGHT,MAINTAIN_SPEED
29.13,1.79,14.11,81.76,CENTER,MEDIUM,NONE,NO,WET,CLEAR,STRAIGHT,MAINTAIN_SPEED
10.34,-0.59,-12.88,106.63,CENTER,MEDIUM,GREEN,YES,DRY,CLEAR,RIGHT,TURN_RIGHT
143.04,4.32,-6.28,93.66,CENTER,MEDIUM,GREEN,NO,DRY,FOG,STRAIGHT,MAINTAIN_SPEED
106.77,-0.64,11.1,171.36,CENTER,LOW,RED,NO,DRY,CLEAR,STRAIGHT,TURN_RIGHT
81.03,-3.21,8.05,12.71,LEFT,MEDIUM,GREEN,NO,DRY,CLEAR,STRAIGHT,MAINTAIN_SPEED
107.25,-4.8,6.76,137.88,CENTER,LOW,GREEN,NO,DRY,RAIN,STRAIGHT,MAINTAIN_SPEED
134.86,1.89,-9.24,141.45,CENTER,LOW,NONE,NO,WET,CLEAR,STRAIGHT,MAINTAIN_SPEED
79.06,2.65,-11.89,197.28,CENTER,HIGH,RED,NO,DRY,CLEAR,STRAIGHT,STOP
12.35,0.76,11.8,39.44,LEFT,HIGH,GREEN,NO,DRY,RAIN,STRAIGHT,CHANGE_LANE_RIGHT
112.85,0.62,11.71,25.54,RIGHT,LOW,NONE,NO,DRY,CLEAR,STRAIGHT,BRAKE
124.3,-2.94,11.9,108.69,CENTER,HIGH,GREEN,NO,DRY,CLEAR,LEFT,TURN_LEFT
1.65,-2.24,10.41,32.06,LEFT,HIGH,YELLOW,NO,SLIPPERY,RAIN,STRAIGHT,MAINTAIN_SPEED
25.1,-2.45,-4.9,18.55,LEFT,MEDIUM,YELLOW,YES,WET,CLEAR,LEFT,BRAKE
86.86,-1.47,-0.0,163.82,CENTER,LOW,GREEN,NO,DRY,CLEAR,STRAIGHT,MAINTAIN_SPEED
121.54,-1.19,-1.43,95.99,CENTER,MEDIUM,GREEN,YES,SLIPPERY,FOG,STRAIGHT,BRAKE
115.57,-0.96,-15.47,5.75,CENTER,LOW,GREEN,NO,DRY,CLEAR,STRAIGHT,BRAKE
45.04,-1.73,22.01,171.89,CENTER,MEDIUM,GREEN,NO,DRY,CLEAR,STRAIGHT,CHANGE_LANE_RIGHT
124.73,1.0,-0.98,143.57,RIGHT,HIGH,GREEN,NO,DRY,CLEAR,LEFT,MAINTAIN_SPEED
45.53,-3.1,5.68,58.74,RIGHT,MEDIUM,GREEN,NO,DRY,CLEAR,STRAIGHT,MAINTAIN_SPEED
103.37,-0.0,2.03,116.28,CENTER,LOW,GREEN,NO,WET,CLEAR,RIGHT,MAINTAIN_SPEED
104.89,1.86,1.94,177.9,CENTER,MEDIUM,NONE,NO,SLIPPERY,CLEAR,STRAIGHT,BRAKE
110.0,3.31,18.44,117.13,CENTER,MEDIUM,YELLOW,NO,DRY,CLEAR,STRAIGHT,BRAKE
65.86,3.57,11.83,13.01,CENTER,LOW,GREEN,NO,DRY,CLEAR,STRAIGHT,MAINTAIN_SPEED
62.24,-5.15,-6.91,14.78,LEFT,MEDIUM,GREEN,NO,DRY,CLEAR,STRAIGHT,MAINTAIN_SPEED
72.9,-1.79,-11.38,136.18,CENTER,MEDIUM,GREEN,NO,DRY,FOG,STRAIGHT,MAINTAIN_SPEED
125.44,0.18,2.99,54.03,CENTER,MEDIUM,NONE,NO,DRY,CLEAR,LEFT,MAINTAIN_SPEED
125.44,0.57,-9.4,141.38,RIGHT,LOW,GREEN,NO,WET,CLEAR,RIGHT,TURN_RIGHT
23.64,2.99,12.71,28.07,CENTER,HIGH,NONE,NO,WET,CLEAR,STRAIGHT,MAINTAIN_SPEED
117.4,1.02,14.9,168.77,CENTER,HIGH,GREEN,NO,WET,CLEAR,STRAIGHT,CHANGE_LANE_RIGHT
34.65,3.45,2.45,151.52,CENTER,MEDIUM,GREEN,NO,DRY,RAIN,LEFT,MAINTAIN_SPEED
117.68,-0.58,8.05,187.61,CENTER,MEDIUM,NONE,NO,DRY,CLEAR,STRAIGHT,MAINTAIN_SPEED
56.05,5.38,5.94,61.67,CENTER,MEDIUM,GREEN,YES,WET,CLEAR,RIGHT,MAINTAIN_SPEED
36.16,4.11,-15.87,182.08,RIGHT,MEDIUM,NONE,NO,DRY,CLEAR,STRAIGHT,MAINTAIN_SPEED
45.81,2.33,-8.57,72.11,CENTER,LOW,GREEN,NO,DRY,RAIN,RIGHT,TURN_RIGHT
101.86,-2.08,4.88,125.38,CENTER,HIGH,GREEN,NO,DRY,CLEAR,STRAIGHT,CHANGE_LANE_RIGHT
107.33,-3.34,-7.38,52.72,CENTER,MEDIUM,YELLOW,YES,DRY,CLEAR,RIGHT,BRAKE
76.84,-2.32,4.36,67.06,LEFT,HIGH,NONE,NO,DRY,CLEAR,STRAIGHT,MAINTAIN_SPEED
110.81,-1.53,11.27,3.65,LEFT,MEDIUM,GREEN,NO,DRY,CLEAR,LEFT,TURN_LEFT
35.66,4.66,-7.18,96.42,CENTER,LOW,RED,NO,DRY,CLEAR,STRAIGHT,BRAKE
39.46,-0.67,2.45,176.68,CENTER,HIGH,NONE,NO,SLIPPERY,CLEAR,STRAIGHT,CHANGE_LANE_RIGHT
94.21,2.85,20.42,164.57,CENTER,MEDIUM,GREEN,YES,DRY,CLEAR,STRAIGHT,MAINTAIN_SPEED
37.1,-3.32,-12.27,74.76,RIGHT,LOW,NONE,YES,DRY,FOG,LEFT,TURN_LEFT
108.91,-0.56,-9.0,32.66,CENTER,HIGH,NONE,NO,DRY,CLEAR,STRAIGHT,BRAKE
97.12,-0.81,9.22,12.71,RIGHT,HIGH,YELLOW,YES,WET,CLEAR,RIGHT,TURN_LEFT
6.31,-1.98,7.87,169.99,RIGHT,MEDIUM,YELLOW,YES,WET,CLEAR,RIGHT,MAINTAIN_SPEED
94.17,-4.83,-10.04,151.69,CENTER,MEDIUM,GREEN,NO,SLIPPERY,CLEAR,LEFT,BRAKE
127.86,1.11,-16.73,9.93,RIGHT,MEDIUM,GREEN,NO,DRY,CLEAR,STRAIGHT,BRAKE
68.02,1.22,-12.8,85.12,LEFT,HIGH,GREEN,NO,SLIPPERY,RAIN,STRAIGHT,BRAKE
127.43,-4.02,10.62,126.05,RIGHT,HIGH,RED,NO,DRY,CLEAR,LEFT,STOP
44.63,-4.61,-8.68,173.51,RIGHT,HIGH,NONE,NO,DRY,RAIN,LEFT,TURN_LEFT
146.33,5.2,-5.61,119.33,LEFT,HIGH,GREEN,NO,DRY,CLEAR,STRAIGHT,MAINTAIN_SPEED
23.12,-1.96,3.12,27.9,CENTER,LOW,YELLOW,NO,SLIPPERY,RAIN,STRAIGHT,MAINTAIN_SPEED
26.76,-1.48,-1.31,77.28,RIGHT,MEDIUM,GREEN,YES,WET,CLEAR,STRAIGHT,MAINTAIN_SPEED
145.04,2.04,21.29,136.87,CENTER,MEDIUM,GREEN,NO,DRY,CLEAR,RIGHT,TURN_RIGHT
75.15,7.77,17.56,158.19,LEFT,HIGH,NONE,NO,WET,CLEAR,LEFT,TURN_LEFT
135.88,2.0,-11.42,61.31,CENTER,HIGH,GREEN,YES,WET,CLEAR,RIGHT,TURN_RIGHT
10.91,2.03,28.24,186.32,CENTER,MEDIUM,GREEN,NO,DRY,CLEAR,STRAIGHT,ACCELERATE
127.83,-3.33,0.11,3.45,LEFT,HIGH,GREEN,NO,SLIPPERY,CLEAR,STRAIGHT,BRAKE
115.92,-1.65,-21.95,125.21,CENTER,LOW,GREEN,NO,WET,FOG,RIGHT,TURN_RIGHT
43.45,-1.57,-10.51,8.83,CENTER,MEDIUM,GREEN,YES,WET,CLEAR,STRAIGHT,STOP
12.43,3.88,-5.34,116.52,LEFT,LOW,YELLOW,YES,WET,RAIN,STRAIGHT,MAINTAIN_SPEED
117.43,-0.25,-19.36,23.24,CENTER,HIGH,YELLOW,NO,WET,FOG,LEFT,BRAKE
89.19,-1.61,-33.56,148.85,CENTER,LOW,GREEN,NO,DRY,CLEAR,STRAIGHT,MAINTAIN_SPEED
89.97,0.23,-14.46,64.8,CENTER,LOW,NONE,NO,DRY,CLEAR,RIGHT,TURN_RIGHT
37.33,1.31,-43.9,85.77,RIGHT,HIGH,GREEN,YES,DRY,FOG,RIGHT,TURN_RIGHT
28.52,1.27,-5.98,99.03,CENTER,LOW,GREEN,NO,DRY,CLEAR,LEFT,MAINTAIN_SPEED
107.3,2.03,-18.7,2.39,LEFT,MEDIUM,NONE,NO,WET,RAIN,RIGHT,TURN_RIGHT
24.91,0.59,6.25,142.05,RIGHT,MEDIUM,GREEN,NO,DRY,CLEAR,STRAIGHT,MAINTAIN_SPEED
100.71,-0.01,-6.83,86.99,LEFT,MEDIUM,GREEN,NO,SLIPPERY,CLEAR,LEFT,BRAKE
22.86,2.78,-10.71,89.27,RIGHT,MEDIUM,GREEN,NO,DRY,FOG,STRAIGHT,MAINTAIN_SPEED
6.32,0.16,-19.72,180.48,CENTER,MEDIUM,YELLOW,NO,DRY,CLEAR,STRAIGHT,MAINTAIN_SPEED
132.97,-2.76,-11.77,83.84,LEFT,MEDIUM,GREEN,YES,DRY,CLEAR,RIGHT,TURN_RIGHT
75.37,0.54,2.92,134.42,LEFT,LOW,GREEN,NO,DRY,CLEAR,STRAIGHT,MAINTAIN_SPEED
91.95,2.03,8.84,67.43,RIGHT,MEDIUM,RED,NO,DRY,CLEAR,STRAIGHT,STOP
137.1,4.65,6.18,92.27,RIGHT,LOW,GREEN,NO,DRY,CLEAR,STRAIGHT,BRAKE
110.39,3.56,-14.61,64.3,RIGHT,MEDIUM,GREEN,NO,SLIPPERY,CLEAR,STRAIGHT,BRAKE
120.14,5.27,-16.93,47.19,CENTER,MEDIUM,GREEN,NO,WET,CLEAR,LEFT,TURN_LEFT
135.42,-1.7,2.58,25.95,CENTER,MEDIUM,GREEN,NO,DRY,CLEAR,RIGHT,BRAKE
134.26,-5.78,12.72,156.33,LEFT,LOW,RED,NO,DRY,CLEAR,STRAIGHT,STOP
44.13,-1.8,-8.92,169.72,CENTER,LOW,YELLOW,YES,DRY,CLEAR,RIGHT,TURN_RIGHT
71.87,0.5,8.02,187.33,LEFT,HIGH,YELLOW,NO,DRY,CLEAR,STRAIGHT,BRAKE
90.02,2.54,-12.29,15.67,CENTER,LOW,GREEN,YES,DRY,CLEAR,RIGHT,BRAKE
13.23,-2.34,-21.77,58.66,CENTER,HIGH,NONE,NO,DRY,CLEAR,RIGHT,TURN_RIGHT
87.42,3.86,11.35,76.22,RIGHT,MEDIUM,NONE,NO,DRY,RAIN,LEFT,TURN_LEFT
71.43,0.06,15.77,55.21,RIGHT,HIGH,GREEN,NO,DRY,RAIN,LEFT,TURN_LEFT
107.73,-0.34,26.0,79.62,RIGHT,LOW,YELLOW,NO,WET,RAIN,STRAIGHT,BRAKE
76.12,-0.01,21.96,171.85,CENTER,HIGH,YELLOW,NO,DRY,CLEAR,STRAIGHT,BRAKE
36.02,-3.48,25.98,190.59,CENTER,LOW,GREEN,YES,DRY,CLEAR,STRAIGHT,MAINTAIN_SPEED
14.63,2.47,6.18,59.24,LEFT,MEDIUM,GREEN,NO,DRY,CLEAR,RIGHT,ACCELERATE
79.09,1.61,-9.21,65.32,CENTER,HIGH,YELLOW,NO,SLIPPERY,CLEAR,STRAIGHT,BRAKE
50.44,-0.88,-11.3,49.65,RIGHT,LOW,GREEN,YES,SLIPPERY,CLEAR,RIGHT,BRAKE
130.89,3.72,9.53,9.13,CENTER,MEDIUM,GREEN,NO,SLIPPERY,FOG,STRAIGHT,BRAKE
20.1,3.14,15.88,88.34,LEFT,MEDIUM,GREEN,NO,DRY,CLEAR,STRAIGHT,MAINTAIN_SPEED
97.96,-2.09,-11.53,68.43,RIGHT,HIGH,GREEN,NO,SLIPPERY,RAIN,RIGHT,BRAKE
31.82,1.6,10.48,139.46,LEFT,HIGH,NONE,NO,DRY,CLEAR,STRAIGHT,CHANGE_LANE_RIGHT
33.2,-1.92,-18.56,181.25,CENTER,LOW,GREEN,NO,DRY,CLEAR,STRAIGHT,MAINTAIN_SPEED
77.72,-1.95,-2.57,129.09,CENTER,HIGH,GREEN,NO,DRY,CLEAR,STRAIGHT,CHANGE_LANE_LEFT
30.66,-3.29,-5.6,106.54,RIGHT,MEDIUM,RED,NO,SLIPPERY,CLEAR,STRAIGHT,BRAKE
62.28,0.31,3.02,158.02,LEFT,MEDIUM,NONE,NO,DRY,CLEAR,STRAIGHT,MAINTAIN_SPEED
59.85,3.0,9.47,176.3,RIGHT,LOW,RED,NO,DRY,CLEAR,STRAIGHT,STOP
42.02,2.0,-0.44,150.58,CENTER,MEDIUM,GREEN,NO,DRY,CLEAR,STRAIGHT,MAINTAIN_SPEED
15.33,-1.98,22.24,73.68,CENTER,HIGH,RED,YES,DRY,CLEAR,LEFT,BRAKE
11.53,3.41,11.47,179.97,RIGHT,MEDIUM,NONE,NO,DRY,CLEAR,STRAIGHT,ACCELERATE
93.51,-3.34,-10.78,91.02,LEFT,LOW,NONE,NO,DRY,CLEAR,RIGHT,TURN_RIGHT
97.02,1.23,6.99,143.92,CENTER,MEDIUM,YELLOW,NO,DRY,FOG,STRAIGHT,BRAKE
50.35,0.19,17.78,98.34,LEFT,LOW,RED,NO,DRY,CLEAR,STRAIGHT,BRAKE
146.83,2.03,10.91,137.18,CENTER,MEDIUM,GREEN,NO,DRY,RAIN,STRAIGHT,MAINTAIN_SPEED
60.99,2.26,0.12,76.02,LEFT,MEDIUM,RED,NO,DRY,FOG,LEFT,STOP
142.16,3.21,-11.08,10.06,LEFT,MEDIUM,GREEN,NO,DRY,RAIN,STRAIGHT,CHANGE_LANE_LEFT
87.83,5.09,-2.63,3.3,CENTER,HIGH,RED,NO,DRY,CLEAR,STRAIGHT,STOP
71.62,0.64,32.01,169.42,CENTER,HIGH,RED,NO,DRY,RAIN,STRAIGHT,STOP
62.16,0.26,0.19,153.2,LEFT,LOW,GREEN,NO,DRY,FOG,LEFT,MAINTAIN_SPEED
81.35,1.08,14.87,161.03,CENTER,MEDIUM,RED,NO,WET,RAIN,STRAIGHT,STOP
16.49,3.46,-5.34,97.88,CENTER,MEDIUM,GREEN,NO,DRY,CLEAR,STRAIGHT,ACCELERATE
80.62,-2.26,10.4,29.87,RIGHT,HIGH,GREEN,NO,SLIPPERY,CLEAR,STRAIGHT,BRAKE
137.19,2.18,-1.98,183.59,CENTER,MEDIUM,NONE,NO,WET,FOG,STRAIGHT,MAINTAIN_SPEED
57.95,3.58,-1.11,166.07,CENTER,HIGH,GREEN,NO,DRY,RAIN,LEFT,CHANGE_LANE_LEFT
36.91,3.44,16.84,199.06,RIGHT,MEDIUM,GREEN,YES,DRY,CLEAR,LEFT,TURN_LEFT
30.14,0.59,9.33,85.96,CENTER,HIGH,GREEN,YES,DRY,CLEAR,LEFT,TURN_LEFT
29.81,2.09,-12.96,24.64,CENTER,HIGH,GREEN,NO,DRY,RAIN,STRAIGHT,MAINTAIN_SPEED
112.6,-3.77,0.29,41.98,CENTER,LOW,GREEN,NO,DRY,RAIN,STRAIGHT,MAINTAIN_SPEED
103.9,1.47,2.61,68.14,RIGHT,HIGH,GREEN,NO,WET,CLEAR,STRAIGHT,MAINTAIN_SPEED
10.02,-0.08,18.84,185.65,RIGHT,LOW,NONE,NO,DRY,FOG,LEFT,TURN_LEFT
31.43,2.81,-4.27,44.58,LEFT,LOW,GREEN,NO,SLIPPERY,CLEAR,RIGHT,MAINTAIN_SPEED
78.62,1.08,-2.77,173.7,CENTER,MEDIUM,NONE,NO,DRY,CLEAR,LEFT,MAINTAIN_SPEED
13.7,-4.21,6.94,51.82,LEFT,MEDIUM,GREEN,YES,DRY,CLEAR,STRAIGHT,ACCELERATE
133.51,4.85,13.55,178.57,CENTER,HIGH,YELLOW,YES,WET,CLEAR,STRAIGHT,BRAKE
9.69,-1.42,6.82,194.14,CENTER,HIGH,RED,NO,SLIPPERY,CLEAR,STRAIGHT,BRAKE
18.21,-1.08,10.23,82.15,CENTER,LOW,YELLOW,NO,DRY,CLEAR,RIGHT,TURN_RIGHT
82.73,2.63,17.92,146.87,LEFT,HIGH,GREEN,NO,SLIPPERY,CLEAR,STRAIGHT,BRAKE
80.94,1.07,4.12,125.25,RIGHT,HIGH,RED,NO,DRY,CLEAR,STRAIGHT,STOP
5.55,-4.77,7.26,183.29,CENTER,MEDIUM,GREEN,NO,DRY,CLEAR,STRAIGHT,ACCELERATE
37.31,2.72,7.39,181.54,CENTER,HIGH,GREEN,NO,WET,CLEAR,RIGHT,CHANGE_LANE_RIGHT
119.9,6.3,30.01,9.27,CENTER,HIGH,GREEN,NO,DRY,CLEAR,RIGHT,TURN_RIGHT
56.63,0.78,-1.01,157.7,CENTER,MEDIUM,YELLOW,NO,DRY,CLEAR,RIGHT,BRAKE
122.21,5.46,-11.3,73.58,LEFT,MEDIUM,NONE,NO,WET,RAIN,LEFT,TURN_LEFT
107.14,-0.95,5.6,141.7,CENTER,LOW,NONE,YES,WET,FOG,STRAIGHT,MAINTAIN_SPEED
123.97,-2.45,9.92,131.5,CENTER,MEDIUM,GREEN,NO,DRY,CLEAR,LEFT,TURN_LEFT
146.27,4.41,-10.56,116.0,LEFT,MEDIUM,GREEN,NO,DRY,RAIN,RIGHT,TURN_RIGHT
32.2,-0.32,-14.81,17.01,LEFT,HIGH,GREEN,NO,DRY,CLEAR,RIGHT,TURN_RIGHT
28.91,-0.71,15.26,60.17,RIGHT,LOW,YELLOW,NO,SLIPPERY,CLEAR,RIGHT,TURN_RIGHT
69.05,3.38,-17.09,158.65,RIGHT,LOW,GREEN,NO,DRY,CLEAR,STRAIGHT,MAINTAIN_SPEED
67.14,2.05,-0.51,93.97,CENTER,LOW,RED,NO,WET,RAIN,STRAIGHT,STOP
90.69,-2.51,17.15,199.46,LEFT,MEDIUM,GREEN,NO,DRY,CLEAR,STRAIGHT,MAINTAIN_SPEED
99.47,2.82,-18.93,166.1,CENTER,HIGH,NONE,YES,DRY,CLEAR,LEFT,TURN_LEFT
73.8,-3.32,-24.52,157.98,CENTER,LOW,GREEN,NO,DRY,CLEAR,STRAIGHT,MAINTAIN_SPEED
21.23,4.04,14.79,33.28,LEFT,MEDIUM,RED,YES,DRY,CLEAR,STRAIGHT,BRAKE
65.21,-1.87,-10.34,97.67,CENTER,MEDIUM,GREEN,NO,DRY,RAIN,STRAIGHT,MAINTAIN_SPEED
67.51,-0.18,-6.49,189.13,CENTER,HIGH,GREEN,NO,DRY,CLEAR,STRAIGHT,CHANGE_LANE_LEFT
131.41,5.49,13.29,123.11,CENTER,MEDIUM,GREEN,YES,DRY,FOG,LEFT,TURN_LEFT
50.93,-1.02,6.74,181.97,CENTER,MEDIUM,YELLOW,YES,DRY,CLEAR,RIGHT,MAINTAIN_SPEED
93.4,-1.25,4.29,14.62,RIGHT,HIGH,GREEN,YES,DRY,CLEAR,RIGHT,BRAKE
76.51,6.26,-4.39,66.08,LEFT,MEDIUM,GREEN,NO,DRY,CLEAR,RIGHT,MAINTAIN_SPEED
148.66,2.09,-14.31,77.36,CENTER,LOW,NONE,YES,DRY,CLEAR,RIGHT,TURN_RIGHT
89.55,-1.1,-16.03,150.44,CENTER,HIGH,RED,NO,SLIPPERY,CLEAR,LEFT,STOP
140.49,-0.37,8.42,172.75,CENTER,MEDIUM,GREEN,NO,SLIPPERY,CLEAR,RIGHT,BRAKE
82.05,-5.02,5.72,168.16,CENTER,LOW,NONE,NO,WET,CLEAR,STRAIGHT,MAINTAIN_SPEED
116.46,1.98,-13.15,154.43,RIGHT,LOW,YELLOW,NO,DRY,CLEAR,STRAIGHT,BRAKE
62.41,-3.3,13.2,96.55,CENTER,LOW,NONE,NO,DRY,CLEAR,LEFT,TURN_LEFT
116.07,2.53,17.29,198.05,LEFT,LOW,RED,NO,DRY,CLEAR,LEFT,STOP
79.06,-3.64,-2.37,124.92,CENTER,LOW,NONE,NO,DRY,CLEAR,STRAIGHT,MAINTAIN_SPEED
37.55,-1.12,28.23,196.82,RIGHT,LOW,RED,NO,DRY,CLEAR,LEFT,BRAKE
115.15,0.79,-14.31,156.36,CENTER,HIGH,GREEN,NO,SLIPPERY,CLEAR,STRAIGHT,BRAKE
39.08,0.91,-23.04,79.64,CENTER,MEDIUM,NONE,NO,DRY,CLEAR,LEFT,TURN_LEFT
75.52,-0.63,-9.93,199.43,RIGHT,MEDIUM,YELLOW,NO,DRY,FOG,STRAIGHT,BRAKE
101.59,-1.57,-6.51,64.79,CENTER,HIGH,GREEN,NO,DRY,RAIN,STRAIGHT,CHANGE_LANE_LEFT
106.43,-1.71,14.61,56.45,CENTER,HIGH,GREEN,NO,DRY,CLEAR,STRAIGHT,CHANGE_LANE_RIGHT
11.98,1.84,-8.19,110.79,RIGHT,HIGH,GREEN,YES,DRY,CLEAR,STRAIGHT,ACCELERATE
100.01,3.62,6.76,58.61,CENTER,HIGH,GREEN,NO,DRY,CLEAR,STRAIGHT,CHANGE_LANE_RIGHT
21.05,-3.95,14.37,157.97,LEFT,LOW,RED,NO,DRY,CLEAR,STRAIGHT,BRAKE
50.47,-1.88,-16.33,47.41,CENTER,MEDIUM,NONE,NO,WET,CLEAR,STRAIGHT,MAINTAIN_SPEED
119.74,0.22,-3.82,66.0,CENTER,LOW,GREEN,NO,DRY,CLEAR,STRAIGHT,MAINTAIN_SPEED
73.85,3.66,11.46,124.55,CENTER,LOW,GREEN,NO,DRY,RAIN,STRAIGHT,MAINTAIN_SPEED
120.47,-2.69,-22.12,138.13,LEFT,MEDIUM,GREEN,NO,DRY,CLEAR,RIGHT,TURN_RIGHT
28.07,-0.82,-15.45,3.01,CENTER,MEDIUM,GREEN,NO,DRY,CLEAR,STRAIGHT,MAINTAIN_SPEED
118.97,0.21,3.84,189.62,CENTER,MEDIUM,YELLOW,NO,DRY,CLEAR,LEFT,BRAKE
142.45,-0.56,-0.21,110.24,CENTER,HIGH,RED,YES,SLIPPERY,RAIN,RIGHT,STOP
40.4,0.84,-4.07,91.38,CENTER,HIGH,GREEN,NO,DRY,CLEAR,LEFT,CHANGE_LANE_LEFT
90.11,-1.97,5.48,14.95,RIGHT,MEDIUM,GREEN,NO,SLIPPERY,RAIN,STRAIGHT,BRAKE
72.7,0.95,8.41,149.37,RIGHT,MEDIUM,GREEN,NO,WET,CLEAR,STRAIGHT,MAINTAIN_SPEED
32.45,-0.2,-2.78,162.65,CENTER,MEDIUM,NONE,NO,WET,CLEAR,STRAIGHT,MAINTAIN_SPEED
116.59,-1.54,17.65,47.86,CENTER,HIGH,GREEN,NO,DRY,FOG,RIGHT,TURN_RIGHT
132.71,1.62,-17.92,170.54,CENTER,LOW,GREEN,NO,DRY,CLEAR,STRAIGHT,MAINTAIN_SPEED
112.48,3.06,3.94,149.28,RIGHT,HIGH,RED,NO,DRY,CLEAR,STRAIGHT,STOP
29.58,-2.31,-2.51,83.8,RIGHT,LOW,GREEN,NO,DRY,CLEAR,STRAIGHT,MAINTAIN_SPEED
79.75,3.17,-8.58,124.01,LEFT,MEDIUM,NONE,NO,WET,CLEAR,RIGHT,TURN_RIGHT
73.73,-3.12,-20.0,145.61,LEFT,LOW,YELLOW,NO,WET,CLEAR,RIGHT,BRAKE
11.49,0.67,-23.38,24.7,CENTER,MEDIUM,GREEN,NO,DRY,RAIN,LEFT,TURN_LEFT
80.98,-0.04,-1.8,179.56,RIGHT,MEDIUM,GREEN,NO,DRY,FOG,STRAIGHT,MAINTAIN_SPEED
98.34,-1.3,-9.07,40.78,LEFT,MEDIUM,RED,NO,DRY,CLEAR,STRAIGHT,STOP
88.24,-1.28,11.38,93.41,CENTER,LOW,GREEN,YES,DRY,CLEAR,STRAIGHT,MAINTAIN_SPEED
126.55,0.06,-1.64,86.92,LEFT,HIGH,GREEN,NO,DRY,RAIN,STRAIGHT,MAINTAIN_SPEED
138.25,-6.83,20.49,89.61,RIGHT,HIGH,GREEN,NO,DRY,CLEAR,STRAIGHT,MAINTAIN_SPEED
1.4,0.44,8.08,171.97,CENTER,MEDIUM,YELLOW,NO,SLIPPERY,FOG,STRAIGHT,MAINTAIN_SPEED
57.58,2.08,21.21,31.25,CENTER,LOW,NONE,NO,DRY,CLEAR,RIGHT,TURN_RIGHT
133.11,-1.04,8.64,29.48,RIGHT,LOW,GREEN,NO,DRY,RAIN,STRAIGHT,BRAKE
49.8,0.27,-17.74,93.93,CENTER,HIGH,GREEN,NO,DRY,CLEAR,STRAIGHT,CHANGE_LANE_LEFT
121.09,-2.04,0.91,23.83,LEFT,HIGH,GREEN,NO,DRY,CLEAR,LEFT,BRAKE
9.83,-1.43,12.27,52.4,LEFT,MEDIUM,GREEN,NO,WET,RAIN,STRAIGHT,ACCELERATE
42.03,-0.82,10.13,163.91,LEFT,MEDIUM,YELLOW,YES,DRY,CLEAR,STRAIGHT,MAINTAIN_SPEED
61.33,-5.34,1.97,75.26,CENTER,MEDIUM,NONE,YES,DRY,CLEAR,STRAIGHT,MAINTAIN_SPEED
113.97,0.95,14.42,52.88,CENTER,LOW,GREEN,NO,DRY,CLEAR,STRAIGHT,MAINTAIN_SPEED
147.94,-1.59,-7.6,101.93,CENTER,LOW,YELLOW,NO,DRY,RAIN,STRAIGHT,BRAKE
42.42,-1.92,6.53,168.42,CENTER,MEDIUM,NONE,YES,DRY,CLEAR,RIGHT,MAINTAIN_SPEED
73.47,2.86,13.89,156.45,LEFT,MEDIUM,GREEN,NO,DRY,RAIN,STRAIGHT,ACCELERATE
8.49,0.35,12.37,81.55,CENTER,MEDIUM,GREEN,YES,DRY,CLEAR,RIGHT,TURN_RIGHT
31.25,1.9,-5.55,191.94,CENTER,HIGH,NONE,NO,DRY,RAIN,LEFT,CHANGE_LANE_LEFT
73.51,-0.38,-8.38,156.46,CENTER,MEDIUM,YELLOW,NO,WET,CLEAR,LEFT,BRAKE
57.02,0.67,9.31,189.78,RIGHT,HIGH,GREEN,NO,WET,CLEAR,RIGHT,TURN_RIGHT
131.87,2.05,8.28,99.64,CENTER,HIGH,GREEN,NO,DRY,CLEAR,STRAIGHT,CHANGE_LANE_RIGHT
5.57,-0.81,-1.43,139.71,LEFT,LOW,YELLOW,NO,WET,CLEAR,LEFT,MAINTAIN_SPEED
50.02,-2.57,3.39,197.96,CENTER,MEDIUM,GREEN,YES,DRY,CLEAR,RIGHT,MAINTAIN_SPEED
67.8,-1.16,13.88,123.53,CENTER,LOW,GREEN,NO,WET,RAIN,RIGHT,TURN_RIGHT
46.5,0.98,10.56,30.83,CENTER,LOW,RED,NO,WET,CLEAR,STRAIGHT,BRAKE
79.63,0.33,-2.86,11.4,CENTER,HIGH,GREEN,NO,SLIPPERY,RAIN,LEFT,BRAKE
134.69,2.86,-5.73,157.94,CENTER,HIGH,NONE,NO,DRY,RAIN,STRAIGHT,CHANGE_LANE_LEFT
13.01,-1.51,-19.44,20.66,CENTER,HIGH,RED,NO,DRY,RAIN,STRAIGHT,BRAKE
38.46,-4.67,-9.28,126.94,LEFT,HIGH,GREEN,NO,DRY,CLEAR,LEFT,TURN_LEFT
19.62,1.53,28.75,100.53,RIGHT,HIGH,GREEN,NO,DRY,CLEAR,STRAIGHT,MAINTAIN_SPEED
54.11,-1.75,28.42,41.36,CENTER,HIGH,NONE,YES,DRY,CLEAR,RIGHT,TURN_RIGHT
90.05,-0.71,-19.78,27.25,RIGHT,LOW,GREEN,NO,DRY,CLEAR,STRAIGHT,MAINTAIN_SPEED
108.08,2.59,10.28,184.98,LEFT,MEDIUM,NONE,NO,DRY,CLEAR,STRAIGHT,MAINTAIN_SPEED
109.63,0.5,-3.13,83.39,CENTER,HIGH,GREEN,YES,DRY,CLEAR,LEFT,CHANGE_LANE_LEFT
144.29,-0.77,1.19,53.89,CENTER,MEDIUM,GREEN,NO,DRY,RAIN,RIGHT,MAINTAIN_SPEED
68.65,-4.68,7.22,131.33,CENTER,HIGH,GREEN,NO,SLIPPERY,CLEAR,LEFT,BRAKE
68.68,-1.6,10.65,76.61,LEFT,LOW,GREEN,NO,DRY,CLEAR,STRAIGHT,MAINTAIN_SPEED
141.92,1.77,-4.52,107.48,LEFT,MEDIUM,NONE,YES,DRY,CLEAR,STRAIGHT,MAINTAIN_SPEED
100.57,0.8,6.65,22.84,CENTER,MEDIUM,GREEN,NO,DRY,CLEAR,RIGHT,BRAKE
60.19,1.01,1.3,152.4,CENTER,MEDIUM,GREEN,NO,DRY,CLEAR,RIGHT,MAINTAIN_SPEED
70.02,3.72,8.91,99.0,LEFT,HIGH,GREEN,NO,DRY,CLEAR,STRAIGHT,MAINTAIN_SPEED
51.88,1.29,-3.24,115.21,RIGHT,MEDIUM,GREEN,NO,DRY,CLEAR,LEFT,MAINTAIN_SPEED
140.08,2.22,-26.08,10.5,LEFT,MEDIUM,YELLOW,NO,DRY,CLEAR,STRAIGHT,BRAKE
50.74,0.6,-3.3,20.08,RIGHT,HIGH,GREEN,NO,WET,CLEAR,STRAIGHT,MAINTAIN_SPEED
19.67,0.66,-21.17,61.35,LEFT,LOW,GREEN,NO,DRY,RAIN,STRAIGHT,MAINTAIN_SPEED
65.71,3.59,19.56,169.66,LEFT,MEDIUM,NONE,NO,DRY,CLEAR,RIGHT,TURN_RIGHT
41.52,-0.06,-15.6,93.34,RIGHT,MEDIUM,GREEN,YES,DRY,CLEAR,LEFT,TURN_LEFT
72.6,-0.8,10.68,45.98,LEFT,LOW,NONE,NO,DRY,CLEAR,STRAIGHT,MAINTAIN_SPEED
123.51,-2.94,-22.8,23.42,RIGHT,HIGH,GREEN,NO,DRY,CLEAR,STRAIGHT,BRAKE
128.93,-4.54,18.44,50.9,CENTER,MEDIUM,GREEN,YES,WET,CLEAR,STRAIGHT,MAINTAIN_SPEED
36.17,-3.35,-41.45,37.09,RIGHT,HIGH,GREEN,NO,DRY,RAIN,STRAIGHT,CHANGE_LANE_LEFT
60.36,2.37,0.7,179.72,CENTER,LOW,NONE,NO,DRY,RAIN,RIGHT,MAINTAIN_SPEED
61.15,-1.82,7.76,177.3,LEFT,HIGH,GREEN,YES,DRY,CLEAR,RIGHT,MAINTAIN_SPEED
107.34,-0.02,6.02,97.44,RIGHT,MEDIUM,GREEN,NO,DRY,FOG,STRAIGHT,MAINTAIN_SPEED
5.41,0.58,-11.03,180.06,CENTER,MEDIUM,GREEN,NO,SLIPPERY,CLEAR,STRAIGHT,ACCELERATE
60.71,-0.93,-6.64,196.13,CENTER,HIGH,GREEN,NO,DRY,CLEAR,STRAIGHT,TURN_LEFT
111.9,-1.86,1.18,90.23,CENTER,HIGH,GREEN,NO,DRY,CLEAR,RIGHT,CHANGE_LANE_RIGHT
81.45,-5.01,-3.07,198.36,CENTER,LOW,NONE,NO,DRY,CLEAR,STRAIGHT,MAINTAIN_SPEED
117.1,-1.93,-30.04,149.34,LEFT,MEDIUM,GREEN,NO,WET,CLEAR,LEFT,TURN_LEFT
76.08,2.57,13.85,160.55,LEFT,HIGH,RED,NO,DRY,CLEAR,STRAIGHT,STOP
9.15,-0.29,21.92,91.79,LEFT,HIGH,GREEN,NO,DRY,CLEAR,STRAIGHT,CHANGE_LANE_RIGHT
88.49,5.17,22.49,197.73,CENTER,MEDIUM,GREEN,NO,DRY,CLEAR,STRAIGHT,MAINTAIN_SPEED
135.81,-2.56,2.15,86.42,CENTER,HIGH,NONE,YES,DRY,FOG,LEFT,CHANGE_LANE_RIGHT
53.65,1.05,6.34,29.21,RIGHT,HIGH,GREEN,NO,WET,FOG,STRAIGHT,MAINTAIN_SPEED
29.17,-0.54,7.85,32.24,CENTER,MEDIUM,GREEN,NO,WET,RAIN,STRAIGHT,MAINTAIN_SPEED
133.18,-2.86,-4.12,176.19,LEFT,HIGH,GREEN,YES,SLIPPERY,RAIN,STRAIGHT,BRAKE
140.3,-2.09,0.28,38.9,CENTER,HIGH,YELLOW,NO,DRY,CLEAR,LEFT,TURN_RIGHT
96.44,-0.39,19.34,179.29,LEFT,LOW,GREEN,NO,DRY,FOG,STRAIGHT,MAINTAIN_SPEED
121.65,-1.98,5.27,5.77,CENTER,LOW,GREEN,NO,DRY,CLEAR,LEFT,BRAKE
29.4,0.65,8.3,31.82,LEFT,MEDIUM,GREEN,NO,DRY,CLEAR,STRAIGHT,MAINTAIN_SPEED
147.12,-1.74,-20.03,158.77,LEFT,LOW,NONE,NO,DRY,CLEAR,STRAIGHT,MAINTAIN_SPEED
24.67,-5.49,-7.13,189.72,CENTER,LOW,GREEN,NO,DRY,CLEAR,STRAIGHT,ACCELERATE
64.32,-0.42,-11.46,41.39,RIGHT,MEDIUM,YELLOW,YES,DRY,CLEAR,STRAIGHT,BRAKE
145.72,-0.91,-10.3,33.47,LEFT,LOW,GREEN,YES,DRY,CLEAR,LEFT,CHANGE_LANE_LEFT
57.12,3.89,37.93,104.54,CENTER,MEDIUM,GREEN,NO,DRY,CLEAR,STRAIGHT,MAINTAIN_SPEED
141.16,4.36,-0.91,89.9,CENTER,MEDIUM,YELLOW,NO,DRY,CLEAR,STRAIGHT,BRAKE
69.56,-0.62,14.27,184.06,RIGHT,MEDIUM,YELLOW,NO,DRY,RAIN,STRAIGHT,BRAKE
54.08,2.22,11.2,84.64,CENTER,MEDIUM,NONE,NO,SLIPPERY,CLEAR,STRAIGHT,BRAKE
3.17,-4.15,7.5,68.2,CENTER,MEDIUM,NONE,NO,DRY,CLEAR,STRAIGHT,ACCELERATE
17.81,-1.75,-10.12,142.89,CENTER,LOW,GREEN,NO,DRY,RAIN,STRAIGHT,ACCELERATE
131.76,-1.07,12.75,83.31,LEFT,MEDIUM,GREEN,NO,DRY,RAIN,STRAIGHT,MAINTAIN_SPEED
122.32,-2.8,35.79,166.85,CENTER,MEDIUM,GREEN,NO,DRY,CLEAR,LEFT,TURN_LEFT
141.43,3.81,6.54,157.67,CENTER,LOW,NONE,NO,DRY,RAIN,STRAIGHT,MAINTAIN_SPEED
93.62,-1.33,12.43,104.12,LEFT,HIGH,GREEN,NO,WET,CLEAR,STRAIGHT,CHANGE_LANE_RIGHT
34.59,2.95,7.21,165.7,CENTER,MEDIUM,NONE,NO,DRY,CLEAR,STRAIGHT,MAINTAIN_SPEED
43.86,4.5,6.5,182.67,CENTER,MEDIUM,YELLOW,NO,DRY,FOG,STRAIGHT,MAINTAIN_SPEED
47.66,1.1,18.99,187.36,CENTER,HIGH,YELLOW,NO,DRY,CLEAR,LEFT,TURN_LEFT
126.17,-2.15,-17.58,66.08,CENTER,LOW,YELLOW,YES,DRY,CLEAR,STRAIGHT,BRAKE
105.66,1.26,-8.84,128.8,RIGHT,HIGH,GREEN,NO,DRY,RAIN,STRAIGHT,MAINTAIN_SPEED
11.19,-2.53,2.11,36.96,CENTER,HIGH,GREEN,NO,DRY,RAIN,STRAIGHT,CHANGE_LANE_RIGHT
68.06,-2.55,-8.78,136.4,CENTER,LOW,RED,YES,SLIPPERY,CLEAR,STRAIGHT,STOP
122.64,-0.46,10.06,33.54,CENTER,LOW,GREEN,NO,DRY,CLEAR,LEFT,TURN_LEFT
126.42,0.88,-1.4,28.55,CENTER,HIGH,GREEN,NO,DRY,CLEAR,LEFT,BRAKE
6.22,1.54,-2.88,37.06,CENTER,LOW,NONE,NO,DRY,RAIN,STRAIGHT,ACCELERATE
46.95,0.29,2.02,105.93,LEFT,MEDIUM,GREEN,YES,DRY,RAIN,STRAIGHT,MAINTAIN_SPEED
49.6,-3.64,13.26,115.94,RIGHT,MEDIUM,GREEN,NO,WET,CLEAR,STRAIGHT,MAINTAIN_SPEED
15.8,-0.21,-17.65,152.37,CENTER,MEDIUM,NONE,NO,DRY,CLEAR,STRAIGHT,ACCELERATE
33.36,0.78,13.56,45.03,RIGHT,LOW,NONE,YES,SLIPPERY,RAIN,RIGHT,TURN_RIGHT
95.18,2.72,12.02,150.65,LEFT,LOW,NONE,YES,WET,CLEAR,STRAIGHT,MAINTAIN_SPEED
73.55,4.15,0.07,45.96,CENTER,HIGH,RED,YES,DRY,RAIN,STRAIGHT,STOP
145.18,3.12,3.52,137.01,RIGHT,MEDIUM,GREEN,NO,DRY,RAIN,LEFT,MAINTAIN_SPEED
93.49,-3.07,8.27,154.09,LEFT,MEDIUM,NONE,NO,WET,CLEAR,STRAIGHT,MAINTAIN_SPEED
48.18,-2.33,2.41,109.66,CENTER,MEDIUM,GREEN,NO,DRY,CLEAR,RIGHT,MAINTAIN_SPEED
125.61,0.95,10.71,184.35,RIGHT,MEDIUM,YELLOW,NO,DRY,RAIN,RIGHT,BRAKE
100.75,3.77,14.97,123.55,CENTER,HIGH,YELLOW,NO,DRY,CLEAR,STRAIGHT,BRAKE
89.64,0.18,-12.78,28.14,CENTER,LOW,GREEN,NO,DRY,RAIN,STRAIGHT,MAINTAIN_SPEED
59.68,-0.23,10.76,144.66,RIGHT,LOW,GREEN,NO,DRY,RAIN,STRAIGHT,MAINTAIN_SPEED
82.89,0.6,-15.21,33.13,CENTER,HIGH,GREEN,NO,DRY,CLEAR,LEFT,TURN_LEFT
60.06,0.17,2.31,139.87,CENTER,MEDIUM,GREEN,NO,WET,RAIN,STRAIGHT,MAINTAIN_SPEED
130.56,0.75,8.04,22.89,CENTER,MEDIUM,YELLOW,NO,WET,RAIN,LEFT,BRAKE
90.63,-3.21,-8.31,170.79,RIGHT,MEDIUM,GREEN,NO,DRY,CLEAR,STRAIGHT,MAINTAIN_SPEED
6.4,-0.27,4.81,169.05,CENTER,LOW,GREEN,NO,DRY,CLEAR,STRAIGHT,ACCELERATE
0.46,4.63,-0.37,172.21,LEFT,LOW,RED,NO,DRY,CLEAR,STRAIGHT,BRAKE
21.63,1.58,15.14,9.15,LEFT,MEDIUM,RED,NO,DRY,CLEAR,LEFT,STOP
95.97,3.88,-2.92,99.49,RIGHT,MEDIUM,GREEN,NO,DRY,CLEAR,STRAIGHT,MAINTAIN_SPEED
109.11,-0.46,15.05,2.68,CENTER,MEDIUM,NONE,NO,DRY,CLEAR,STRAIGHT,BRAKE
80.03,-1.87,11.63,147.14,CENTER,HIGH,GREEN,NO,WET,RAIN,STRAIGHT,CHANGE_LANE_RIGHT
60.79,1.94,6.32,48.55,CENTER,MEDIUM,YELLOW,NO,DRY,FOG,LEFT,BRAKE
114.69,-0.76,24.78,117.73,LEFT,LOW,GREEN,NO,WET,CLEAR,LEFT,TURN_LEFT
104.05,-0.81,-4.04,196.49,CENTER,HIGH,GREEN,NO,DRY,RAIN,STRAIGHT,CHANGE_LANE_LEFT
131.09,-1.57,-0.62,121.44,CENTER,HIGH,RED,NO,DRY,FOG,STRAIGHT,STOP
113.29,-2.29,6.22,27.63,CENTER,LOW,GREEN,NO,SLIPPERY,CLEAR,STRAIGHT,BRAKE
20.58,-1.85,2.8,125.0,CENTER,HIGH,RED,NO,DRY,RAIN,RIGHT,BRAKE
2.94,-0.77,-10.27,109.91,CENTER,MEDIUM,RED,NO,DRY,CLEAR,STRAIGHT,BRAKE
2.61,-1.86,-9.19,130.1,CENTER,MEDIUM,GREEN,NO,DRY,CLEAR,STRAIGHT,ACCELERATE
76.44,-5.15,-2.8,19.88,CENTER,HIGH,GREEN,NO,DRY,CLEAR,STRAIGHT,MAINTAIN_SPEED
86.55,0.1,3.42,4.46,CENTER,LOW,GREEN,NO,DRY,CLEAR,STRAIGHT,MAINTAIN_SPEED
43.68,1.03,-2.06,48.28,CENTER,MEDIUM,GREEN,NO,WET,CLEAR,STRAIGHT,MAINTAIN_SPEED
75.46,-3.7,1.63,54.32,CENTER,LOW,GREEN,NO,DRY,CLEAR,RIGHT,MAINTAIN_SPEED
9.56,-2.19,-2.68,161.12,CENTER,MEDIUM,GREEN,NO,DRY,RAIN,STRAIGHT,ACCELERATE
58.81,-1.31,-14.36,83.1,LEFT,MEDIUM,GREEN,NO,DRY,CLEAR,STRAIGHT,MAINTAIN_SPEED
101.35,-0.45,33.11,29.78,CENTER,HIGH,GREEN,NO,DRY,RAIN,LEFT,TURN_LEFT
99.43,-0.85,-34.8,100.94,CENTER,LOW,YELLOW,NO,DRY,CLEAR,STRAIGHT,BRAKE
111.11,-1.43,2.82,56.57,LEFT,LOW,GREEN,NO,DRY,CLEAR,LEFT,MAINTAIN_SPEED
97.75,-2.67,3.34,97.58,CENTER,MEDIUM,YELLOW,NO,SLIPPERY,CLEAR,STRAIGHT,BRAKE
36.62,-0.02,-25.46,170.71,LEFT,MEDIUM,NONE,NO,DRY,CLEAR,STRAIGHT,MAINTAIN_SPEED
79.03,0.44,3.93,103.33,CENTER,MEDIUM,GREEN,NO,WET,CLEAR,STRAIGHT,MAINTAIN_SPEED
33.82,-1.42,8.44,175.36,CENTER,MEDIUM,GREEN,NO,WET,CLEAR,STRAIGHT,MAINTAIN_SPEED
122.53,-1.4,15.59,134.31,CENTER,LOW,YELLOW,YES,DRY,CLEAR,LEFT,BRAKE
25.18,-1.63,-7.59,3.18,RIGHT,LOW,GREEN,NO,DRY,CLEAR,LEFT,MAINTAIN_SPEED
77.76,0.23,21.12,95.01,CENTER,LOW,NONE,NO,DRY,CLEAR,STRAIGHT,MAINTAIN_SPEED
52.57,-1.02,20.32,71.27,RIGHT,HIGH,GREEN,NO,WET,CLEAR,LEFT,TURN_LEFT
138.15,-0.27,-8.39,95.6,CENTER,MEDIUM,GREEN,NO,DRY,FOG,STRAIGHT,MAINTAIN_SPEED
83.26,1.84,-14.8,7.77,CENTER,MEDIUM,RED,NO,SLIPPERY,CLEAR,RIGHT,STOP
0.99,0.72,-15.29,176.09,CENTER,MEDIUM,GREEN,NO,WET,CLEAR,RIGHT,TURN_RIGHT
52.6,-3.81,8.07,67.84,CENTER,MEDIUM,RED,NO,WET,CLEAR,RIGHT,BRAKE
128.51,0.63,-9.3,92.55,CENTER,MEDIUM,GREEN,NO,SLIPPERY,CLEAR,RIGHT,BRAKE
50.69,2.48,-20.87,33.43,RIGHT,MEDIUM,GREEN,NO,DRY,CLEAR,STRAIGHT,MAINTAIN_SPEED
29.95,-2.0,-7.53,67.06,CENTER,LOW,GREEN,NO,DRY,CLEAR,STRAIGHT,MAINTAIN_SPEED
17.35,-4.29,-1.36,46.24,LEFT,HIGH,GREEN,NO,DRY,CLEAR,STRAIGHT,ACCELERATE
80.22,1.92,3.37,182.91,CENTER,LOW,NONE,YES,DRY,CLEAR,RIGHT,MAINTAIN_SPEED
118.05,0.73,-2.45,74.39,LEFT,MEDIUM,GREEN,NO,DRY,RAIN,LEFT,MAINTAIN_SPEED
74.45,3.15,9.25,15.56,CENTER,LOW,RED,YES,DRY,CLEAR,LEFT,STOP
61.3,4.57,-9.69,169.31,RIGHT,HIGH,NONE,NO,DRY,CLEAR,LEFT,TURN_LEFT
54.07,1.26,-3.96,12.25,CENTER,LOW,GREEN,NO,DRY,CLEAR,STRAIGHT,MAINTAIN_SPEED
4.34,-1.05,3.81,26.93,RIGHT,MEDIUM,YELLOW,NO,DRY,CLEAR,RIGHT,MAINTAIN_SPEED
116.95,4.0,4.96,179.39,LEFT,LOW,GREEN,NO,DRY,CLEAR,LEFT,STOP
118.73,-0.52,-0.73,169.72,CENTER,MEDIUM,NONE,YES,DRY,CLEAR,STRAIGHT,MAINTAIN_SPEED
120.84,-3.46,-11.12,184.05,CENTER,LOW,NONE,NO,DRY,CLEAR,STRAIGHT,MAINTAIN_SPEED
97.14,0.99,-3.03,95.77,CENTER,MEDIUM,GREEN,NO,DRY,RAIN,LEFT,MAINTAIN_SPEED
145.06,2.01,0.21,34.19,CENTER,LOW,NONE,NO,DRY,CLEAR,STRAIGHT,BRAKE
37.05,-2.38,13.74,181.5,LEFT,MEDIUM,GREEN,NO,DRY,FOG,LEFT,TURN_LEFT
61.05,1.72,-9.3,91.16,LEFT,HIGH,GREEN,NO,WET,RAIN,STRAIGHT,MAINTAIN_SPEED
74.36,-0.57,6.84,126.7,CENTER,HIGH,GREEN,NO,DRY,FOG,RIGHT,CHANGE_LANE_RIGHT
74.3,-2.94,13.01,75.67,CENTER,LOW,RED,NO,SLIPPERY,RAIN,LEFT,STOP
110.18,-0.85,-14.03,80.17,LEFT,HIGH,NONE,NO,DRY,CLEAR,STRAIGHT,MAINTAIN_SPEED
114.02,0.66,6.75,103.49,LEFT,LOW,RED,YES,DRY,CLEAR,LEFT,STOP
21.06,1.23,0.04,26.6,CENTER,LOW,NONE,NO,DRY,RAIN,LEFT,MAINTAIN_SPEED
48.22,1.13,1.04,59.2,RIGHT,HIGH,GREEN,NO,DRY,CLEAR,LEFT,MAINTAIN_SPEED
21.16,0.04,9.36,96.29,RIGHT,LOW,GREEN,NO,DRY,CLEAR,STRAIGHT,MAINTAIN_SPEED
61.19,-0.09,6.5,172.58,LEFT,MEDIUM,YELLOW,NO,DRY,CLEAR,STRAIGHT,BRAKE
45.05,-0.55,-19.84,137.93,LEFT,MEDIUM,GREEN,NO,WET,CLEAR,LEFT,TURN_LEFT
4.48,4.68,-5.41,167.81,CENTER,LOW,GREEN,NO,DRY,CLEAR,STRAIGHT,ACCELERATE
86.43,-1.61,-3.73,71.11,CENTER,MEDIUM,GREEN,YES,DRY,CLEAR,RIGHT,MAINTAIN_SPEED
68.83,0.89,-1.73,107.19,RIGHT,MEDIUM,GREEN,NO,SLIPPERY,RAIN,STRAIGHT,BRAKE
79.0,1.81,9.63,166.19,CENTER,HIGH,NONE,NO,DRY,FOG,STRAIGHT,CHANGE_LANE_RIGHT
5.87,-3.56,0.97,60.85,RIGHT,LOW,YELLOW,NO,SLIPPERY,CLEAR,LEFT,ACCELERATE
123.61,0.74,0.98,128.22,RIGHT,MEDIUM,GREEN,NO,DRY,FOG,LEFT,MAINTAIN_SPEED
54.39,-2.36,6.72,192.95,LEFT,MEDIUM,RED,NO,DRY,RAIN,RIGHT,BRAKE
121.5,-0.85,4.63,69.96,CENTER,LOW,GREEN,NO,DRY,FOG,STRAIGHT,MAINTAIN_SPEED
120.12,0.52,5.0,39.69,RIGHT,MEDIUM,NONE,NO,DRY,CLEAR,LEFT,MAINTAIN_SPEED
26.06,-2.48,6.81,33.12,CENTER,LOW,GREEN,NO,WET,CLEAR,STRAIGHT,MAINTAIN_SPEED
58.68,0.04,18.14,194.03,CENTER,HIGH,YELLOW,YES,DRY,RAIN,STRAIGHT,BRAKE
145.16,-0.13,8.83,144.27,CENTER,MEDIUM,NONE,NO,DRY,CLEAR,STRAIGHT,MAINTAIN_SPEED
75.62,0.06,8.08,117.86,CENTER,MEDIUM,NONE,YES,DRY,RAIN,STRAIGHT,MAINTAIN_SPEED
100.79,-0.99,3.88,73.18,RIGHT,LOW,GREEN,NO,WET,CLEAR,LEFT,MAINTAIN_SPEED
1.96,-0.61,0.6,192.23,LEFT,LOW,GREEN,YES,DRY,CLEAR,RIGHT,ACCELERATE
94.89,-2.48,1.65,76.28,CENTER,HIGH,GREEN,NO,WET,RAIN,RIGHT,CHANGE_LANE_RIGHT
136.03,1.7,19.35,99.09,CENTER,MEDIUM,GREEN,NO,WET,CLEAR,STRAIGHT,MAINTAIN_SPEED
97.27,1.79,-7.55,3.27,RIGHT,LOW,GREEN,NO,DRY,RAIN,STRAIGHT,BRAKE
113.17,-0.32,4.2,108.54,CENTER,MEDIUM,GREEN,NO,DRY,RAIN,STRAIGHT,MAINTAIN_SPEED
53.73,-2.03,17.42,78.88,CENTER,HIGH,NONE,NO,WET,CLEAR,LEFT,TURN_LEFT
6.84,-0.53,-12.28,146.29,LEFT,LOW,GREEN,NO,SLIPPERY,CLEAR,STRAIGHT,BRAKE
15.12,0.97,-11.34,184.31,CENTER,MEDIUM,RED,YES,DRY,CLEAR,STRAIGHT,BRAKE
40.9,-3.62,-7.27,29.31,CENTER,LOW,GREEN,NO,DRY,CLEAR,STRAIGHT,MAINTAIN_SPEED
118.62,-2.33,-6.91,92.22,CENTER,LOW,NONE,NO,SLIPPERY,CLEAR,LEFT,BRAKE
125.49,3.36,20.98,151.28,CENTER,LOW,YELLOW,NO,SLIPPERY,CLEAR,STRAIGHT,BRAKE
30.2,0.43,-15.0,20.85,RIGHT,HIGH,GREEN,NO,DRY,CLEAR,LEFT,TURN_LEFT
16.83,-0.38,8.04,32.94,RIGHT,LOW,RED,NO,DRY,CLEAR,LEFT,BRAKE
83.9,0.2,-1.14,189.1,CENTER,MEDIUM,GREEN,NO,WET,RAIN,LEFT,MAINTAIN_SPEED
10.97,-2.21,0.03,73.12,LEFT,MEDIUM,GREEN,NO,DRY,CLEAR,STRAIGHT,ACCELERATE
66.69,-3.39,33.69,97.4,CENTER,HIGH,GREEN,NO,WET,RAIN,STRAIGHT,TURN_LEFT
132.44,-3.3,26.18,59.91,CENTER,HIGH,NONE,NO,DRY,CLEAR,STRAIGHT,CHANGE_LANE_RIGHT
31.29,-0.2,6.08,85.6,CENTER,HIGH,GREEN,NO,DRY,CLEAR,STRAIGHT,CHANGE_LANE_RIGHT
56.49,-2.51,6.61,5.57,LEFT,MEDIUM,RED,YES,SLIPPERY,RAIN,LEFT,STOP
7.17,-5.12,10.28,21.47,CENTER,MEDIUM,RED,NO,DRY,CLEAR,STRAIGHT,BRAKE
29.65,-2.44,-20.21,81.74,CENTER,MEDIUM,RED,NO,WET,CLEAR,STRAIGHT,BRAKE
127.49,2.31,-14.78,131.18,CENTER,LOW,GREEN,YES,DRY,CLEAR,LEFT,TURN_LEFT
139.29,4.03,-1.28,169.5,RIGHT,MEDIUM,YELLOW,NO,DRY,RAIN,STRAIGHT,BRAKE
41.53,-0.73,8.03,177.75,LEFT,LOW,GREEN,YES,DRY,CLEAR,RIGHT,TURN_RIGHT
39.9,0.21,4.69,141.34,CENTER,HIGH,RED,NO,SLIPPERY,CLEAR,STRAIGHT,BRAKE
38.12,3.9,-10.08,54.18,LEFT,MEDIUM,NONE,NO,DRY,CLEAR,LEFT,TURN_LEFT
71.06,4.6,12.05,150.14,CENTER,MEDIUM,RED,NO,DRY,CLEAR,STRAIGHT,STOP
33.15,-3.08,-15.81,194.22,CENTER,MEDIUM,GREEN,YES,DRY,CLEAR,RIGHT,CHANGE_LANE_LEFT
56.58,0.93,-4.06,192.31,CENTER,HIGH,GREEN,NO,WET,CLEAR,STRAIGHT,CHANGE_LANE_LEFT
86.92,2.8,-11.42,131.39,CENTER,LOW,YELLOW,NO,DRY,CLEAR,LEFT,BRAKE
24.73,1.63,-10.38,153.7,CENTER,MEDIUM,NONE,NO,DRY,CLEAR,RIGHT,TURN_RIGHT
73.69,1.3,-4.86,61.69,CENTER,HIGH,YELLOW,NO,DRY,CLEAR,STRAIGHT,BRAKE
30.97,1.66,9.59,82.19,CENTER,HIGH,GREEN,YES,DRY,RAIN,RIGHT,TURN_RIGHT
22.15,0.68,2.71,67.78,LEFT,LOW,GREEN,NO,DRY,RAIN,STRAIGHT,MAINTAIN_SPEED
129.55,-1.17,-8.01,54.62,RIGHT,MEDIUM,GREEN,NO,DRY,CLEAR,RIGHT,TURN_RIGHT
41.1,-0.83,4.72,37.8,LEFT,MEDIUM,RED,YES,DRY,CLEAR,LEFT,BRAKE
56.67,2.23,3.99,43.39,RIGHT,MEDIUM,GREEN,NO,SLIPPERY,CLEAR,STRAIGHT,BRAKE
0.61,1.79,0.19,70.95,CENTER,MEDIUM,GREEN,YES,DRY,CLEAR,STRAIGHT,ACCELERATE
77.56,2.44,7.09,160.19,CENTER,LOW,NONE,YES,WET,CLEAR,STRAIGHT,MAINTAIN_SPEED
4.47,-4.1,-3.55,109.15,CENTER,MEDIUM,GREEN,NO,DRY,RAIN,STRAIGHT,ACCELERATE
66.08,4.61,5.17,35.46,CENTER,LOW,RED,NO,DRY,CLEAR,LEFT,STOP
0.21,0.27,-8.12,104.33,RIGHT,LOW,GREEN,NO,DRY,CLEAR,STRAIGHT,TURN_RIGHT
73.94,1.28,-11.86,4.32,CENTER,MEDIUM,GREEN,NO,SLIPPERY,CLEAR,STRAIGHT,BRAKE
93.85,1.49,-15.99,145.4,LEFT,LOW,GREEN,NO,WET,FOG,STRAIGHT,MAINTAIN_SPEED
130.03,2.47,5.39,124.84,RIGHT,MEDIUM,RED,YES,DRY,RAIN,STRAIGHT,STOP
53.7,2.35,-4.22,104.98,LEFT,MEDIUM,GREEN,NO,DRY,FOG,RIGHT,MAINTAIN_SPEED
18.18,1.78,-8.26,45.98,RIGHT,HIGH,YELLOW,NO,WET,CLEAR,RIGHT,TURN_RIGHT
145.17,5.53,18.74,46.95,RIGHT,LOW,GREEN,NO,DRY,CLEAR,LEFT,TURN_LEFT
62.93,-4.32,-22.04,156.42,RIGHT,HIGH,GREEN,NO,DRY,CLEAR,LEFT,TURN_LEFT
72.91,-2.26,-5.15,149.89,CENTER,MEDIUM,NONE,YES,DRY,CLEAR,STRAIGHT,MAINTAIN_SPEED
112.36,0.45,16.26,8.76,LEFT,MEDIUM,NONE,NO,DRY,CLEAR,STRAIGHT,BRAKE
40.19,2.76,-23.81,129.68,RIGHT,MEDIUM,GREEN,NO,DRY,CLEAR,STRAIGHT,MAINTAIN_SPEED
51.8,-3.5,12.12,170.96,LEFT,HIGH,RED,YES,WET,CLEAR,STRAIGHT,BRAKE
140.14,1.1,-13.45,163.06,CENTER,MEDIUM,GREEN,NO,DRY,RAIN,STRAIGHT,MAINTAIN_SPEED
21.72,4.63,4.37,63.0,CENTER,HIGH,GREEN,NO,DRY,CLEAR,STRAIGHT,CHANGE_LANE_RIGHT
125.2,-0.64,-4.53,194.74,CENTER,HIGH,YELLOW,NO,SLIPPERY,RAIN,STRAIGHT,BRAKE
39.36,-2.12,25.37,102.9,CENTER,MEDIUM,GREEN,NO,DRY,CLEAR,STRAIGHT,MAINTAIN_SPEED
53.43,-0.09,-0.26,102.82,CENTER,LOW,GREEN,NO,DRY,CLEAR,STRAIGHT,MAINTAIN_SPEED
28.09,3.53,-12.35,194.81,LEFT,LOW,YELLOW,NO,SLIPPERY,CLEAR,STRAIGHT,MAINTAIN_SPEED
36.4,4.47,-8.67,93.72,RIGHT,LOW,GREEN,NO,DRY,CLEAR,LEFT,TURN_LEFT
30.34,-0.36,24.8,120.72,CENTER,LOW,GREEN,YES,DRY,CLEAR,STRAIGHT,MAINTAIN_SPEED
78.03,-5.75,-4.16,110.19,LEFT,LOW,GREEN,NO,WET,CLEAR,STRAIGHT,MAINTAIN_SPEED
131.41,4.09,2.6,61.47,RIGHT,HIGH,GREEN,NO,SLIPPERY,CLEAR,STRAIGHT,BRAKE
61.25,0.43,-4.73,43.95,CENTER,MEDIUM,RED,NO,DRY,RAIN,STRAIGHT,STOP
117.99,3.63,10.01,77.21,RIGHT,LOW,RED,NO,SLIPPERY,RAIN,STRAIGHT,STOP
23.53,4.83,9.79,177.86,LEFT,HIGH,RED,NO,DRY,CLEAR,LEFT,BRAKE
131.7,0.02,22.6,166.71,CENTER,MEDIUM,GREEN,NO,DRY,CLEAR,LEFT,TURN_LEFT
8.28,-5.02,-12.37,62.14,LEFT,MEDIUM,YELLOW,NO,WET,CLEAR,STRAIGHT,ACCELERATE
47.98,-0.9,-6.04,190.71,CENTER,LOW,GREEN,NO,DRY,CLEAR,STRAIGHT,MAINTAIN_SPEED
22.45,-1.1,5.06,199.24,CENTER,HIGH,GREEN,NO,WET,CLEAR,STRAIGHT,CHANGE_LANE_RIGHT
97.53,-2.01,1.34,154.12,CENTER,LOW,NONE,NO,DRY,RAIN,RIGHT,CHANGE_LANE_RIGHT
137.79,1.81,3.13,6.96,RIGHT,MEDIUM,GREEN,NO,DRY,CLEAR,RIGHT,BRAKE
49.32,-1.63,4.47,76.99,CENTER,LOW,GREEN,YES,WET,RAIN,RIGHT,MAINTAIN_SPEED
84.24,-2.56,-8.56,19.24,CENTER,LOW,GREEN,NO,DRY,CLEAR,STRAIGHT,MAINTAIN_SPEED
138.48,2.02,-0.53,169.76,LEFT,LOW,RED,NO,DRY,CLEAR,RIGHT,STOP
34.9,1.4,22.75,101.58,CENTER,MEDIUM,GREEN,NO,WET,CLEAR,STRAIGHT,MAINTAIN_SPEED
126.35,-0.68,-4.53,195.09,CENTER,MEDIUM,GREEN,NO,DRY,FOG,STRAIGHT,MAINTAIN_SPEED
63.53,0.2,14.33,191.12,CENTER,HIGH,YELLOW,NO,DRY,RAIN,STRAIGHT,BRAKE
61.76,2.39,-4.5,178.25,LEFT,MEDIUM,RED,NO,DRY,CLEAR,STRAIGHT,STOP
122.84,0.82,-11.31,134.07,LEFT,LOW,RED,YES,DRY,CLEAR,RIGHT,STOP
86.68,-2.1,31.65,105.44,CENTER,HIGH,GREEN,YES,WET,CLEAR,STRAIGHT,CHANGE_LANE_RIGHT
104.45,-0.98,-6.11,143.79,LEFT,HIGH,GREEN,NO,DRY,FOG,RIGHT,MAINTAIN_SPEED
99.47,-0.86,9.35,116.34,RIGHT,MEDIUM,NONE,YES,SLIPPERY,FOG,STRAIGHT,BRAKE
93.11,-0.51,-8.83,68.14,CENTER,MEDIUM,GREEN,NO,SLIPPERY,CLEAR,RIGHT,BRAKE
135.62,-6.66,3.54,168.34,CENTER,LOW,GREEN,YES,DRY,CLEAR,RIGHT,MAINTAIN_SPEED
15.36,-1.16,-0.07,169.9,LEFT,LOW,GREEN,YES,DRY,CLEAR,STRAIGHT,ACCELERATE
72.02,2.27,19.56,72.61,CENTER,LOW,RED,NO,DRY,CLEAR,RIGHT,STOP
80.05,0.09,1.23,150.64,CENTER,HIGH,RED,YES,WET,CLEAR,STRAIGHT,STOP
13.16,-3.96,0.31,128.1,CENTER,HIGH,GREEN,NO,DRY,FOG,STRAIGHT,CHANGE_LANE_RIGHT
121.21,0.6,7.43,80.21,CENTER,LOW,GREEN,NO,DRY,FOG,RIGHT,MAINTAIN_SPEED
22.03,-0.32,-3.27,15.57,RIGHT,MEDIUM,RED,NO,DRY,CLEAR,STRAIGHT,BRAKE
80.03,-2.54,24.31,164.52,RIGHT,HIGH,NONE,NO,WET,CLEAR,STRAIGHT,MAINTAIN_SPEED
126.83,-2.55,2.78,166.31,CENTER,MEDIUM,RED,NO,DRY,CLEAR,STRAIGHT,STOP
136.98,1.34,12.56,31.26,RIGHT,MEDIUM,GREEN,NO,DRY,CLEAR,LEFT,TURN_LEFT
45.92,-1.48,21.11,55.92,CENTER,MEDIUM,GREEN,NO,DRY,FOG,STRAIGHT,MAINTAIN_SPEED
14.4,-4.18,1.26,136.79,CENTER,LOW,YELLOW,NO,DRY,CLEAR,STRAIGHT,ACCELERATE
147.19,0.1,-1.29,155.88,LEFT,HIGH,GREEN,NO,WET,RAIN,LEFT,MAINTAIN_SPEED
48.14,2.45,-7.54,155.19,RIGHT,LOW,GREEN,NO,SLIPPERY,RAIN,STRAIGHT,MAINTAIN_SPEED
78.75,-0.84,1.96,114.32,CENTER,MEDIUM,NONE,NO,DRY,CLEAR,STRAIGHT,MAINTAIN_SPEED
110.44,-0.85,-19.27,89.33,CENTER,MEDIUM,GREEN,YES,DRY,RAIN,RIGHT,TURN_RIGHT
11.0,-2.36,4.5,195.9,RIGHT,LOW,RED,NO,DRY,CLEAR,STRAIGHT,BRAKE
126.0,1.85,-5.49,119.85,CENTER,LOW,GREEN,NO,DRY,FOG,STRAIGHT,MAINTAIN_SPEED
12.93,4.15,-7.19,60.99,CENTER,MEDIUM,RED,NO,WET,CLEAR,RIGHT,BRAKE
8.77,-0.27,-12.28,100.59,LEFT,MEDIUM,NONE,NO,DRY,CLEAR,LEFT,TURN_LEFT
60.27,1.25,-23.16,113.31,CENTER,LOW,YELLOW,NO,DRY,CLEAR,STRAIGHT,BRAKE
113.45,1.01,5.62,196.21,CENTER,MEDIUM,GREEN,NO,DRY,CLEAR,STRAIGHT,MAINTAIN_SPEED
91.18,5.23,0.65,115.51,CENTER,MEDIUM,RED,NO,WET,CLEAR,RIGHT,STOP
11.84,-0.06,10.7,173.38,CENTER,LOW,NONE,NO,DRY,CLEAR,RIGHT,TURN_RIGHT
108.59,-1.78,-11.66,198.82,CENTER,LOW,GREEN,NO,DRY,RAIN,LEFT,TURN_LEFT
29.26,-3.86,-8.14,97.25,LEFT,MEDIUM,RED,NO,DRY,CLEAR,STRAIGHT,BRAKE
127.41,3.59,-8.31,52.99,LEFT,LOW,GREEN,YES,SLIPPERY,CLEAR,LEFT,BRAKE
110.23,0.91,-1.76,155.17,CENTER,HIGH,GREEN,NO,DRY,CLEAR,STRAIGHT,CHANGE_LANE_LEFT
22.5,-2.85,4.56,7.78,CENTER,LOW,GREEN,NO,WET,RAIN,STRAIGHT,MAINTAIN_SPEED
67.3,0.64,-10.19,166.35,RIGHT,MEDIUM,NONE,NO,DRY,RAIN,STRAIGHT,MAINTAIN_SPEED
41.2,3.8,5.22,50.15,CENTER,MEDIUM,YELLOW,NO,WET,CLEAR,STRAIGHT,MAINTAIN_SPEED
123.77,-3.18,-11.27,62.51,CENTER,MEDIUM,RED,NO,DRY,CLEAR,STRAIGHT,STOP
81.55,2.32,-7.06,9.48,CENTER,MEDIUM,RED,NO,DRY,RAIN,LEFT,STOP
16.38,-0.2,9.33,62.12,CENTER,LOW,NONE,YES,WET,CLEAR,STRAIGHT,ACCELERATE
145.93,-0.75,-11.38,188.43,LEFT,LOW,RED,NO,DRY,CLEAR,RIGHT,STOP
42.81,1.46,-13.55,99.86,CENTER,MEDIUM,GREEN,NO,DRY,CLEAR,LEFT,TURN_LEFT
117.83,-3.54,-7.87,193.78,CENTER,LOW,GREEN,NO,DRY,CLEAR,STRAIGHT,MAINTAIN_SPEED
54.46,-0.09,6.34,118.7,CENTER,LOW,RED,NO,DRY,FOG,STRAIGHT,BRAKE
1.57,4.67,20.4,68.25,RIGHT,MEDIUM,YELLOW,NO,DRY,FOG,STRAIGHT,MAINTAIN_SPEED
40.92,-1.39,-12.04,62.57,LEFT,HIGH,YELLOW,YES,DRY,CLEAR,RIGHT,TURN_RIGHT
37.02,-2.71,-2.98,107.51,CENTER,HIGH,GREEN,NO,DRY,FOG,STRAIGHT,CHANGE_LANE_LEFT
74.19,-1.26,14.93,183.83,RIGHT,MEDIUM,GREEN,NO,DRY,CLEAR,STRAIGHT,MAINTAIN_SPEED
105.67,-0.1,-6.29,66.38,LEFT,LOW,GREEN,NO,DRY,RAIN,STRAIGHT,MAINTAIN_SPEED
133.65,3.87,-23.2,181.88,CENTER,MEDIUM,NONE,NO,WET,RAIN,STRAIGHT,MAINTAIN_SPEED
120.42,3.95,4.26,37.31,CENTER,MEDIUM,NONE,NO,DRY,CLEAR,RIGHT,MAINTAIN_SPEED
112.26,0.43,-20.42,14.44,RIGHT,LOW,NONE,NO,DRY,CLEAR,STRAIGHT,BRAKE
55.07,-1.17,15.72,64.1,CENTER,MEDIUM,RED,NO,DRY,CLEAR,STRAIGHT,STOP
12.65,5.71,-2.3,3.75,CENTER,LOW,RED,NO,DRY,CLEAR,RIGHT,STOP
82.26,2.65,6.18,147.47,CENTER,HIGH,GREEN,NO,DRY,CLEAR,STRAIGHT,CHANGE_LANE_RIGHT
70.38,-3.62,-11.44,56.2,RIGHT,MEDIUM,GREEN,NO,DRY,CLEAR,STRAIGHT,MAINTAIN_SPEED
4.02,-1.79,1.61,135.57,CENTER,MEDIUM,GREEN,YES,SLIPPERY,RAIN,STRAIGHT,ACCELERATE
46.22,-0.53,-1.13,80.42,RIGHT,MEDIUM,RED,NO,WET,CLEAR,STRAIGHT,BRAKE
76.56,4.14,-1.64,129.39,CENTER,LOW,RED,NO,WET,CLEAR,STRAIGHT,STOP
1.46,0.52,-9.23,33.8,CENTER,HIGH,NONE,NO,DRY,CLEAR,STRAIGHT,ACCELERATE
128.16,-2.53,-1.71,45.63,LEFT,HIGH,YELLOW,YES,DRY,CLEAR,STRAIGHT,BRAKE
118.31,-1.71,9.6,158.82,CENTER,MEDIUM,GREEN,NO,WET,CLEAR,STRAIGHT,MAINTAIN_SPEED
4.92,1.24,12.56,16.91,CENTER,MEDIUM,NONE,NO,DRY,CLEAR,STRAIGHT,MAINTAIN_SPEED
54.4,3.83,15.31,23.43,CENTER,HIGH,GREEN,NO,SLIPPERY,CLEAR,STRAIGHT,MAINTAIN_SPEED
141.15,1.12,13.78,10.62,LEFT,HIGH,NONE,YES,DRY,RAIN,STRAIGHT,BRAKE
29.17,-2.65,-11.3,54.52,CENTER,LOW,GREEN,NO,DRY,CLEAR,STRAIGHT,MAINTAIN_SPEED
76.45,2.42,-1.42,120.37,CENTER,MEDIUM,GREEN,YES,SLIPPERY,CLEAR,STRAIGHT,BRAKE
0.78,-0.99,-6.95,150.31,CENTER,MEDIUM,GREEN,NO,WET,CLEAR,STRAIGHT,ACCELERATE
32.76,0.9,10.86,169.36,RIGHT,MEDIUM,GREEN,NO,DRY,CLEAR,LEFT,TURN_LEFT
41.94,4.49,-25.43,55.54,CENTER,LOW,GREEN,NO,SLIPPERY,RAIN,STRAIGHT,MAINTAIN_SPEED
74.87,0.95,18.53,46.13,RIGHT,LOW,GREEN,NO,DRY,RAIN,LEFT,TURN_LEFT
121.66,0.33,-4.43,116.78,CENTER,MEDIUM,YELLOW,NO,SLIPPERY,CLEAR,STRAIGHT,BRAKE
72.18,1.64,-3.88,28.75,CENTER,LOW,RED,NO,SLIPPERY,RAIN,RIGHT,STOP
134.72,1.75,2.72,123.92,CENTER,LOW,RED,NO,DRY,FOG,STRAIGHT,STOP
78.75,1.17,20.54,85.74,CENTER,LOW,RED,NO,WET,RAIN,STRAIGHT,STOP
138.55,0.78,0.73,6.38,LEFT,HIGH,GREEN,NO,DRY,RAIN,STRAIGHT,BRAKE
13.38,-4.58,3.14,125.67,CENTER,LOW,GREEN,NO,SLIPPERY,CLEAR,STRAIGHT,ACCELERATE
59.25,-1.5,23.85,4.5,CENTER,MEDIUM,YELLOW,YES,DRY,CLEAR,STRAIGHT,BRAKE
128.9,2.87,20.27,140.23,RIGHT,LOW,NONE,NO,DRY,CLEAR,STRAIGHT,MAINTAIN_SPEED
109.85,-3.58,-8.09,191.49,RIGHT,MEDIUM,YELLOW,NO,DRY,RAIN,LEFT,BRAKE
9.51,1.3,-16.4,135.53,RIGHT,MEDIUM,GREEN,YES,DRY,CLEAR,LEFT,TURN_LEFT
8.11,-2.69,8.77,187.86,CENTER,HIGH,NONE,NO,WET,CLEAR,RIGHT,TURN_RIGHT
117.45,0.95,2.58,148.4,RIGHT,HIGH,NONE,NO,DRY,FOG,STRAIGHT,MAINTAIN_SPEED
64.74,3.54,4.01,163.45,LEFT,HIGH,GREEN,NO,DRY,CLEAR,LEFT,MAINTAIN_SPEED
23.39,1.75,18.42,99.99,CENTER,MEDIUM,GREEN,YES,DRY,RAIN,LEFT,TURN_LEFT
111.81,-1.48,-14.0,129.61,CENTER,LOW,GREEN,NO,DRY,CLEAR,RIGHT,TURN_RIGHT
118.12,0.89,16.67,14.15,RIGHT,MEDIUM,GREEN,NO,DRY,CLEAR,RIGHT,TURN_RIGHT
142.82,2.72,-23.88,155.18,LEFT,HIGH,NONE,NO,WET,CLEAR,STRAIGHT,MAINTAIN_SPEED
72.6,1.56,-5.99,190.19,CENTER,HIGH,YELLOW,YES,WET,CLEAR,STRAIGHT,BRAKE
47.48,-4.48,0.56,19.64,CENTER,MEDIUM,YELLOW,NO,DRY,CLEAR,RIGHT,MAINTAIN_SPEED
57.37,3.54,-6.69,7.53,LEFT,LOW,RED,NO,DRY,FOG,STRAIGHT,STOP
145.61,0.2,-6.98,18.01,CENTER,MEDIUM,GREEN,NO,DRY,RAIN,LEFT,BRAKE
20.2,3.86,-10.24,109.06,CENTER,MEDIUM,GREEN,NO,DRY,RAIN,STRAIGHT,MAINTAIN_SPEED
92.06,-0.38,10.6,185.66,CENTER,HIGH,GREEN,NO,WET,RAIN,RIGHT,TURN_RIGHT
76.85,1.28,7.34,133.53,CENTER,MEDIUM,GREEN,NO,DRY,CLEAR,LEFT,MAINTAIN_SPEED
4.98,2.06,-5.9,48.39,CENTER,MEDIUM,GREEN,NO,DRY,CLEAR,STRAIGHT,ACCELERATE
2.46,2.06,-15.27,73.03,CENTER,MEDIUM,NONE,NO,DRY,CLEAR,STRAIGHT,ACCELERATE
67.84,-1.3,0.21,136.52,RIGHT,LOW,GREEN,NO,DRY,RAIN,STRAIGHT,MAINTAIN_SPEED
0.07,0.77,-12.92,134.8,CENTER,HIGH,NONE,NO,DRY,CLEAR,RIGHT,TURN_RIGHT
46.79,-0.98,-29.72,105.36,CENTER,LOW,RED,YES,DRY,CLEAR,LEFT,MAINTAIN_SPEED
84.72,-5.45,3.78,197.71,CENTER,LOW,RED,YES,SLIPPERY,CLEAR,LEFT,STOP
126.64,-0.98,0.04,87.88,LEFT,MEDIUM,NONE,NO,DRY,RAIN,STRAIGHT,MAINTAIN_SPEED
49.97,3.85,8.18,175.28,RIGHT,LOW,YELLOW,YES,WET,CLEAR,STRAIGHT,MAINTAIN_SPEED
12.16,-0.87,-12.58,45.4,CENTER,LOW,RED,YES,WET,CLEAR,STRAIGHT,BRAKE
48.01,1.85,-24.8,50.33,CENTER,LOW,YELLOW,YES,DRY,CLEAR,LEFT,TURN_LEFT
90.5,-0.29,17.84,122.71,LEFT,MEDIUM,GREEN,NO,WET,CLEAR,STRAIGHT,MAINTAIN_SPEED
36.12,1.27,-14.51,80.64,CENTER,LOW,GREEN,NO,DRY,RAIN,STRAIGHT,MAINTAIN_SPEED
127.77,0.19,-9.93,150.74,CENTER,HIGH,NONE,NO,DRY,CLEAR,STRAIGHT,CHANGE_LANE_LEFT
137.52,-0.08,-0.24,108.78,LEFT,HIGH,GREEN,NO,DRY,CLEAR,STRAIGHT,MAINTAIN_SPEED
132.06,2.21,-10.21,169.26,LEFT,HIGH,GREEN,NO,DRY,RAIN,RIGHT,TURN_RIGHT
71.08,0.81,4.14,173.46,CENTER,HIGH,NONE,NO,SLIPPERY,CLEAR,STRAIGHT,TURN_LEFT
102.58,-4.64,-12.04,111.33,LEFT,MEDIUM,GREEN,YES,DRY,CLEAR,RIGHT,TURN_RIGHT
121.82,1.73,-0.34,104.34,CENTER,LOW,GREEN,NO,DRY,CLEAR,STRAIGHT,MAINTAIN_SPEED
89.4,-1.29,-14.28,101.8,CENTER,HIGH,GREEN,NO,DRY,CLEAR,LEFT,TURN_RIGHT
46.16,-0.09,3.65,156.09,CENTER,HIGH,NONE,NO,DRY,CLEAR,RIGHT,CHANGE_LANE_RIGHT
16.15,3.55,-14.16,192.55,CENTER,MEDIUM,NONE,NO,DRY,CLEAR,STRAIGHT,ACCELERATE
87.95,-1.38,19.91,78.07,RIGHT,HIGH,GREEN,NO,DRY,CLEAR,STRAIGHT,MAINTAIN_SPEED
40.16,2.08,-23.23,147.39,CENTER,MEDIUM,GREEN,YES,WET,CLEAR,STRAIGHT,MAINTAIN_SPEED
4.18,-0.55,-10.79,169.15,RIGHT,LOW,GREEN,NO,DRY,CLEAR,STRAIGHT,ACCELERATE
5.31,-0.15,5.61,166.01,CENTER,MEDIUM,GREEN,YES,DRY,CLEAR,LEFT,ACCELERATE
57.32,-0.67,25.26,18.32,CENTER,HIGH,GREEN,NO,WET,CLEAR,STRAIGHT,MAINTAIN_SPEED
18.25,-1.5,-4.39,157.57,RIGHT,HIGH,YELLOW,NO,DRY,CLEAR,STRAIGHT,MAINTAIN_SPEED
103.6,-2.54,-14.15,187.85,LEFT,HIGH,GREEN,YES,DRY,CLEAR,LEFT,TURN_LEFT
123.93,1.97,-21.82,55.54,CENTER,HIGH,YELLOW,YES,DRY,CLEAR,RIGHT,BRAKE
130.84,1.64,-6.09,3.5,LEFT,HIGH,GREEN,NO,SLIPPERY,CLEAR,LEFT,BRAKE
127.23,0.73,-27.05,16.05,RIGHT,HIGH,GREEN,NO,DRY,CLEAR,RIGHT,TURN_RIGHT
131.88,-0.45,7.06,54.86,RIGHT,MEDIUM,GREEN,NO,DRY,CLEAR,STRAIGHT,MAINTAIN_SPEED
68.56,-1.27,2.46,154.13,LEFT,MEDIUM,GREEN,NO,DRY,RAIN,STRAIGHT,MAINTAIN_SPEED
9.13,-2.58,-4.9,138.7,RIGHT,MEDIUM,GREEN,NO,DRY,CLEAR,STRAIGHT,ACCELERATE
62.5,-4.05,0.84,150.01,RIGHT,LOW,NONE,NO,DRY,RAIN,RIGHT,MAINTAIN_SPEED
16.66,-1.5,-1.75,161.64,CENTER,LOW,GREEN,YES,DRY,CLEAR,STRAIGHT,ACCELERATE
93.21,-1.49,-17.97,183.1,CENTER,HIGH,GREEN,NO,SLIPPERY,CLEAR,STRAIGHT,BRAKE
63.3,-1.13,-10.49,22.24,CENTER,HIGH,GREEN,NO,DRY,RAIN,LEFT,TURN_LEFT
51.08,0.59,-14.87,164.47,RIGHT,LOW,NONE,NO,WET,FOG,STRAIGHT,MAINTAIN_SPEED
14.76,1.39,-6.32,26.32,CENTER,MEDIUM,GREEN,NO,DRY,CLEAR,STRAIGHT,MAINTAIN_SPEED
115.98,0.5,2.99,130.7,CENTER,LOW,GREEN,NO,WET,CLEAR,STRAIGHT,MAINTAIN_SPEED
111.44,-1.78,-9.17,10.78,CENTER,LOW,RED,NO,DRY,CLEAR,STRAIGHT,STOP
137.06,1.21,2.68,142.09,RIGHT,LOW,GREEN,NO,DRY,CLEAR,LEFT,MAINTAIN_SPEED
47.74,-1.08,5.29,49.82,CENTER,HIGH,GREEN,NO,DRY,FOG,LEFT,CHANGE_LANE_RIGHT
8.27,1.15,10.81,168.72,RIGHT,LOW,GREEN,NO,WET,CLEAR,STRAIGHT,ACCELERATE
41.49,0.08,-12.88,107.44,LEFT,MEDIUM,NONE,NO,SLIPPERY,RAIN,LEFT,TURN_LEFT
132.1,2.12,12.15,185.19,CENTER,HIGH,GREEN,NO,WET,CLEAR,STRAIGHT,CHANGE_LANE_RIGHT
77.49,-0.62,-5.39,14.51,CENTER,LOW,YELLOW,NO,DRY,RAIN,LEFT,BRAKE
140.3,-3.87,4.91,158.52,CENTER,LOW,NONE,NO,DRY,CLEAR,STRAIGHT,MAINTAIN_SPEED
70.46,-1.53,11.21,34.78,LEFT,MEDIUM,RED,NO,DRY,CLEAR,STRAIGHT,MAINTAIN_SPEED
89.09,1.74,11.53,126.71,CENTER,LOW,GREEN,NO,DRY,FOG,STRAIGHT,MAINTAIN_SPEED
124.86,1.19,-19.21,108.93,LEFT,HIGH,GREEN,NO,DRY,CLEAR,LEFT,TURN_LEFT
76.02,-0.88,-3.87,43.78,RIGHT,MEDIUM,GREEN,NO,DRY,CLEAR,STRAIGHT,MAINTAIN_SPEED
51.78,-1.54,38.0,164.61,RIGHT,MEDIUM,RED,NO,WET,CLEAR,STRAIGHT,BRAKE
63.46,-1.81,-19.29,130.09,CENTER,LOW,NONE,NO,DRY,CLEAR,STRAIGHT,MAINTAIN_SPEED
9.95,-2.69,-0.45,65.03,CENTER,MEDIUM,NONE,NO,DRY,CLEAR,STRAIGHT,ACCELERATE
44.18,4.86,-16.6,175.61,CENTER,LOW,GREEN,NO,DRY,CLEAR,RIGHT,TURN_RIGHT
18.62,2.55,7.87,56.48,CENTER,MEDIUM,NONE,NO,SLIPPERY,CLEAR,LEFT,MAINTAIN_SPEED
79.62,1.67,1.82,88.58,LEFT,HIGH,GREEN,NO,DRY,CLEAR,STRAIGHT,MAINTAIN_SPEED
82.78,-1.13,-10.45,2.9,LEFT,MEDIUM,RED,NO,DRY,CLEAR,LEFT,STOP
29.17,-2.8,-5.64,157.45,CENTER,MEDIUM,GREEN,NO,DRY,CLEAR,STRAIGHT,MAINTAIN_SPEED
17.09,0.24,-9.28,186.58,RIGHT,MEDIUM,NONE,NO,DRY,CLEAR,RIGHT,TURN_RIGHT
106.41,4.14,-17.83,79.15,CENTER,MEDIUM,GREEN,YES,DRY,CLEAR,STRAIGHT,MAINTAIN_SPEED
92.99,3.56,-4.59,178.13,CENTER,HIGH,GREEN,YES,WET,CLEAR,RIGHT,CHANGE_LANE_LEFT
123.32,-2.25,-9.3,38.24,CENTER,LOW,GREEN,NO,DRY,CLEAR,STRAIGHT,MAINTAIN_SPEED
103.23,-0.18,-5.74,85.85,CENTER,LOW,GREEN,NO,SLIPPERY,FOG,LEFT,BRAKE
66.39,-2.06,11.49,33.95,RIGHT,LOW,RED,NO,DRY,CLEAR,STRAIGHT,STOP
40.12,-1.32,14.61,112.48,CENTER,MEDIUM,GREEN,NO,DRY,CLEAR,STRAIGHT,MAINTAIN_SPEED
47.09,-0.04,16.67,28.22,CENTER,LOW,YELLOW,NO,WET,CLEAR,LEFT,STOP
77.54,-0.76,3.05,96.08,CENTER,MEDIUM,NONE,NO,DRY,RAIN,STRAIGHT,MAINTAIN_SPEED
67.53,2.05,-3.05,166.83,RIGHT,MEDIUM,GREEN,NO,DRY,RAIN,STRAIGHT,MAINTAIN_SPEED
105.59,-1.4,-4.47,91.57,CENTER,HIGH,YELLOW,NO,DRY,CLEAR,STRAIGHT,BRAKE
107.33,2.24,2.69,49.6,LEFT,MEDIUM,RED,YES,DRY,CLEAR,STRAIGHT,STOP
108.58,0.17,-3.65,74.46,LEFT,LOW,RED,NO,WET,RAIN,STRAIGHT,STOP
27.81,3.31,-9.39,87.0,LEFT,HIGH,GREEN,YES,DRY,CLEAR,STRAIGHT,MAINTAIN_SPEED
130.75,-0.81,-13.93,162.65,CENTER,HIGH,GREEN,NO,DRY,RAIN,RIGHT,TURN_RIGHT
96.29,-0.14,3.29,90.55,LEFT,LOW,RED,YES,DRY,CLEAR,RIGHT,STOP
55.27,0.29,9.48,143.61,RIGHT,MEDIUM,GREEN,NO,DRY,CLEAR,STRAIGHT,MAINTAIN_SPEED
74.43,0.97,-1.35,109.19,LEFT,MEDIUM,NONE,NO,DRY,CLEAR,LEFT,MAINTAIN_SPEED
146.62,4.25,20.41,184.64,CENTER,HIGH,GREEN,NO,DRY,FOG,RIGHT,TURN_RIGHT
140.86,0.34,-35.01,111.96,CENTER,HIGH,GREEN,NO,WET,RAIN,LEFT,TURN_LEFT
127.99,-1.19,-29.3,116.81,CENTER,MEDIUM,GREEN,NO,WET,FOG,STRAIGHT,MAINTAIN_SPEED
70.6,-0.96,-25.08,11.09,LEFT,HIGH,GREEN,NO,DRY,CLEAR,LEFT,TURN_LEFT
58.11,-1.92,-0.29,184.43,CENTER,HIGH,NONE,NO,DRY,CLEAR,RIGHT,CHANGE_LANE_LEFT
29.57,-0.72,10.65,19.15,CENTER,LOW,NONE,NO,DRY,RAIN,STRAIGHT,MAINTAIN_SPEED
35.82,-0.84,-9.68,42.45,RIGHT,MEDIUM,GREEN,NO,DRY,CLEAR,STRAIGHT,MAINTAIN_SPEED
98.85,6.24,2.38,101.58,LEFT,MEDIUM,RED,NO,DRY,CLEAR,STRAIGHT,STOP
98.27,0.75,0.8,181.8,CENTER,MEDIUM,NONE,NO,DRY,CLEAR,LEFT,MAINTAIN_SPEED
41.51,-0.13,8.84,98.6,LEFT,HIGH,NONE,NO,WET,FOG,LEFT,TURN_LEFT
121.5,1.84,9.06,8.44,CENTER,HIGH,GREEN,NO,DRY,RAIN,LEFT,TURN_LEFT
54.25,-0.84,-1.67,35.63,RIGHT,LOW,NONE,NO,WET,RAIN,LEFT,MAINTAIN_SPEED
5.86,0.45,-16.21,140.32,CENTER,LOW,GREEN,NO,DRY,CLEAR,LEFT,STOP
135.97,-1.47,-16.84,48.99,CENTER,HIGH,GREEN,NO,DRY,CLEAR,STRAIGHT,CHANGE_LANE_LEFT
51.33,2.14,6.46,126.53,RIGHT,MEDIUM,YELLOW,NO,DRY,RAIN,RIGHT,MAINTAIN_SPEED
145.72,-0.64,-23.52,59.67,CENTER,LOW,RED,NO,DRY,CLEAR,STRAIGHT,STOP
5.37,2.18,19.41,162.58,CENTER,MEDIUM,GREEN,NO,SLIPPERY,CLEAR,STRAIGHT,ACCELERATE
28.04,2.36,9.95,29.74,LEFT,HIGH,GREEN,YES,WET,RAIN,STRAIGHT,BRAKE
100.9,4.69,4.8,138.12,RIGHT,LOW,RED,NO,DRY,CLEAR,STRAIGHT,STOP
34.7,0.66,2.87,33.43,CENTER,LOW,GREEN,NO,WET,CLEAR,STRAIGHT,MAINTAIN_SPEED
131.99,1.49,20.42,26.47,LEFT,LOW,RED,NO,DRY,CLEAR,RIGHT,STOP
33.27,0.52,-8.32,194.11,CENTER,MEDIUM,GREEN,NO,DRY,CLEAR,RIGHT,TURN_RIGHT
23.07,-0.18,-4.43,54.4,CENTER,LOW,NONE,NO,WET,CLEAR,RIGHT,MAINTAIN_SPEED
144.16,2.32,5.94,55.71,CENTER,MEDIUM,GREEN,NO,DRY,RAIN,STRAIGHT,MAINTAIN_SPEED
88.57,-0.68,3.04,132.42,CENTER,LOW,RED,NO,DRY,RAIN,RIGHT,STOP
114.15,-1.65,14.38,87.37,CENTER,HIGH,GREEN,NO,DRY,CLEAR,LEFT,TURN_LEFT
107.61,-1.36,-15.42,109.05,CENTER,HIGH,RED,YES,WET,CLEAR,LEFT,STOP
68.98,-0.51,11.12,149.79,LEFT,HIGH,GREEN,NO,DRY,CLEAR,RIGHT,MAINTAIN_SPEED
122.79,-2.14,-5.01,88.65,LEFT,MEDIUM,GREEN,NO,DRY,FOG,STRAIGHT,MAINTAIN_SPEED
105.1,0.2,-27.55,142.33,CENTER,MEDIUM,GREEN,NO,DRY,CLEAR,RIGHT,STOP
81.77,0.7,-12.07,81.36,CENTER,LOW,RED,NO,WET,CLEAR,STRAIGHT,STOP
121.72,3.0,9.23,155.62,LEFT,MEDIUM,NONE,NO,DRY,CLEAR,LEFT,TURN_LEFT
88.31,-0.63,5.7,101.51,CENTER,LOW,GREEN,NO,DRY,CLEAR,STRAIGHT,MAINTAIN_SPEED
17.95,-2.24,1.08,81.94,CENTER,MEDIUM,GREEN,YES,DRY,CLEAR,STRAIGHT,ACCELERATE
119.51,1.79,0.98,54.36,RIGHT,LOW,RED,YES,SLIPPERY,RAIN,STRAIGHT,TURN_RIGHT
45.08,0.39,8.45,85.98,CENTER,MEDIUM,GREEN,NO,DRY,CLEAR,RIGHT,TURN_RIGHT
59.71,6.52,-11.97,98.1,CENTER,MEDIUM,GREEN,NO,DRY,CLEAR,LEFT,TURN_LEFT
18.01,1.57,0.4,134.6,LEFT,LOW,GREEN,YES,DRY,RAIN,STRAIGHT,MAINTAIN_SPEED
40.13,-1.0,-6.05,166.52,CENTER,MEDIUM,YELLOW,NO,DRY,CLEAR,STRAIGHT,MAINTAIN_SPEED
49.28,-1.57,-20.38,49.62,CENTER,LOW,NONE,NO,SLIPPERY,RAIN,LEFT,TURN_LEFT
76.36,1.39,11.35,120.69,CENTER,MEDIUM,YELLOW,NO,DRY,CLEAR,STRAIGHT,BRAKE
113.62,2.57,-12.62,5.26,LEFT,LOW,GREEN,NO,DRY,RAIN,STRAIGHT,BRAKE
70.03,4.31,-20.41,15.98,CENTER,MEDIUM,NONE,NO,WET,CLEAR,LEFT,TURN_LEFT
61.9,-4.41,-8.74,36.58,LEFT,MEDIUM,GREEN,YES,SLIPPERY,RAIN,STRAIGHT,BRAKE
132.37,2.13,11.96,89.71,LEFT,LOW,GREEN,NO,DRY,CLEAR,STRAIGHT,MAINTAIN_SPEED
17.27,2.13,20.49,2.23,RIGHT,HIGH,GREEN,NO,WET,CLEAR,STRAIGHT,MAINTAIN_SPEED
83.92,2.64,6.02,145.83,LEFT,LOW,YELLOW,NO,WET,RAIN,STRAIGHT,BRAKE
44.28,2.55,-11.52,55.32,CENTER,LOW,GREEN,NO,WET,CLEAR,RIGHT,TURN_RIGHT
92.63,1.45,25.62,123.79,CENTER,MEDIUM,GREEN,YES,DRY,CLEAR,RIGHT,TURN_RIGHT
149.09,-1.18,-31.61,136.12,RIGHT,MEDIUM,GREEN,NO,DRY,CLEAR,STRAIGHT,MAINTAIN_SPEED
133.96,1.37,8.09,155.83,RIGHT,MEDIUM,GREEN,NO,DRY,RAIN,STRAIGHT,MAINTAIN_SPEED
98.61,-5.53,7.27,183.83,CENTER,MEDIUM,GREEN,NO,DRY,CLEAR,STRAIGHT,MAINTAIN_SPEED
100.01,2.83,19.25,24.98,CENTER,MEDIUM,GREEN,NO,SLIPPERY,RAIN,RIGHT,BRAKE
62.06,1.43,3.18,166.04,RIGHT,HIGH,GREEN,NO,DRY,CLEAR,LEFT,MAINTAIN_SPEED
76.93,4.09,-10.66,27.74,CENTER,MEDIUM,YELLOW,NO,SLIPPERY,CLEAR,STRAIGHT,BRAKE
103.2,-0.09,10.21,197.06,CENTER,MEDIUM,GREEN,NO,WET,CLEAR,STRAIGHT,CHANGE_LANE_RIGHT
4.96,-1.32,-7.9,159.11,CENTER,MEDIUM,NONE,NO,DRY,RAIN,RIGHT,ACCELERATE
18.06,1.16,11.19,143.76,CENTER,HIGH,YELLOW,NO,DRY,RAIN,STRAIGHT,CHANGE_LANE_RIGHT
53.94,-3.34,-8.41,63.3,CENTER,HIGH,RED,YES,DRY,CLEAR,STRAIGHT,BRAKE
34.33,-2.2,2.62,124.26,CENTER,HIGH,GREEN,YES,DRY,RAIN,RIGHT,CHANGE_LANE_RIGHT
68.56,-3.04,0.88,170.06,CENTER,HIGH,GREEN,NO,WET,RAIN,STRAIGHT,CHANGE_LANE_RIGHT
123.51,-2.55,23.18,63.98,CENTER,MEDIUM,GREEN,NO,DRY,RAIN,STRAIGHT,MAINTAIN_SPEED
38.29,2.45,-0.69,113.16,CENTER,HIGH,RED,YES,DRY,CLEAR,LEFT,BRAKE
116.91,1.98,19.74,77.77,RIGHT,MEDIUM,NONE,NO,DRY,RAIN,STRAIGHT,MAINTAIN_SPEED
71.75,2.56,-24.18,36.41,RIGHT,MEDIUM,RED,YES,DRY,CLEAR,STRAIGHT,STOP
54.85,-3.62,-0.64,98.27,CENTER,LOW,NONE,YES,DRY,CLEAR,STRAIGHT,MAINTAIN_SPEED
110.85,0.52,0.58,129.46,CENTER,HIGH,YELLOW,NO,WET,CLEAR,STRAIGHT,BRAKE
29.74,-2.6,12.33,39.92,CENTER,HIGH,GREEN,NO,SLIPPERY,CLEAR,LEFT,TURN_LEFT
47.92,-3.45,4.38,21.68,LEFT,MEDIUM,GREEN,NO,DRY,CLEAR,STRAIGHT,MAINTAIN_SPEED
130.31,-2.08,-22.15,140.87,CENTER,MEDIUM,RED,NO,DRY,CLEAR,STRAIGHT,STOP
28.4,3.03,-12.35,50.42,LEFT,LOW,NONE,NO,DRY,RAIN,STRAIGHT,MAINTAIN_SPEED
82.11,2.16,25.54,36.3,CENTER,LOW,GREEN,NO,DRY,CLEAR,STRAIGHT,MAINTAIN_SPEED
80.84,-2.24,3.22,198.85,CENTER,MEDIUM,GREEN,NO,WET,FOG,LEFT,MAINTAIN_SPEED
76.48,-4.47,36.69,81.71,CENTER,LOW,NONE,YES,DRY,CLEAR,STRAIGHT,MAINTAIN_SPEED
110.43,3.04,-9.53,44.94,CENTER,MEDIUM,YELLOW,NO,DRY,CLEAR,STRAIGHT,BRAKE
56.79,0.38,-12.01,11.07,CENTER,MEDIUM,YELLOW,NO,DRY,CLEAR,LEFT,BRAKE
69.0,0.17,-17.86,131.98,CENTER,MEDIUM,RED,NO,DRY,CLEAR,STRAIGHT,STOP
85.54,-0.48,-8.21,189.6,RIGHT,LOW,GREEN,NO,DRY,CLEAR,RIGHT,TURN_RIGHT
109.5,-1.97,25.0,101.95,LEFT,MEDIUM,GREEN,NO,DRY,CLEAR,STRAIGHT,MAINTAIN_SPEED
125.64,-0.53,5.85,114.08,CENTER,LOW,GREEN,NO,DRY,RAIN,RIGHT,MAINTAIN_SPEED
139.18,-1.74,-10.18,187.14,CENTER,LOW,YELLOW,NO,WET,CLEAR,LEFT,BRAKE
30.54,-0.18,20.14,65.44,RIGHT,HIGH,GREEN,NO,WET,RAIN,STRAIGHT,MAINTAIN_SPEED
78.15,3.0,17.64,155.85,RIGHT,LOW,GREEN,NO,WET,CLEAR,STRAIGHT,MAINTAIN_SPEED
99.64,-0.3,13.0,27.59,RIGHT,MEDIUM,NONE,NO,WET,CLEAR,STRAIGHT,BRAKE
45.53,-0.78,-9.24,87.54,CENTER,HIGH,GREEN,YES,DRY,CLEAR,STRAIGHT,CHANGE_LANE_LEFT
55.38,2.06,-14.32,182.09,CENTER,LOW,NONE,NO,SLIPPERY,RAIN,STRAIGHT,BRAKE
20.66,-1.97,-22.64,95.13,CENTER,HIGH,GREEN,NO,DRY,CLEAR,LEFT,TURN_LEFT
60.33,2.63,-12.66,179.25,CENTER,MEDIUM,YELLOW,NO,DRY,CLEAR,STRAIGHT,BRAKE
23.81,6.17,-12.77,179.27,CENTER,LOW,RED,NO,WET,CLEAR,STRAIGHT,BRAKE
118.43,3.71,-4.95,168.56,CENTER,MEDIUM,GREEN,YES,DRY,RAIN,RIGHT,MAINTAIN_SPEED
8.1,2.33,-33.13,132.22,LEFT,LOW,GREEN,YES,DRY,RAIN,STRAIGHT,ACCELERATE
16.72,4.9,-9.27,137.85,LEFT,LOW,GREEN,NO,WET,CLEAR,STRAIGHT,ACCELERATE
121.22,6.72,1.67,86.82,CENTER,MEDIUM,YELLOW,NO,DRY,CLEAR,STRAIGHT,BRAKE
68.41,1.28,20.41,184.3,CENTER,HIGH,GREEN,YES,SLIPPERY,CLEAR,RIGHT,BRAKE
68.17,0.51,2.89,120.32,RIGHT,HIGH,GREEN,NO,DRY,CLEAR,RIGHT,MAINTAIN_SPEED
78.71,3.62,-6.85,191.61,CENTER,LOW,GREEN,YES,DRY,CLEAR,STRAIGHT,MAINTAIN_SPEED
65.11,3.4,8.69,54.69,CENTER,MEDIUM,RED,NO,DRY,CLEAR,STRAIGHT,STOP
0.46,0.62,3.08,139.51,CENTER,MEDIUM,YELLOW,NO,DRY,CLEAR,STRAIGHT,MAINTAIN_SPEED
91.9,-1.98,9.37,127.2,CENTER,LOW,GREEN,NO,WET,CLEAR,STRAIGHT,MAINTAIN_SPEED
82.11,-1.7,-2.34,57.67,CENTER,MEDIUM,NONE,NO,DRY,CLEAR,RIGHT,MAINTAIN_SPEED
24.75,2.07,8.95,44.94,CENTER,MEDIUM,YELLOW,NO,SLIPPERY,CLEAR,STRAIGHT,MAINTAIN_SPEED
60.94,5.51,-7.07,145.36,CENTER,LOW,GREEN,YES,DRY,CLEAR,STRAIGHT,MAINTAIN_SPEED
52.94,2.69,-1.2,33.15,RIGHT,LOW,GREEN,YES,DRY,CLEAR,STRAIGHT,MAINTAIN_SPEED
105.4,1.38,-10.79,164.78,LEFT,HIGH,GREEN,NO,DRY,CLEAR,STRAIGHT,MAINTAIN_SPEED
47.74,-1.23,10.9,24.37,CENTER,HIGH,GREEN,NO,DRY,RAIN,RIGHT,TURN_RIGHT
92.31,-0.82,2.85,112.36,CENTER,HIGH,GREEN,NO,DRY,CLEAR,STRAIGHT,CHANGE_LANE_RIGHT
128.25,1.04,21.8,64.84,RIGHT,MEDIUM,GREEN,NO,DRY,FOG,LEFT,TURN_LEFT
58.61,-3.42,24.23,142.38,LEFT,MEDIUM,NONE,NO,DRY,CLEAR,STRAIGHT,MAINTAIN_SPEED
125.35,4.05,7.72,155.58,CENTER,MEDIUM,NONE,NO,DRY,RAIN,STRAIGHT,MAINTAIN_SPEED
91.99,-2.0,5.39,79.04,RIGHT,HIGH,NONE,NO,DRY,CLEAR,STRAIGHT,MAINTAIN_SPEED
107.26,-0.29,27.36,161.88,RIGHT,MEDIUM,NONE,NO,DRY,CLEAR,RIGHT,TURN_RIGHT
4.5,-0.97,-4.34,124.39,LEFT,LOW,GREEN,NO,SLIPPERY,CLEAR,RIGHT,ACCELERATE
126.15,3.83,-18.86,63.27,RIGHT,HIGH,GREEN,NO,SLIPPERY,RAIN,STRAIGHT,BRAKE
14.76,2.62,-22.17,72.42,CENTER,LOW,YELLOW,NO,WET,CLEAR,STRAIGHT,MAINTAIN_SPEED
106.47,0.99,18.79,191.49,CENTER,HIGH,RED,NO,WET,RAIN,LEFT,STOP
40.34,-5.38,9.26,42.05,CENTER,LOW,YELLOW,YES,DRY,RAIN,RIGHT,TURN_RIGHT
34.66,4.31,-11.59,148.78,LEFT,MEDIUM,YELLOW,NO,DRY,CLEAR,STRAIGHT,MAINTAIN_SPEED
149.4,3.02,3.32,111.94,CENTER,HIGH,NONE,YES,DRY,CLEAR,STRAIGHT,CHANGE_LANE_RIGHT
69.4,-2.27,14.58,114.89,CENTER,MEDIUM,GREEN,NO,DRY,CLEAR,STRAIGHT,MAINTAIN_SPEED
45.33,-1.25,-1.12,3.93,CENTER,MEDIUM,GREEN,NO,WET,FOG,RIGHT,MAINTAIN_SPEED
42.29,-1.71,9.3,169.64,RIGHT,MEDIUM,NONE,NO,DRY,CLEAR,RIGHT,TURN_RIGHT
53.13,-0.09,-7.99,160.8,CENTER,HIGH,GREEN,NO,DRY,RAIN,RIGHT,CHANGE_LANE_LEFT
43.3,-4.79,5.84,10.88,CENTER,MEDIUM,GREEN,NO,DRY,CLEAR,LEFT,MAINTAIN_SPEED
94.16,-1.83,18.99,57.55,CENTER,HIGH,NONE,NO,DRY,CLEAR,STRAIGHT,CHANGE_LANE_RIGHT
66.29,0.62,-5.77,178.74,CENTER,LOW,NONE,NO,DRY,CLEAR,LEFT,MAINTAIN_SPEED
80.19,3.25,-3.18,80.45,CENTER,MEDIUM,GREEN,NO,DRY,CLEAR,STRAIGHT,MAINTAIN_SPEED
90.7,1.34,-13.24,91.55,CENTER,HIGH,GREEN,YES,WET,CLEAR,STRAIGHT,CHANGE_LANE_LEFT
63.03,0.75,18.79,144.59,CENTER,HIGH,NONE,YES,DRY,CLEAR,STRAIGHT,CHANGE_LANE_RIGHT
118.69,0.17,17.44,18.66,LEFT,LOW,GREEN,NO,DRY,CLEAR,STRAIGHT,BRAKE
113.24,0.93,-7.48,87.41,CENTER,MEDIUM,NONE,NO,DRY,CLEAR,STRAIGHT,MAINTAIN_SPEED
104.55,-4.23,-12.71,52.31,CENTER,LOW,NONE,NO,DRY,RAIN,STRAIGHT,MAINTAIN_SPEED
15.96,-2.22,10.56,180.31,CENTER,MEDIUM,RED,YES,DRY,CLEAR,STRAIGHT,BRAKE
26.73,0.57,11.44,4.47,CENTER,MEDIUM,GREEN,NO,DRY,FOG,STRAIGHT,MAINTAIN_SPEED
97.96,-0.88,-18.03,195.45,CENTER,MEDIUM,GREEN,NO,DRY,RAIN,STRAIGHT,MAINTAIN_SPEED
123.47,-0.32,-7.12,60.39,CENTER,LOW,GREEN,NO,DRY,CLEAR,RIGHT,MAINTAIN_SPEED
102.81,-0.75,9.69,82.78,LEFT,MEDIUM,GREEN,NO,SLIPPERY,RAIN,STRAIGHT,BRAKE
2.58,-0.63,-9.39,101.07,LEFT,LOW,YELLOW,NO,DRY,CLEAR,STRAIGHT,MAINTAIN_SPEED
65.87,-0.22,-18.86,186.02,LEFT,LOW,GREEN,NO,WET,CLEAR,STRAIGHT,MAINTAIN_SPEED
96.34,1.39,-0.94,130.64,RIGHT,LOW,GREEN,NO,DRY,CLEAR,STRAIGHT,MAINTAIN_SPEED
105.02,-4.09,-12.54,113.65,CENTER,LOW,GREEN,NO,DRY,CLEAR,RIGHT,TURN_RIGHT
48.37,-1.65,0.69,196.36,RIGHT,MEDIUM,GREEN,YES,DRY,CLEAR,LEFT,MAINTAIN_SPEED
125.24,-3.11,-10.99,127.29,RIGHT,MEDIUM,NONE,NO,DRY,CLEAR,STRAIGHT,MAINTAIN_SPEED
118.04,4.68,-21.59,85.49,CENTER,MEDIUM,GREEN,NO,WET,FOG,STRAIGHT,MAINTAIN_SPEED
139.58,2.89,-2.52,16.38,CENTER,LOW,GREEN,NO,DRY,CLEAR,STRAIGHT,BRAKE
40.66,3.57,-16.84,143.46,CENTER,MEDIUM,GREEN,NO,DRY,CLEAR,STRAIGHT,MAINTAIN_SPEED
114.23,-0.79,1.7,142.49,CENTER,LOW,GREEN,NO,WET,RAIN,STRAIGHT,MAINTAIN_SPEED
59.68,-3.2,-2.03,64.58,CENTER,LOW,RED,NO,DRY,CLEAR,STRAIGHT,STOP
81.75,-2.1,-12.22,11.75,CENTER,HIGH,YELLOW,NO,DRY,CLEAR,STRAIGHT,BRAKE
137.96,0.75,-13.45,25.4,CENTER,MEDIUM,YELLOW,YES,DRY,CLEAR,LEFT,BRAKE
1.97,-1.38,-15.2,132.84,LEFT,HIGH,GREEN,YES,DRY,FOG,STRAIGHT,ACCELERATE
78.62,1.95,-10.82,159.27,RIGHT,MEDIUM,GREEN,NO,WET,CLEAR,STRAIGHT,MAINTAIN_SPEED
144.06,-0.23,16.96,25.13,CENTER,LOW,GREEN,NO,WET,FOG,RIGHT,BRAKE
43.5,1.36,-4.29,60.88,CENTER,MEDIUM,NONE,NO,DRY,RAIN,STRAIGHT,MAINTAIN_SPEED
101.5,-1.73,-42.32,94.52,RIGHT,LOW,GREEN,NO,DRY,FOG,STRAIGHT,MAINTAIN_SPEED
125.74,0.32,-1.89,197.65,RIGHT,MEDIUM,YELLOW,YES,DRY,CLEAR,STRAIGHT,BRAKE
118.17,-1.03,-2.5,13.99,CENTER,HIGH,YELLOW,NO,SLIPPERY,RAIN,RIGHT,BRAKE
38.27,2.35,19.05,194.15,LEFT,MEDIUM,RED,NO,DRY,CLEAR,STRAIGHT,BRAKE
95.82,1.3,-2.3,145.28,CENTER,MEDIUM,GREEN,NO,SLIPPERY,FOG,STRAIGHT,BRAKE
34.38,1.33,8.61,73.38,CENTER,MEDIUM,GREEN,NO,DRY,CLEAR,LEFT,TURN_LEFT
72.41,-4.15,-4.94,115.58,RIGHT,MEDIUM,GREEN,YES,DRY,CLEAR,STRAIGHT,MAINTAIN_SPEED
142.63,0.42,-0.85,166.98,CENTER,MEDIUM,YELLOW,NO,SLIPPERY,CLEAR,STRAIGHT,BRAKE
42.97,-2.98,7.7,59.94,LEFT,HIGH,GREEN,NO,SLIPPERY,RAIN,RIGHT,MAINTAIN_SPEED
35.27,1.26,-7.42,178.38,CENTER,MEDIUM,GREEN,NO,DRY,CLEAR,LEFT,MAINTAIN_SPEED
67.66,3.3,-19.05,48.19,LEFT,LOW,GREEN,NO,DRY,CLEAR,STRAIGHT,MAINTAIN_SPEED
21.3,2.8,0.03,7.59,CENTER,HIGH,GREEN,NO,DRY,CLEAR,RIGHT,MAINTAIN_SPEED
105.73,-0.29,-8.37,37.7,CENTER,MEDIUM,GREEN,NO,DRY,CLEAR,LEFT,TURN_LEFT
49.12,0.28,-15.5,170.74,CENTER,MEDIUM,GREEN,NO,DRY,CLEAR,LEFT,TURN_LEFT
135.31,-1.28,5.88,95.04,CENTER,MEDIUM,RED,NO,DRY,CLEAR,LEFT,STOP
115.34,-0.77,-2.79,56.26,CENTER,HIGH,NONE,NO,WET,CLEAR,STRAIGHT,CHANGE_LANE_LEFT
84.49,1.14,-15.42,31.49,CENTER,MEDIUM,NONE,NO,DRY,CLEAR,STRAIGHT,MAINTAIN_SPEED
92.06,0.78,-16.55,43.49,CENTER,MEDIUM,GREEN,NO,DRY,CLEAR,RIGHT,TURN_RIGHT
145.89,-1.2,37.58,86.2,RIGHT,HIGH,YELLOW,NO,DRY,CLEAR,STRAIGHT,BRAKE
54.79,-0.61,12.89,49.46,LEFT,LOW,NONE,NO,SLIPPERY,CLEAR,STRAIGHT,BRAKE
2.56,0.02,-14.2,70.32,CENTER,HIGH,GREEN,YES,DRY,CLEAR,RIGHT,TURN_RIGHT
48.52,-4.65,-7.72,23.47,CENTER,MEDIUM,GREEN,NO,DRY,CLEAR,STRAIGHT,MAINTAIN_SPEED
48.45,3.11,2.37,164.33,CENTER,MEDIUM,RED,NO,DRY,CLEAR,LEFT,BRAKE
10.28,3.23,1.44,151.93,CENTER,MEDIUM,RED,NO,DRY,CLEAR,RIGHT,BRAKE
89.11,0.97,1.57,105.14,CENTER,MEDIUM,NONE,NO,SLIPPERY,CLEAR,RIGHT,BRAKE
5.12,-2.36,-30.59,152.9,LEFT,MEDIUM,GREEN,NO,WET,CLEAR,STRAIGHT,ACCELERATE
127.98,-2.95,-10.33,198.88,CENTER,LOW,RED,YES,SLIPPERY,FOG,STRAIGHT,STOP
124.9,-2.66,9.27,193.46,LEFT,LOW,GREEN,NO,DRY,CLEAR,LEFT,TURN_LEFT
134.02,-2.51,21.07,134.04,CENTER,LOW,GREEN,NO,WET,RAIN,STRAIGHT,MAINTAIN_SPEED
91.75,-0.09,1.16,177.84,CENTER,MEDIUM,GREEN,NO,DRY,CLEAR,RIGHT,MAINTAIN_SPEED
28.71,0.6,5.72,96.1,CENTER,LOW,GREEN,NO,DRY,CLEAR,LEFT,MAINTAIN_SPEED
52.54,-0.11,-7.8,79.41,CENTER,MEDIUM,RED,NO,DRY,CLEAR,STRAIGHT,BRAKE
77.7,-1.0,-23.74,169.24,LEFT,MEDIUM,GREEN,NO,SLIPPERY,RAIN,STRAIGHT,BRAKE
130.09,0.95,-12.65,56.91,CENTER,LOW,GREEN,NO,DRY,RAIN,STRAIGHT,MAINTAIN_SPEED
30.3,2.75,-2.07,136.95,CENTER,HIGH,NONE,NO,DRY,CLEAR,LEFT,CHANGE_LANE_LEFT
120.02,1.46,5.96,58.1,CENTER,MEDIUM,GREEN,NO,WET,CLEAR,STRAIGHT,TURN_RIGHT
2.38,0.17,-3.22,186.16,CENTER,HIGH,GREEN,NO,DRY,RAIN,STRAIGHT,CHANGE_LANE_LEFT
83.79,3.75,-8.36,26.59,CENTER,MEDIUM,NONE,NO,SLIPPERY,FOG,STRAIGHT,BRAKE
44.89,-4.46,33.84,17.46,CENTER,MEDIUM,RED,NO,WET,CLEAR,LEFT,BRAKE
48.11,-3.6,-15.56,193.91,CENTER,MEDIUM,NONE,YES,DRY,CLEAR,LEFT,TURN_LEFT
96.39,-1.41,-6.35,43.44,CENTER,LOW,RED,NO,DRY,RAIN,STRAIGHT,STOP
96.08,-5.56,5.62,89.59,LEFT,MEDIUM,NONE,YES,DRY,CLEAR,STRAIGHT,MAINTAIN_SPEED
85.07,-1.0,-18.26,17.66,CENTER,HIGH,YELLOW,NO,DRY,RAIN,STRAIGHT,BRAKE
4.62,-2.8,29.21,144.5,LEFT,HIGH,GREEN,NO,DRY,CLEAR,LEFT,TURN_LEFT
76.12,-2.03,2.47,167.5,LEFT,MEDIUM,GREEN,NO,DRY,RAIN,RIGHT,MAINTAIN_SPEED
15.68,-0.55,-5.34,131.88,CENTER,LOW,NONE,NO,DRY,CLEAR,STRAIGHT,ACCELERATE
61.64,0.25,-1.82,88.84,CENTER,MEDIUM,GREEN,NO,DRY,CLEAR,STRAIGHT,MAINTAIN_SPEED
6.05,-0.79,10.23,99.03,RIGHT,MEDIUM,YELLOW,NO,DRY,CLEAR,RIGHT,TURN_RIGHT
32.38,0.12,-2.03,4.96,RIGHT,LOW,GREEN,NO,DRY,CLEAR,STRAIGHT,MAINTAIN_SPEED
23.26,-1.7,-8.1,57.65,CENTER,HIGH,NONE,NO,DRY,FOG,RIGHT,TURN_RIGHT
91.32,5.44,-8.35,97.0,CENTER,HIGH,NONE,YES,DRY,RAIN,STRAIGHT,CHANGE_LANE_LEFT
17.67,0.61,16.29,195.9,CENTER,LOW,YELLOW,NO,SLIPPERY,CLEAR,RIGHT,TURN_RIGHT
67.62,0.64,-5.4,3.99,RIGHT,MEDIUM,GREEN,NO,DRY,CLEAR,STRAIGHT,MAINTAIN_SPEED
79.13,0.88,-6.3,178.69,CENTER,HIGH,GREEN,YES,DRY,RAIN,STRAIGHT,CHANGE_LANE_LEFT
68.81,0.18,1.79,119.72,CENTER,HIGH,GREEN,NO,WET,CLEAR,RIGHT,CHANGE_LANE_RIGHT
99.99,1.87,23.52,126.68,CENTER,MEDIUM,GREEN,YES,DRY,CLEAR,STRAIGHT,MAINTAIN_SPEED
0.36,-1.53,-5.82,177.62,CENTER,MEDIUM,GREEN,NO,WET,CLEAR,LEFT,ACCELERATE
4.77,1.14,-8.64,57.47,LEFT,LOW,RED,YES,DRY,RAIN,STRAIGHT,BRAKE
56.24,2.3,-3.91,75.86,CENTER,MEDIUM,GREEN,NO,DRY,CLEAR,RIGHT,MAINTAIN_SPEED
98.58,1.58,-6.02,16.6,CENTER,LOW,GREEN,NO,DRY,CLEAR,STRAIGHT,BRAKE
25.63,-3.16,0.15,161.23,CENTER,MEDIUM,GREEN,NO,DRY,CLEAR,STRAIGHT,MAINTAIN_SPEED
74.43,-0.11,-6.48,53.15,CENTER,MEDIUM,GREEN,NO,WET,CLEAR,LEFT,MAINTAIN_SPEED
46.27,-2.56,-9.68,129.49,LEFT,LOW,GREEN,NO,DRY,CLEAR,STRAIGHT,MAINTAIN_SPEED
115.27,-0.04,-6.95,122.59,CENTER,MEDIUM,RED,YES,WET,CLEAR,STRAIGHT,STOP
97.51,2.8,-31.14,113.35,RIGHT,MEDIUM,GREEN,NO,DRY,RAIN,RIGHT,TURN_RIGHT
148.39,-0.94,-2.94,159.87,LEFT,HIGH,GREEN,NO,DRY,CLEAR,RIGHT,MAINTAIN_SPEED
46.67,2.69,13.7,131.11,CENTER,LOW,GREEN,NO,DRY,CLEAR,STRAIGHT,MAINTAIN_SPEED
60.71,0.84,7.87,122.2,CENTER,HIGH,YELLOW,YES,DRY,FOG,LEFT,BRAKE
58.55,1.66,19.28,86.53,CENTER,HIGH,GREEN,NO,DRY,CLEAR,RIGHT,TURN_RIGHT
60.6,-0.63,-5.58,10.32,LEFT,HIGH,YELLOW,YES,DRY,CLEAR,STRAIGHT,BRAKE
120.86,-2.38,10.05,186.36,RIGHT,HIGH,RED,NO,DRY,CLEAR,LEFT,STOP
119.56,0.03,14.35,6.63,RIGHT,LOW,NONE,NO,DRY,CLEAR,RIGHT,TURN_RIGHT
21.94,1.03,8.14,151.72,LEFT,LOW,GREEN,NO,DRY,RAIN,STRAIGHT,MAINTAIN_SPEED
87.17,-0.98,15.27,25.92,CENTER,LOW,YELLOW,NO,DRY,RAIN,STRAIGHT,BRAKE
133.41,0.82,-36.01,175.45,RIGHT,LOW,NONE,NO,DRY,CLEAR,STRAIGHT,MAINTAIN_SPEED
133.35,-5.16,-2.68,111.12,CENTER,MEDIUM,GREEN,NO,DRY,CLEAR,RIGHT,MAINTAIN_SPEED
66.61,2.68,-13.04,140.39,CENTER,MEDIUM,GREEN,NO,DRY,CLEAR,STRAIGHT,MAINTAIN_SPEED
109.12,4.09,6.63,105.29,CENTER,LOW,NONE,NO,SLIPPERY,CLEAR,RIGHT,BRAKE
76.76,3.17,-5.95,49.17,RIGHT,MEDIUM,NONE,NO,DRY,CLEAR,STRAIGHT,MAINTAIN_SPEED
41.77,-2.9,-0.73,161.8,CENTER,LOW,GREEN,YES,DRY,CLEAR,STRAIGHT,MAINTAIN_SPEED
0.93,-1.0,-15.29,58.27,LEFT,MEDIUM,GREEN,NO,WET,CLEAR,STRAIGHT,ACCELERATE
118.9,-3.43,9.92,128.23,CENTER,HIGH,YELLOW,NO,DRY,CLEAR,LEFT,BRAKE
108.24,1.72,-1.44,21.11,RIGHT,HIGH,RED,NO,WET,CLEAR,RIGHT,CHANGE_LANE_LEFT
126.36,-1.6,3.97,68.94,CENTER,HIGH,GREEN,NO,DRY,CLEAR,STRAIGHT,CHANGE_LANE_RIGHT
27.19,1.65,-3.95,80.11,CENTER,LOW,NONE,YES,DRY,RAIN,STRAIGHT,MAINTAIN_SPEED
52.56,0.24,-9.38,69.57,CENTER,MEDIUM,NONE,NO,DRY,CLEAR,LEFT,TURN_LEFT
7.09,4.46,-4.16,176.29,CENTER,MEDIUM,GREEN,NO,SLIPPERY,RAIN,RIGHT,ACCELERATE
139.93,-2.65,-7.02,51.22,CENTER,MEDIUM,YELLOW,NO,DRY,CLEAR,STRAIGHT,BRAKE
101.2,-1.87,10.73,157.22,CENTER,LOW,GREEN,NO,DRY,RAIN,STRAIGHT,MAINTAIN_SPEED
4.76,2.15,-5.16,181.13,RIGHT,LOW,RED,NO,DRY,CLEAR,RIGHT,BRAKE
1.62,-2.75,5.43,161.43,LEFT,MEDIUM,YELLOW,NO,DRY,CLEAR,STRAIGHT,MAINTAIN_SPEED
32.14,-2.37,-11.3,44.2,CENTER,HIGH,GREEN,NO,WET,CLEAR,STRAIGHT,CHANGE_LANE_LEFT
88.79,-3.52,-18.81,110.66,RIGHT,LOW,GREEN,YES,DRY,CLEAR,RIGHT,TURN_RIGHT
41.02,1.28,-7.99,97.3,CENTER,LOW,YELLOW,NO,DRY,CLEAR,RIGHT,MAINTAIN_SPEED
36.33,-1.16,14.81,146.5,RIGHT,MEDIUM,GREEN,NO,SLIPPERY,CLEAR,STRAIGHT,MAINTAIN_SPEED
14.2,-0.92,15.08,126.19,CENTER,MEDIUM,GREEN,NO,DRY,CLEAR,STRAIGHT,ACCELERATE
52.79,-2.27,-6.13,144.13,CENTER,MEDIUM,NONE,NO,DRY,CLEAR,STRAIGHT,MAINTAIN_SPEED
148.73,2.79,-29.31,177.48,RIGHT,HIGH,NONE,NO,DRY,CLEAR,STRAIGHT,CHANGE_LANE_LEFT
140.03,-2.16,-10.24,166.54,CENTER,MEDIUM,GREEN,YES,WET,CLEAR,STRAIGHT,MAINTAIN_SPEED
89.92,-2.52,11.52,52.18,RIGHT,LOW,GREEN,NO,WET,RAIN,STRAIGHT,MAINTAIN_SPEED
131.63,3.29,-1.93,36.25,CENTER,HIGH,GREEN,NO,SLIPPERY,CLEAR,LEFT,BRAKE
55.09,-0.71,3.42,124.17,LEFT,LOW,YELLOW,NO,WET,CLEAR,LEFT,BRAKE
111.0,-0.72,1.29,90.79,CENTER,MEDIUM,NONE,NO,DRY,RAIN,RIGHT,MAINTAIN_SPEED
20.76,-0.64,-7.62,127.42,CENTER,HIGH,YELLOW,NO,DRY,CLEAR,RIGHT,CHANGE_LANE_LEFT
73.53,1.17,11.79,40.33,CENTER,LOW,NONE,NO,WET,RAIN,LEFT,TURN_LEFT
137.55,1.15,-24.68,120.1,LEFT,MEDIUM,NONE,NO,DRY,CLEAR,STRAIGHT,MAINTAIN_SPEED
85.45,1.33,-1.96,124.21,CENTER,LOW,GREEN,NO,DRY,CLEAR,STRAIGHT,MAINTAIN_SPEED
72.53,-1.34,20.39,11.32,RIGHT,MEDIUM,RED,YES,SLIPPERY,CLEAR,LEFT,STOP
48.05,-1.14,-5.12,168.63,CENTER,HIGH,GREEN,NO,DRY,CLEAR,STRAIGHT,CHANGE_LANE_LEFT
35.25,-2.75,-16.42,41.77,CENTER,HIGH,YELLOW,NO,WET,FOG,LEFT,TURN_LEFT
90.23,3.25,0.6,170.59,LEFT,LOW,GREEN,NO,DRY,RAIN,STRAIGHT,MAINTAIN_SPEED
142.95,1.06,15.12,187.22,CENTER,LOW,NONE,NO,SLIPPERY,RAIN,STRAIGHT,BRAKE
72.04,-1.77,-19.7,164.7,RIGHT,HIGH,NONE,YES,DRY,CLEAR,STRAIGHT,CHANGE_LANE_LEFT
131.5,-2.77,14.15,101.23,CENTER,MEDIUM,GREEN,NO,DRY,CLEAR,RIGHT,TURN_RIGHT
93.31,2.39,-19.37,34.29,CENTER,MEDIUM,GREEN,YES,DRY,CLEAR,LEFT,TURN_LEFT
0.09,-0.56,7.8,52.0,CENTER,LOW,GREEN,NO,DRY,CLEAR,STRAIGHT,ACCELERATE
37.48,-2.63,0.32,155.27,CENTER,LOW,RED,NO,DRY,CLEAR,RIGHT,BRAKE
56.95,2.02,11.14,93.62,CENTER,MEDIUM,GREEN,NO,DRY,CLEAR,STRAIGHT,MAINTAIN_SPEED
87.83,-0.14,-14.73,123.8,CENTER,LOW,GREEN,NO,WET,FOG,STRAIGHT,MAINTAIN_SPEED
100.75,6.61,-11.54,72.25,RIGHT,LOW,GREEN,YES,DRY,RAIN,LEFT,TURN_LEFT
107.32,-1.75,-9.92,108.41,CENTER,HIGH,GREEN,NO,DRY,CLEAR,LEFT,TURN_LEFT
81.92,1.4,-20.76,99.63,CENTER,MEDIUM,RED,YES,WET,CLEAR,LEFT,BRAKE
2.65,0.17,-6.56,105.26,LEFT,HIGH,GREEN,NO,WET,CLEAR,STRAIGHT,ACCELERATE
100.89,-2.33,-10.36,72.09,CENTER,HIGH,GREEN,NO,WET,CLEAR,LEFT,TURN_LEFT
19.15,0.88,4.1,136.26,CENTER,HIGH,RED,NO,DRY,CLEAR,STRAIGHT,BRAKE
98.55,-3.14,5.08,54.6,CENTER,HIGH,RED,NO,SLIPPERY,CLEAR,STRAIGHT,STOP
97.9,2.53,-0.49,188.2,CENTER,MEDIUM,NONE,YES,SLIPPERY,FOG,RIGHT,BRAKE
86.63,2.96,9.5,118.93,CENTER,LOW,NONE,NO,DRY,CLEAR,STRAIGHT,MAINTAIN_SPEED
94.67,3.74,9.36,151.74,LEFT,LOW,GREEN,YES,DRY,CLEAR,STRAIGHT,MAINTAIN_SPEED
125.58,0.89,16.52,5.61,CENTER,MEDIUM,NONE,YES,WET,RAIN,LEFT,STOP
35.67,-0.88,1.36,49.73,CENTER,MEDIUM,GREEN,NO,WET,CLEAR,STRAIGHT,MAINTAIN_SPEED
64.76,-4.1,-5.81,135.2,CENTER,LOW,YELLOW,NO,DRY,RAIN,LEFT,BRAKE
148.77,0.63,-2.49,166.21,CENTER,MEDIUM,YELLOW,NO,DRY,CLEAR,RIGHT,BRAKE
94.48,0.36,15.49,170.93,CENTER,HIGH,RED,NO,DRY,CLEAR,RIGHT,STOP
96.46,0.88,-19.03,32.91,LEFT,MEDIUM,NONE,NO,DRY,RAIN,STRAIGHT,BRAKE
3.63,0.0,6.49,55.19,CENTER,HIGH,YELLOW,NO,WET,CLEAR,LEFT,CHANGE_LANE_RIGHT
2.67,-3.37,-40.44,93.35,RIGHT,MEDIUM,GREEN,YES,WET,FOG,LEFT,TURN_LEFT
75.9,1.67,7.09,138.29,CENTER,MEDIUM,GREEN,YES,DRY,CLEAR,STRAIGHT,MAINTAIN_SPEED
51.02,1.16,-21.29,72.77,CENTER,HIGH,GREEN,NO,DRY,RAIN,STRAIGHT,CHANGE_LANE_LEFT
69.28,-0.64,6.8,154.84,CENTER,MEDIUM,YELLOW,NO,DRY,CLEAR,RIGHT,BRAKE
13.28,-1.26,8.76,113.26,CENTER,LOW,GREEN,NO,DRY,CLEAR,STRAIGHT,ACCELERATE
7.68,3.19,6.33,185.61,RIGHT,MEDIUM,RED,NO,DRY,RAIN,STRAIGHT,MAINTAIN_SPEED
122.24,2.82,16.87,137.4,CENTER,MEDIUM,NONE,NO,DRY,CLEAR,RIGHT,TURN_RIGHT
101.18,-1.19,10.27,4.07,LEFT,HIGH,GREEN,YES,DRY,RAIN,RIGHT,STOP
55.76,-0.85,-3.51,179.99,CENTER,LOW,GREEN,YES,DRY,CLEAR,STRAIGHT,MAINTAIN_SPEED
32.07,0.48,4.58,115.37,LEFT,HIGH,RED,YES,DRY,CLEAR,STRAIGHT,STOP
52.0,0.84,-9.44,129.0,LEFT,LOW,GREEN,NO,WET,CLEAR,RIGHT,TURN_RIGHT
57.05,2.38,-9.99,110.47,CENTER,HIGH,YELLOW,NO,DRY,FOG,STRAIGHT,BRAKE
65.31,1.35,-13.09,73.41,RIGHT,MEDIUM,GREEN,NO,DRY,CLEAR,STRAIGHT,MAINTAIN_SPEED
7.44,-0.82,1.38,131.42,CENTER,LOW,NONE,YES,SLIPPERY,CLEAR,LEFT,ACCELERATE
130.17,-1.53,-19.86,142.56,CENTER,LOW,NONE,YES,DRY,CLEAR,LEFT,TURN_LEFT
94.21,4.82,-8.58,20.64,RIGHT,LOW,NONE,YES,WET,CLEAR,RIGHT,BRAKE
115.33,3.39,3.87,187.14,CENTER,LOW,GREEN,NO,WET,RAIN,STRAIGHT,MAINTAIN_SPEED
0.25,3.8,10.28,31.94,CENTER,LOW,RED,YES,DRY,CLEAR,RIGHT,BRAKE
130.48,-2.06,12.02,59.37,LEFT,HIGH,GREEN,NO,DRY,CLEAR,LEFT,TURN_LEFT
80.47,2.72,7.35,26.82,CENTER,MEDIUM,NONE,NO,DRY,CLEAR,LEFT,MAINTAIN_SPEED
107.54,0.9,0.03,175.71,CENTER,LOW,NONE,NO,SLIPPERY,CLEAR,RIGHT,BRAKE
88.55,-4.95,-0.35,40.19,LEFT,LOW,NONE,NO,WET,FOG,RIGHT,BRAKE
29.64,0.26,16.41,96.93,CENTER,MEDIUM,GREEN,NO,WET,CLEAR,STRAIGHT,MAINTAIN_SPEED
62.99,2.94,-3.92,92.68,RIGHT,MEDIUM,NONE,NO,WET,RAIN,STRAIGHT,MAINTAIN_SPEED
82.75,-3.79,12.47,8.76,CENTER,LOW,GREEN,YES,DRY,CLEAR,RIGHT,STOP
137.88,-0.19,10.76,31.06,CENTER,LOW,RED,NO,DRY,CLEAR,RIGHT,STOP
50.43,-0.27,2.59,166.46,CENTER,LOW,YELLOW,NO,DRY,CLEAR,RIGHT,MAINTAIN_SPEED
49.26,-0.88,18.03,135.67,RIGHT,MEDIUM,RED,NO,WET,CLEAR,RIGHT,BRAKE
117.42,4.51,-4.6,160.22,CENTER,HIGH,YELLOW,NO,WET,CLEAR,STRAIGHT,BRAKE
110.0,2.35,-11.33,124.51,CENTER,HIGH,GREEN,NO,DRY,CLEAR,STRAIGHT,CHANGE_LANE_LEFT
118.85,1.65,18.36,146.31,CENTER,MEDIUM,GREEN,NO,DRY,RAIN,STRAIGHT,MAINTAIN_SPEED
78.56,2.51,-31.5,194.3,RIGHT,MEDIUM,GREEN,YES,DRY,CLEAR,LEFT,TURN_LEFT
23.22,3.37,-0.18,77.3,CENTER,HIGH,GREEN,YES,DRY,CLEAR,RIGHT,CHANGE_LANE_LEFT
13.82,-0.94,1.65,93.99,CENTER,HIGH,YELLOW,NO,DRY,CLEAR,RIGHT,CHANGE_LANE_RIGHT
91.8,-4.43,8.31,61.03,CENTER,LOW,GREEN,NO,DRY,CLEAR,STRAIGHT,MAINTAIN_SPEED
81.58,0.14,-10.27,7.27,LEFT,LOW,GREEN,NO,DRY,CLEAR,STRAIGHT,MAINTAIN_SPEED
65.76,2.15,-19.17,103.78,CENTER,HIGH,YELLOW,NO,WET,CLEAR,STRAIGHT,BRAKE
3.15,1.53,-1.34,28.7,LEFT,LOW,GREEN,NO,DRY,CLEAR,RIGHT,MAINTAIN_SPEED
47.84,2.44,-15.95,103.19,RIGHT,LOW,RED,YES,DRY,CLEAR,STRAIGHT,BRAKE
117.39,1.97,15.86,80.56,CENTER,MEDIUM,NONE,NO,WET,RAIN,STRAIGHT,MAINTAIN_SPEED
88.48,-6.2,15.08,162.99,CENTER,HIGH,NONE,NO,DRY,CLEAR,STRAIGHT,CHANGE_LANE_RIGHT
46.92,4.7,7.24,56.5,LEFT,LOW,GREEN,NO,DRY,CLEAR,LEFT,MAINTAIN_SPEED
62.08,-1.08,-22.45,178.07,CENTER,MEDIUM,RED,NO,WET,CLEAR,STRAIGHT,STOP
135.31,2.16,-12.67,45.62,RIGHT,HIGH,GREEN,NO,SLIPPERY,FOG,STRAIGHT,BRAKE
15.78,4.09,-2.51,27.21,RIGHT,LOW,RED,NO,DRY,CLEAR,STRAIGHT,BRAKE
120.17,0.53,22.45,142.24,LEFT,LOW,NONE,NO,DRY,CLEAR,STRAIGHT,MAINTAIN_SPEED
34.31,-0.13,-2.61,109.88,LEFT,LOW,YELLOW,NO,WET,RAIN,STRAIGHT,MAINTAIN_SPEED
33.83,2.55,-3.11,161.77,CENTER,MEDIUM,GREEN,NO,DRY,CLEAR,STRAIGHT,MAINTAIN_SPEED
40.82,-4.59,18.21,114.12,CENTER,LOW,GREEN,NO,SLIPPERY,CLEAR,RIGHT,TURN_RIGHT
92.87,-2.57,-17.31,192.95,CENTER,HIGH,GREEN,YES,DRY,RAIN,RIGHT,TURN_RIGHT
61.5,-4.94,-26.74,130.82,RIGHT,LOW,RED,NO,SLIPPERY,CLEAR,STRAIGHT,STOP
88.05,1.55,1.73,156.99,CENTER,LOW,YELLOW,NO,DRY,CLEAR,STRAIGHT,BRAKE
147.03,2.36,0.24,95.06,CENTER,HIGH,NONE,NO,DRY,CLEAR,LEFT,CHANGE_LANE_RIGHT
54.5,0.81,10.99,139.41,CENTER,LOW,RED,NO,DRY,RAIN,LEFT,BRAKE
58.06,-0.58,1.69,121.36,CENTER,HIGH,GREEN,NO,DRY,CLEAR,LEFT,CHANGE_LANE_RIGHT
146.86,0.09,-1.97,145.35,RIGHT,HIGH,YELLOW,NO,SLIPPERY,FOG,STRAIGHT,BRAKE
11.41,-0.12,13.98,102.1,RIGHT,MEDIUM,GREEN,NO,DRY,CLEAR,LEFT,TURN_LEFT
96.23,1.88,-27.53,84.17,CENTER,HIGH,GREEN,NO,DRY,CLEAR,STRAIGHT,CHANGE_LANE_LEFT
22.55,-6.25,-6.01,126.22,CENTER,MEDIUM,GREEN,NO,SLIPPERY,RAIN,STRAIGHT,ACCELERATE
122.87,-2.05,-39.92,105.73,CENTER,LOW,GREEN,NO,DRY,CLEAR,STRAIGHT,MAINTAIN_SPEED
26.5,-0.47,-0.03,45.25,RIGHT,HIGH,GREEN,NO,DRY,CLEAR,STRAIGHT,MAINTAIN_SPEED
22.92,-0.78,-8.27,19.58,CENTER,HIGH,YELLOW,NO,DRY,CLEAR,LEFT,TURN_LEFT
3.81,1.26,-16.0,183.89,CENTER,LOW,RED,NO,DRY,RAIN,STRAIGHT,TURN_RIGHT
33.63,-3.66,-22.59,181.73,CENTER,LOW,GREEN,NO,DRY,RAIN,RIGHT,TURN_RIGHT
55.01,1.85,4.87,91.21,LEFT,LOW,NONE,NO,DRY,FOG,LEFT,CHANGE_LANE_RIGHT
144.06,0.07,-9.74,67.84,CENTER,MEDIUM,GREEN,NO,DRY,RAIN,RIGHT,TURN_RIGHT
66.81,1.7,-2.34,49.95,RIGHT,MEDIUM,GREEN,NO,DRY,CLEAR,STRAIGHT,MAINTAIN_SPEED
133.33,-1.86,2.89,9.45,CENTER,MEDIUM,NONE,NO,DRY,CLEAR,STRAIGHT,BRAKE
138.47,1.82,-9.59,51.27,LEFT,HIGH,GREEN,NO,DRY,RAIN,STRAIGHT,MAINTAIN_SPEED
40.98,-3.13,13.4,162.01,CENTER,MEDIUM,GREEN,NO,DRY,CLEAR,STRAIGHT,MAINTAIN_SPEED
60.52,-1.53,-11.97,63.27,LEFT,LOW,GREEN,NO,DRY,CLEAR,LEFT,TURN_LEFT
16.43,-0.76,17.58,15.51,CENTER,MEDIUM,GREEN,NO,DRY,CLEAR,STRAIGHT,MAINTAIN_SPEED
73.45,-1.67,-9.98,59.45,LEFT,MEDIUM,GREEN,NO,DRY,CLEAR,STRAIGHT,MAINTAIN_SPEED
116.02,0.08,11.25,74.62,CENTER,HIGH,NONE,NO,DRY,CLEAR,STRAIGHT,CHANGE_LANE_RIGHT
3.05,0.08,1.39,71.65,CENTER,HIGH,YELLOW,NO,DRY,CLEAR,LEFT,CHANGE_LANE_RIGHT
137.95,-1.64,-16.33,40.55,CENTER,HIGH,RED,NO,DRY,CLEAR,STRAIGHT,STOP
100.62,0.73,-23.09,94.34,CENTER,HIGH,GREEN,NO,DRY,RAIN,RIGHT,TURN_RIGHT
145.13,1.08,-11.7,4.0,CENTER,MEDIUM,NONE,NO,DRY,RAIN,LEFT,TURN_LEFT
16.72,3.59,-17.69,157.92,CENTER,HIGH,NONE,NO,WET,CLEAR,LEFT,TURN_LEFT
143.94,2.84,-0.24,67.26,CENTER,HIGH,NONE,NO,WET,RAIN,STRAIGHT,CHANGE_LANE_LEFT
52.01,-3.01,2.32,187.01,CENTER,LOW,GREEN,NO,WET,CLEAR,STRAIGHT,MAINTAIN_SPEED
129.43,0.28,-1.23,55.39,RIGHT,LOW,RED,NO,WET,CLEAR,LEFT,STOP
131.94,-1.79,-1.89,153.96,CENTER,MEDIUM,GREEN,NO,DRY,CLEAR,STRAIGHT,MAINTAIN_SPEED
39.88,4.12,-15.43,97.15,CENTER,MEDIUM,GREEN,NO,DRY,CLEAR,LEFT,TURN_LEFT
113.53,0.6,-20.1,41.82,CENTER,HIGH,RED,NO,DRY,CLEAR,RIGHT,STOP
131.78,1.24,3.54,76.98,CENTER,LOW,GREEN,YES,DRY,CLEAR,RIGHT,MAINTAIN_SPEED
63.85,4.46,-4.39,158.65,CENTER,LOW,YELLOW,NO,DRY,CLEAR,STRAIGHT,BRAKE
108.91,2.12,18.36,168.93,CENTER,MEDIUM,NONE,NO,DRY,CLEAR,RIGHT,TURN_RIGHT
103.95,-0.62,11.66,112.38,CENTER,MEDIUM,GREEN,NO,DRY,CLEAR,RIGHT,TURN_RIGHT
48.15,-0.42,2.95,25.67,CENTER,MEDIUM,GREEN,NO,DRY,CLEAR,STRAIGHT,MAINTAIN_SPEED
135.76,0.47,1.96,170.54,RIGHT,HIGH,YELLOW,NO,WET,CLEAR,STRAIGHT,BRAKE
17.14,0.63,-1.78,125.82,RIGHT,MEDIUM,YELLOW,YES,DRY,CLEAR,LEFT,MAINTAIN_SPEED
130.83,0.05,-1.64,101.84,CENTER,LOW,GREEN,NO,DRY,RAIN,LEFT,MAINTAIN_SPEED
106.5,-2.35,0.94,125.2,CENTER,MEDIUM,GREEN,NO,DRY,CLEAR,STRAIGHT,MAINTAIN_SPEED
30.21,-3.67,-22.37,156.88,RIGHT,MEDIUM,NONE,NO,WET,RAIN,RIGHT,TURN_RIGHT
135.36,1.53,12.15,81.26,LEFT,LOW,GREEN,YES,DRY,CLEAR,LEFT,TURN_LEFT
86.23,-0.85,-2.19,132.77,CENTER,HIGH,NONE,NO,DRY,CLEAR,RIGHT,CHANGE_LANE_LEFT
134.63,3.68,-20.8,34.15,LEFT,LOW,YELLOW,YES,DRY,RAIN,STRAIGHT,BRAKE
138.8,1.13,-3.47,96.91,RIGHT,MEDIUM,RED,NO,WET,CLEAR,LEFT,STOP
30.84,-0.59,-18.9,168.41,CENTER,LOW,GREEN,YES,DRY,CLEAR,RIGHT,TURN_RIGHT
40.65,2.43,28.27,133.86,LEFT,MEDIUM,GREEN,NO,DRY,RAIN,LEFT,TURN_LEFT
110.5,-1.29,3.91,24.55,CENTER,MEDIUM,GREEN,NO,DRY,CLEAR,STRAIGHT,BRAKE
101.27,0.33,-19.07,148.4,LEFT,HIGH,GREEN,NO,SLIPPERY,CLEAR,STRAIGHT,BRAKE
147.61,-2.37,-5.65,11.75,LEFT,LOW,GREEN,YES,SLIPPERY,CLEAR,RIGHT,BRAKE
78.85,-0.73,12.8,118.96,LEFT,HIGH,RED,NO,DRY,CLEAR,STRAIGHT,STOP
28.33,-3.48,21.32,13.12,CENTER,HIGH,GREEN,NO,DRY,FOG,STRAIGHT,MAINTAIN_SPEED
2.33,-3.85,7.5,24.24,CENTER,MEDIUM,GREEN,YES,DRY,CLEAR,STRAIGHT,BRAKE
1.6,0.65,2.85,12.75,CENTER,MEDIUM,GREEN,NO,DRY,CLEAR,RIGHT,MAINTAIN_SPEED
8.08,-3.59,-4.04,38.39,RIGHT,MEDIUM,GREEN,YES,DRY,CLEAR,LEFT,ACCELERATE
86.62,3.11,27.86,27.21,CENTER,MEDIUM,GREEN,NO,WET,CLEAR,STRAIGHT,MAINTAIN_SPEED
89.81,-2.08,18.41,83.07,CENTER,HIGH,GREEN,NO,DRY,CLEAR,STRAIGHT,CHANGE_LANE_RIGHT
119.97,4.05,-5.69,155.28,CENTER,LOW,RED,YES,DRY,CLEAR,RIGHT,STOP
123.1,-2.0,-15.82,176.44,CENTER,MEDIUM,NONE,NO,DRY,RAIN,STRAIGHT,MAINTAIN_SPEED
37.64,1.25,1.44,7.94,LEFT,HIGH,NONE,NO,DRY,FOG,STRAIGHT,MAINTAIN_SPEED
71.16,0.15,13.2,90.89,RIGHT,LOW,RED,NO,DRY,FOG,STRAIGHT,STOP
96.41,0.89,31.86,80.11,CENTER,MEDIUM,GREEN,NO,DRY,CLEAR,STRAIGHT,MAINTAIN_SPEED
53.82,3.28,-7.13,60.49,CENTER,HIGH,GREEN,NO,DRY,CLEAR,STRAIGHT,CHANGE_LANE_LEFT
142.04,-2.3,0.63,119.94,CENTER,HIGH,GREEN,YES,WET,CLEAR,STRAIGHT,CHANGE_LANE_RIGHT
136.06,-2.66,2.07,62.43,CENTER,HIGH,GREEN,NO,DRY,CLEAR,LEFT,CHANGE_LANE_RIGHT
20.84,-5.45,15.59,36.67,LEFT,LOW,YELLOW,NO,SLIPPERY,CLEAR,LEFT,TURN_LEFT
28.9,0.4,1.07,162.31,CENTER,MEDIUM,GREEN,NO,WET,CLEAR,STRAIGHT,MAINTAIN_SPEED
95.75,-1.48,3.25,195.67,CENTER,HIGH,GREEN,NO,WET,CLEAR,STRAIGHT,CHANGE_LANE_RIGHT
126.05,-1.34,-18.56,11.9,CENTER,MEDIUM,GREEN,NO,DRY,CLEAR,STRAIGHT,BRAKE
94.24,0.29,3.18,18.62,RIGHT,MEDIUM,GREEN,NO,SLIPPERY,CLEAR,LEFT,BRAKE
30.75,0.51,3.86,145.31,LEFT,MEDIUM,NONE,NO,DRY,CLEAR,STRAIGHT,MAINTAIN_SPEED
56.03,0.64,-2.26,45.23,CENTER,HIGH,NONE,NO,DRY,CLEAR,STRAIGHT,CHANGE_LANE_LEFT
31.29,-1.77,-13.52,141.75,CENTER,MEDIUM,GREEN,NO,DRY,RAIN,STRAIGHT,MAINTAIN_SPEED
102.66,-1.16,5.46,31.35,CENTER,MEDIUM,NONE,YES,DRY,CLEAR,RIGHT,BRAKE
72.78,-6.49,10.7,57.84,CENTER,LOW,GREEN,YES,DRY,CLEAR,RIGHT,TURN_RIGHT
94.42,-1.66,0.32,169.53,CENTER,MEDIUM,GREEN,YES,SLIPPERY,CLEAR,RIGHT,BRAKE
42.89,2.15,-15.75,9.34,CENTER,MEDIUM,GREEN,NO,WET,RAIN,STRAIGHT,MAINTAIN_SPEED
15.19,1.81,-9.51,88.24,CENTER,LOW,GREEN,NO,DRY,CLEAR,STRAIGHT,ACCELERATE
107.09,-0.44,9.1,172.22,LEFT,MEDIUM,GREEN,YES,DRY,CLEAR,STRAIGHT,MAINTAIN_SPEED
59.08,-2.49,4.16,161.25,LEFT,HIGH,RED,NO,DRY,CLEAR,STRAIGHT,STOP
134.91,1.3,19.65,59.38,RIGHT,MEDIUM,NONE,NO,DRY,CLEAR,LEFT,TURN_LEFT
100.85,-1.05,19.97,67.34,CENTER,MEDIUM,YELLOW,NO,DRY,CLEAR,STRAIGHT,BRAKE
76.73,-4.6,-3.51,162.02,CENTER,MEDIUM,NONE,NO,DRY,CLEAR,STRAIGHT,MAINTAIN_SPEED
50.78,3.45,-7.79,94.28,CENTER,MEDIUM,GREEN,NO,SLIPPERY,CLEAR,RIGHT,BRAKE
55.59,-2.22,13.2,194.0,CENTER,LOW,GREEN,NO,DRY,CLEAR,RIGHT,TURN_RIGHT
23.87,5.69,-14.65,112.51,CENTER,HIGH,RED,NO,DRY,CLEAR,STRAIGHT,BRAKE
122.43,-0.59,2.8,182.43,CENTER,HIGH,GREEN,NO,DRY,CLEAR,STRAIGHT,CHANGE_LANE_RIGHT
87.79,-0.16,-3.68,195.42,LEFT,LOW,YELLOW,NO,DRY,CLEAR,STRAIGHT,BRAKE
8.9,-3.83,-9.86,3.04,RIGHT,LOW,RED,NO,DRY,CLEAR,STRAIGHT,STOP
147.8,-2.02,3.57,60.26,RIGHT,LOW,RED,NO,DRY,RAIN,STRAIGHT,STOP
10.52,3.76,3.42,13.61,CENTER,LOW,GREEN,NO,DRY,CLEAR,STRAIGHT,MAINTAIN_SPEED
83.64,1.14,12.52,82.07,CENTER,LOW,RED,NO,DRY,CLEAR,STRAIGHT,STOP
42.7,0.92,9.81,139.05,RIGHT,MEDIUM,RED,NO,WET,CLEAR,STRAIGHT,BRAKE
51.25,-4.07,-13.39,191.95,CENTER,HIGH,RED,NO,WET,CLEAR,STRAIGHT,BRAKE
71.76,2.56,-15.92,151.39,CENTER,HIGH,GREEN,YES,WET,CLEAR,STRAIGHT,CHANGE_LANE_LEFT
1.95,-3.22,-1.3,176.3,LEFT,MEDIUM,YELLOW,NO,DRY,RAIN,LEFT,ACCELERATE
108.01,-2.46,-6.35,106.9,CENTER,MEDIUM,RED,NO,DRY,CLEAR,RIGHT,STOP
17.65,2.23,-21.58,108.17,RIGHT,HIGH,GREEN,NO,DRY,FOG,STRAIGHT,CHANGE_LANE_LEFT
142.55,-0.35,7.02,147.58,CENTER,LOW,YELLOW,NO,DRY,CLEAR,STRAIGHT,BRAKE
76.72,3.3,-13.25,50.57,CENTER,MEDIUM,NONE,NO,DRY,CLEAR,STRAIGHT,MAINTAIN_SPEED
100.52,3.6,-11.85,84.85,RIGHT,LOW,GREEN,NO,DRY,RAIN,STRAIGHT,MAINTAIN_SPEED
88.88,2.16,2.8,120.97,LEFT,MEDIUM,GREEN,NO,SLIPPERY,CLEAR,STRAIGHT,BRAKE
38.5,1.89,13.07,170.25,CENTER,MEDIUM,GREEN,NO,SLIPPERY,CLEAR,STRAIGHT,MAINTAIN_SPEED
28.54,-2.88,10.08,85.38,CENTER,HIGH,GREEN,YES,DRY,RAIN,RIGHT,TURN_RIGHT
89.42,-0.06,15.88,87.58,LEFT,LOW,GREEN,NO,DRY,RAIN,STRAIGHT,MAINTAIN_SPEED
118.25,-3.59,-20.59,159.25,CENTER,MEDIUM,NONE,NO,DRY,CLEAR,STRAIGHT,MAINTAIN_SPEED
99.04,0.08,10.82,73.43,CENTER,HIGH,RED,YES,WET,CLEAR,STRAIGHT,STOP
130.08,-0.1,-13.7,6.11,RIGHT,HIGH,GREEN,NO,DRY,RAIN,LEFT,TURN_LEFT
102.76,-1.6,-7.54,37.71,RIGHT,MEDIUM,GREEN,YES,DRY,CLEAR,STRAIGHT,MAINTAIN_SPEED
11.32,-1.34,12.26,121.56,CENTER,HIGH,GREEN,NO,DRY,CLEAR,STRAIGHT,CHANGE_LANE_RIGHT
66.58,-2.16,19.09,19.29,CENTER,MEDIUM,GREEN,YES,DRY,RAIN,RIGHT,BRAKE
16.43,-2.1,-29.72,142.56,LEFT,LOW,RED,NO,DRY,FOG,STRAIGHT,BRAKE
55.87,-0.92,18.48,59.09,CENTER,MEDIUM,GREEN,NO,DRY,CLEAR,STRAIGHT,STOP
22.19,-1.28,14.72,194.15,CENTER,MEDIUM,GREEN,NO,DRY,CLEAR,RIGHT,TURN_RIGHT
35.14,-0.42,-4.53,182.41,CENTER,MEDIUM,GREEN,NO,DRY,CLEAR,STRAIGHT,MAINTAIN_SPEED
116.98,-0.63,-5.46,93.72,CENTER,MEDIUM,GREEN,YES,DRY,FOG,STRAIGHT,MAINTAIN_SPEED
17.23,-0.52,11.12,137.84,RIGHT,LOW,GREEN,NO,DRY,RAIN,STRAIGHT,ACCELERATE
143.62,-2.9,1.86,52.39,CENTER,MEDIUM,YELLOW,NO,DRY,CLEAR,STRAIGHT,BRAKE
69.32,-2.76,14.48,153.27,RIGHT,HIGH,GREEN,NO,DRY,CLEAR,STRAIGHT,MAINTAIN_SPEED
75.86,-3.88,2.66,190.96,LEFT,MEDIUM,RED,NO,SLIPPERY,CLEAR,STRAIGHT,STOP
43.9,1.1,6.12,141.38,CENTER,MEDIUM,NONE,NO,WET,CLEAR,LEFT,MAINTAIN_SPEED
109.94,-1.71,9.85,41.05,LEFT,MEDIUM,GREEN,NO,DRY,CLEAR,LEFT,TURN_LEFT
78.41,5.91,-8.28,44.71,LEFT,LOW,GREEN,NO,WET,CLEAR,LEFT,TURN_LEFT
31.73,-2.0,9.39,188.95,CENTER,MEDIUM,YELLOW,NO,DRY,FOG,LEFT,TURN_LEFT
148.85,-3.14,-0.22,112.4,CENTER,LOW,GREEN,YES,WET,CLEAR,STRAIGHT,MAINTAIN_SPEED
149.18,-2.39,5.14,189.08,CENTER,MEDIUM,RED,NO,DRY,CLEAR,STRAIGHT,STOP
82.82,1.65,-2.09,122.85,CENTER,MEDIUM,YELLOW,NO,WET,CLEAR,RIGHT,BRAKE
144.74,2.5,-17.15,15.91,LEFT,LOW,GREEN,NO,DRY,CLEAR,RIGHT,TURN_LEFT
40.49,-3.78,-30.05,85.25,CENTER,LOW,GREEN,NO,DRY,CLEAR,LEFT,TURN_LEFT
31.32,-2.78,3.29,165.6,RIGHT,LOW,GREEN,NO,WET,CLEAR,STRAIGHT,MAINTAIN_SPEED
58.39,-3.56,5.64,183.83,CENTER,MEDIUM,RED,NO,DRY,CLEAR,RIGHT,STOP
142.74,-1.37,3.1,49.54,CENTER,LOW,RED,NO,DRY,CLEAR,STRAIGHT,STOP
116.71,2.01,-12.99,115.5,CENTER,LOW,RED,NO,DRY,CLEAR,STRAIGHT,STOP
75.29,-1.8,6.54,151.46,LEFT,LOW,NONE,NO,WET,FOG,LEFT,MAINTAIN_SPEED
77.21,1.78,-1.44,62.54,LEFT,LOW,GREEN,NO,DRY,CLEAR,LEFT,MAINTAIN_SPEED
66.32,-0.18,-13.84,117.18,CENTER,LOW,NONE,NO,DRY,RAIN,LEFT,TURN_LEFT
93.41,2.55,11.29,123.16,LEFT,LOW,NONE,YES,WET,CLEAR,STRAIGHT,MAINTAIN_SPEED
93.88,-0.24,10.94,77.08,CENTER,LOW,YELLOW,NO,SLIPPERY,CLEAR,STRAIGHT,BRAKE
51.27,-0.6,6.2,71.83,CENTER,HIGH,GREEN,NO,DRY,CLEAR,RIGHT,CHANGE_LANE_RIGHT
121.05,0.85,29.47,135.7,CENTER,MEDIUM,GREEN,NO,DRY,CLEAR,LEFT,TURN_LEFT
29.13,-2.08,12.99,96.47,RIGHT,HIGH,GREEN,YES,DRY,CLEAR,LEFT,TURN_LEFT
100.24,2.63,17.78,156.33,CENTER,HIGH,YELLOW,YES,WET,CLEAR,STRAIGHT,BRAKE
19.63,-1.3,-13.55,12.09,CENTER,MEDIUM,GREEN,NO,DRY,CLEAR,STRAIGHT,MAINTAIN_SPEED
78.8,0.21,-8.82,191.46,CENTER,LOW,GREEN,NO,DRY,CLEAR,STRAIGHT,MAINTAIN_SPEED
108.96,3.7,0.57,123.09,CENTER,HIGH,GREEN,NO,WET,CLEAR,STRAIGHT,CHANGE_LANE_RIGHT
85.02,-0.28,10.4,184.42,CENTER,HIGH,NONE,NO,DRY,CLEAR,LEFT,TURN_LEFT
124.44,5.72,5.86,96.36,CENTER,LOW,RED,NO,WET,CLEAR,RIGHT,STOP
7.67,4.09,-15.59,22.38,LEFT,MEDIUM,YELLOW,NO,DRY,CLEAR,STRAIGHT,MAINTAIN_SPEED
119.41,-3.29,-16.53,174.53,CENTER,MEDIUM,NONE,YES,DRY,CLEAR,LEFT,TURN_LEFT
19.1,1.5,9.15,47.94,LEFT,MEDIUM,RED,NO,SLIPPERY,CLEAR,STRAIGHT,BRAKE
32.53,1.42,-10.44,139.8,CENTER,HIGH,GREEN,NO,DRY,RAIN,STRAIGHT,CHANGE_LANE_LEFT
19.31,-5.13,-15.52,2.73,CENTER,LOW,GREEN,NO,DRY,RAIN,STRAIGHT,ACCELERATE
127.04,-2.06,1.68,40.13,CENTER,LOW,GREEN,NO,WET,CLEAR,RIGHT,MAINTAIN_SPEED
25.98,-4.12,1.8,161.31,LEFT,LOW,GREEN,NO,DRY,CLEAR,STRAIGHT,MAINTAIN_SPEED
68.54,0.62,7.3,57.13,CENTER,MEDIUM,RED,NO,DRY,CLEAR,LEFT,STOP
12.37,0.04,5.05,168.67,CENTER,HIGH,GREEN,NO,DRY,RAIN,STRAIGHT,CHANGE_LANE_RIGHT
78.55,-1.07,-28.43,45.66,RIGHT,HIGH,GREEN,NO,DRY,FOG,STRAIGHT,CHANGE_LANE_LEFT
90.17,-5.48,6.93,57.55,CENTER,HIGH,NONE,NO,DRY,RAIN,STRAIGHT,ACCELERATE
21.28,2.77,-10.63,62.37,RIGHT,MEDIUM,RED,NO,DRY,RAIN,RIGHT,BRAKE
146.99,-1.12,-20.61,180.82,CENTER,LOW,YELLOW,YES,DRY,CLEAR,STRAIGHT,BRAKE
11.51,-0.59,-15.31,5.0,CENTER,HIGH,GREEN,NO,WET,CLEAR,STRAIGHT,MAINTAIN_SPEED
125.63,-2.41,2.95,160.55,CENTER,MEDIUM,RED,YES,DRY,RAIN,STRAIGHT,STOP
114.05,-1.42,-22.45,52.39,CENTER,LOW,GREEN,YES,WET,RAIN,STRAIGHT,MAINTAIN_SPEED
100.8,-3.72,-16.23,41.73,CENTER,HIGH,RED,NO,DRY,CLEAR,STRAIGHT,STOP
17.18,-3.03,-21.38,159.11,RIGHT,HIGH,GREEN,NO,WET,FOG,LEFT,TURN_LEFT
37.18,-1.22,-29.08,43.64,RIGHT,LOW,GREEN,NO,SLIPPERY,CLEAR,RIGHT,TURN_RIGHT
129.96,-4.38,2.2,8.07,LEFT,LOW,YELLOW,YES,DRY,CLEAR,STRAIGHT,BRAKE
33.62,1.85,-10.81,178.82,CENTER,MEDIUM,NONE,NO,DRY,CLEAR,LEFT,TURN_LEFT
124.89,-2.05,-12.27,104.23,RIGHT,MEDIUM,YELLOW,NO,DRY,CLEAR,RIGHT,BRAKE
27.4,-3.29,-31.09,41.78,LEFT,HIGH,YELLOW,NO,DRY,CLEAR,LEFT,TURN_LEFT
99.78,0.47,-0.47,175.74,RIGHT,LOW,GREEN,YES,DRY,CLEAR,LEFT,MAINTAIN_SPEED
76.06,-3.04,-3.26,34.0,CENTER,MEDIUM,GREEN,YES,DRY,CLEAR,STRAIGHT,MAINTAIN_SPEED
114.47,-0.54,20.66,72.48,CENTER,LOW,NONE,NO,DRY,RAIN,STRAIGHT,MAINTAIN_SPEED
11.21,1.66,-11.44,93.32,CENTER,MEDIUM,GREEN,YES,DRY,CLEAR,STRAIGHT,ACCELERATE
50.21,2.44,18.67,86.98,CENTER,MEDIUM,YELLOW,NO,DRY,RAIN,STRAIGHT,MAINTAIN_SPEED
133.28,-0.41,-27.25,54.86,CENTER,LOW,GREEN,NO,DRY,CLEAR,RIGHT,CHANGE_LANE_LEFT
113.92,0.69,6.18,190.34,LEFT,HIGH,GREEN,NO,DRY,CLEAR,STRAIGHT,MAINTAIN_SPEED
52.51,1.3,-19.94,103.9,CENTER,MEDIUM,GREEN,NO,SLIPPERY,CLEAR,RIGHT,BRAKE
108.01,2.99,3.96,64.41,CENTER,LOW,RED,NO,DRY,CLEAR,STRAIGHT,STOP
16.88,-3.65,11.3,186.77,CENTER,MEDIUM,YELLOW,NO,DRY,RAIN,LEFT,TURN_LEFT
2.2,-3.33,-3.53,107.63,CENTER,MEDIUM,GREEN,NO,WET,CLEAR,STRAIGHT,ACCELERATE
87.92,-3.64,-12.04,142.67,LEFT,MEDIUM,NONE,NO,DRY,RAIN,STRAIGHT,MAINTAIN_SPEED
106.77,-3.23,3.24,175.87,CENTER,HIGH,GREEN,NO,DRY,CLEAR,STRAIGHT,CHANGE_LANE_RIGHT
34.95,-4.05,-9.16,185.0,RIGHT,MEDIUM,GREEN,YES,DRY,CLEAR,LEFT,TURN_LEFT
137.91,2.64,-18.44,180.78,CENTER,HIGH,GREEN,NO,DRY,CLEAR,RIGHT,TURN_RIGHT
62.24,2.51,-7.67,84.68,CENTER,HIGH,GREEN,NO,DRY,RAIN,STRAIGHT,CHANGE_LANE_LEFT
57.05,4.79,13.25,152.84,CENTER,HIGH,NONE,NO,DRY,CLEAR,LEFT,TURN_LEFT
88.31,-1.3,5.2,104.16,RIGHT,HIGH,GREEN,YES,WET,RAIN,STRAIGHT,MAINTAIN_SPEED
53.41,-0.07,-6.81,175.44,LEFT,LOW,GREEN,NO,WET,CLEAR,LEFT,MAINTAIN_SPEED
104.67,-0.58,-9.42,88.54,CENTER,MEDIUM,GREEN,NO,SLIPPERY,RAIN,STRAIGHT,BRAKE
37.86,1.73,17.9,24.43,CENTER,MEDIUM,GREEN,YES,DRY,CLEAR,STRAIGHT,BRAKE
80.07,-4.94,-1.17,148.76,CENTER,MEDIUM,GREEN,NO,DRY,FOG,STRAIGHT,MAINTAIN_SPEED
66.35,2.87,3.52,92.76,CENTER,MEDIUM,GREEN,NO,WET,CLEAR,STRAIGHT,MAINTAIN_SPEED
48.72,3.65,-0.72,99.96,CENTER,MEDIUM,GREEN,YES,DRY,RAIN,LEFT,MAINTAIN_SPEED
3.3,-1.16,16.19,91.55,CENTER,LOW,GREEN,NO,DRY,CLEAR,STRAIGHT,ACCELERATE
105.56,-3.01,21.81,25.18,LEFT,LOW,GREEN,NO,WET,RAIN,STRAIGHT,BRAKE
90.06,-1.06,-9.7,29.76,CENTER,MEDIUM,RED,NO,DRY,RAIN,STRAIGHT,STOP
82.24,3.26,26.83,71.62,CENTER,LOW,YELLOW,NO,DRY,CLEAR,STRAIGHT,BRAKE
34.38,3.98,-9.97,196.11,CENTER,MEDIUM,NONE,NO,WET,CLEAR,RIGHT,TURN_RIGHT
114.63,-2.39,16.77,173.62,CENTER,MEDIUM,NONE,NO,DRY,CLEAR,STRAIGHT,MAINTAIN_SPEED
104.95,1.37,8.03,182.87,CENTER,HIGH,YELLOW,NO,DRY,RAIN,RIGHT,BRAKE
35.42,-0.87,16.59,28.2,RIGHT,MEDIUM,NONE,NO,DRY,CLEAR,LEFT,TURN_LEFT
110.7,4.57,-2.9,60.22,CENTER,HIGH,YELLOW,YES,DRY,RAIN,STRAIGHT,BRAKE
62.83,-0.09,1.26,161.31,RIGHT,MEDIUM,RED,NO,DRY,CLEAR,LEFT,STOP
0.02,-0.16,-11.68,53.56,CENTER,HIGH,RED,NO,SLIPPERY,CLEAR,RIGHT,BRAKE
14.59,-0.74,1.03,173.09,CENTER,MEDIUM,GREEN,YES,DRY,FOG,STRAIGHT,ACCELERATE
103.6,1.34,22.27,8.48,RIGHT,LOW,YELLOW,NO,WET,CLEAR,STRAIGHT,BRAKE
14.15,-1.52,-4.23,135.8,CENTER,MEDIUM,GREEN,YES,DRY,CLEAR,RIGHT,ACCELERATE
122.89,-0.21,10.03,197.91,LEFT,MEDIUM,GREEN,NO,DRY,CLEAR,RIGHT,TURN_RIGHT
52.1,-0.31,2.02,113.22,LEFT,HIGH,RED,NO,DRY,RAIN,STRAIGHT,BRAKE
26.88,-1.71,10.25,2.78,CENTER,LOW,NONE,NO,DRY,FOG,STRAIGHT,MAINTAIN_SPEED
49.39,0.39,-18.84,11.93,CENTER,LOW,GREEN,YES,DRY,CLEAR,LEFT,BRAKE
145.52,5.1,-9.07,175.04,CENTER,LOW,GREEN,YES,WET,CLEAR,STRAIGHT,MAINTAIN_SPEED
16.68,-3.31,-10.73,122.54,CENTER,LOW,GREEN,NO,DRY,CLEAR,STRAIGHT,ACCELERATE
105.73,-3.03,21.06,165.45,LEFT,LOW,YELLOW,NO,DRY,CLEAR,STRAIGHT,STOP
143.1,-3.34,-5.96,88.95,LEFT,MEDIUM,YELLOW,NO,DRY,CLEAR,STRAIGHT,BRAKE
24.27,0.14,9.09,92.72,RIGHT,LOW,RED,NO,DRY,RAIN,STRAIGHT,BRAKE
99.54,-3.6,-3.63,99.5,CENTER,MEDIUM,GREEN,NO,DRY,CLEAR,RIGHT,MAINTAIN_SPEED
62.44,3.59,-0.48,59.87,CENTER,HIGH,YELLOW,NO,DRY,CLEAR,STRAIGHT,BRAKE
27.14,-4.21,12.58,83.57,CENTER,LOW,GREEN,NO,DRY,CLEAR,STRAIGHT,MAINTAIN_SPEED
124.88,0.2,12.42,177.76,CENTER,MEDIUM,GREEN,NO,DRY,CLEAR,STRAIGHT,MAINTAIN_SPEED
22.11,6.36,-3.52,15.18,LEFT,HIGH,YELLOW,NO,DRY,CLEAR,STRAIGHT,BRAKE
147.12,-3.34,8.22,177.96,CENTER,LOW,GREEN,NO,DRY,RAIN,STRAIGHT,MAINTAIN_SPEED
55.83,1.89,-13.58,100.17,LEFT,MEDIUM,GREEN,NO,DRY,CLEAR,STRAIGHT,MAINTAIN_SPEED
94.64,2.09,2.06,188.3,LEFT,HIGH,GREEN,NO,SLIPPERY,RAIN,LEFT,BRAKE
26.55,-1.81,29.12,56.91,CENTER,MEDIUM,RED,NO,SLIPPERY,CLEAR,LEFT,BRAKE
43.1,-1.33,18.32,152.79,CENTER,HIGH,RED,NO,DRY,CLEAR,STRAIGHT,BRAKE
65.69,1.82,12.71,99.3,RIGHT,HIGH,YELLOW,YES,DRY,CLEAR,STRAIGHT,BRAKE
123.2,1.09,-20.38,151.68,CENTER,LOW,GREEN,NO,DRY,RAIN,LEFT,TURN_LEFT
2.84,-3.16,-15.39,51.55,RIGHT,MEDIUM,YELLOW,NO,DRY,CLEAR,STRAIGHT,ACCELERATE
67.26,1.16,-3.56,138.08,LEFT,LOW,GREEN,NO,SLIPPERY,CLEAR,LEFT,BRAKE
51.99,-1.57,28.24,125.12,RIGHT,HIGH,GREEN,NO,WET,CLEAR,RIGHT,TURN_RIGHT
146.83,5.37,1.91,78.29,RIGHT,LOW,GREEN,NO,DRY,CLEAR,STRAIGHT,MAINTAIN_SPEED
121.19,3.47,2.42,133.04,CENTER,MEDIUM,NONE,NO,SLIPPERY,RAIN,STRAIGHT,BRAKE
132.38,1.29,-9.17,142.04,CENTER,LOW,GREEN,NO,DRY,CLEAR,STRAIGHT,MAINTAIN_SPEED
10.96,4.59,0.82,191.39,RIGHT,HIGH,GREEN,YES,DRY,CLEAR,STRAIGHT,ACCELERATE
48.6,0.41,11.44,186.71,CENTER,LOW,GREEN,NO,SLIPPERY,CLEAR,STRAIGHT,MAINTAIN_SPEED
73.99,-1.64,3.43,76.29,LEFT,HIGH,YELLOW,YES,DRY,CLEAR,STRAIGHT,BRAKE
95.33,-1.63,-13.12,111.26,CENTER,MEDIUM,RED,NO,WET,RAIN,STRAIGHT,MAINTAIN_SPEED
95.82,1.0,1.61,3.15,CENTER,HIGH,RED,NO,SLIPPERY,CLEAR,STRAIGHT,STOP
46.59,1.63,3.45,160.14,CENTER,LOW,GREEN,NO,DRY,CLEAR,RIGHT,MAINTAIN_SPEED
128.93,-1.87,-5.1,123.83,LEFT,LOW,GREEN,NO,DRY,CLEAR,STRAIGHT,MAINTAIN_SPEED
18.28,-0.82,5.11,109.14,RIGHT,MEDIUM,GREEN,NO,DRY,CLEAR,STRAIGHT,MAINTAIN_SPEED
68.33,0.59,-4.48,83.87,LEFT,LOW,GREEN,YES,DRY,CLEAR,RIGHT,MAINTAIN_SPEED
31.75,-1.88,-0.06,7.62,CENTER,MEDIUM,GREEN,NO,WET,CLEAR,STRAIGHT,MAINTAIN_SPEED
93.6,0.57,7.05,51.87,LEFT,MEDIUM,GREEN,NO,SLIPPERY,CLEAR,RIGHT,BRAKE
48.12,-1.14,24.23,33.11,CENTER,LOW,RED,NO,DRY,CLEAR,STRAIGHT,BRAKE
109.4,2.78,20.79,106.49,CENTER,MEDIUM,GREEN,NO,DRY,CLEAR,STRAIGHT,MAINTAIN_SPEED
103.62,0.01,-6.06,65.78,CENTER,MEDIUM,GREEN,NO,DRY,CLEAR,LEFT,MAINTAIN_SPEED
33.92,7.11,8.33,57.49,CENTER,HIGH,NONE,YES,DRY,CLEAR,LEFT,TURN_LEFT
32.23,3.91,16.46,188.74,LEFT,HIGH,YELLOW,YES,WET,CLEAR,RIGHT,TURN_RIGHT
75.82,-5.39,-16.44,133.57,CENTER,HIGH,RED,NO,DRY,RAIN,LEFT,STOP
115.46,-3.56,0.73,142.43,CENTER,HIGH,GREEN,YES,DRY,CLEAR,LEFT,CHANGE_LANE_RIGHT
105.09,3.78,-14.05,102.29,RIGHT,LOW,GREEN,NO,DRY,CLEAR,STRAIGHT,MAINTAIN_SPEED
20.49,-0.2,5.48,179.59,CENTER,HIGH,GREEN,YES,DRY,CLEAR,STRAIGHT,CHANGE_LANE_RIGHT
116.97,-1.23,-16.36,133.39,CENTER,HIGH,NONE,NO,DRY,RAIN,STRAIGHT,CHANGE_LANE_LEFT
84.91,-3.22,-3.95,148.31,CENTER,MEDIUM,NONE,NO,WET,CLEAR,STRAIGHT,MAINTAIN_SPEED
64.59,-2.42,-11.29,140.39,LEFT,LOW,GREEN,NO,WET,CLEAR,STRAIGHT,MAINTAIN_SPEED
18.73,0.55,-7.45,182.09,CENTER,LOW,GREEN,NO,DRY,CLEAR,STRAIGHT,MAINTAIN_SPEED
12.96,2.49,-22.81,87.57,CENTER,HIGH,GREEN,NO,SLIPPERY,CLEAR,STRAIGHT,CHANGE_LANE_LEFT
23.68,3.78,4.31,139.09,CENTER,HIGH,YELLOW,NO,DRY,CLEAR,LEFT,CHANGE_LANE_RIGHT
104.07,1.49,7.07,119.21,RIGHT,LOW,NONE,YES,DRY,FOG,STRAIGHT,MAINTAIN_SPEED
88.98,2.65,-8.1,112.08,LEFT,LOW,GREEN,NO,WET,RAIN,LEFT,TURN_LEFT
52.14,-0.21,-5.95,41.6,CENTER,LOW,GREEN,NO,DRY,RAIN,RIGHT,MAINTAIN_SPEED
130.87,1.03,-3.44,79.47,CENTER,LOW,GREEN,YES,WET,CLEAR,STRAIGHT,MAINTAIN_SPEED
128.64,-2.82,-1.67,176.65,CENTER,MEDIUM,GREEN,NO,DRY,CLEAR,STRAIGHT,MAINTAIN_SPEED
50.88,2.39,6.05,36.05,CENTER,LOW,GREEN,NO,DRY,CLEAR,LEFT,MAINTAIN_SPEED
59.27,0.2,-17.66,56.21,RIGHT,MEDIUM,GREEN,NO,DRY,CLEAR,RIGHT,TURN_RIGHT
16.83,0.41,1.32,154.22,CENTER,HIGH,GREEN,NO,SLIPPERY,CLEAR,RIGHT,CHANGE_LANE_RIGHT
101.07,-1.39,5.23,33.91,CENTER,LOW,RED,NO,SLIPPERY,FOG,STRAIGHT,STOP
37.45,4.06,27.34,157.63,CENTER,LOW,GREEN,YES,WET,CLEAR,STRAIGHT,MAINTAIN_SPEED
0.08,-2.86,13.03,58.64,CENTER,HIGH,RED,NO,DRY,CLEAR,RIGHT,BRAKE
131.7,-2.18,7.69,101.67,CENTER,LOW,YELLOW,NO,DRY,CLEAR,STRAIGHT,BRAKE
106.09,2.62,-1.56,194.52,CENTER,HIGH,GREEN,NO,WET,CLEAR,RIGHT,CHANGE_LANE_LEFT
79.57,1.98,-17.87,138.5,CENTER,MEDIUM,RED,NO,DRY,CLEAR,STRAIGHT,STOP
68.56,-2.23,6.69,3.04,LEFT,HIGH,GREEN,YES,DRY,CLEAR,STRAIGHT,STOP
98.59,0.42,7.25,198.95,CENTER,LOW,YELLOW,NO,DRY,CLEAR,STRAIGHT,BRAKE
71.53,-3.04,19.95,8.46,RIGHT,MEDIUM,RED,NO,WET,RAIN,STRAIGHT,STOP
80.39,-0.86,14.44,70.51,CENTER,MEDIUM,RED,YES,DRY,CLEAR,LEFT,STOP
74.58,-3.63,-3.02,172.73,CENTER,MEDIUM,RED,YES,DRY,RAIN,RIGHT,STOP
105.96,-1.34,-12.62,19.19,RIGHT,LOW,RED,NO,DRY,CLEAR,LEFT,STOP
43.94,2.07,16.52,33.85,CENTER,MEDIUM,NONE,NO,DRY,CLEAR,LEFT,TURN_LEFT
79.58,-2.51,-0.08,121.0,CENTER,MEDIUM,YELLOW,NO,DRY,CLEAR,STRAIGHT,BRAKE
68.49,-2.5,3.54,101.87,LEFT,MEDIUM,GREEN,NO,SLIPPERY,CLEAR,STRAIGHT,BRAKE
78.76,0.68,12.83,139.74,LEFT,LOW,NONE,YES,DRY,RAIN,LEFT,TURN_LEFT
111.07,-0.17,-6.21,115.41,CENTER,LOW,YELLOW,NO,WET,CLEAR,RIGHT,BRAKE
48.43,3.38,-2.05,101.48,CENTER,LOW,GREEN,NO,WET,CLEAR,LEFT,MAINTAIN_SPEED
116.51,0.29,20.44,173.87,RIGHT,MEDIUM,GREEN,NO,DRY,CLEAR,STRAIGHT,MAINTAIN_SPEED
52.7,-4.43,-10.22,37.68,CENTER,MEDIUM,NONE,NO,DRY,CLEAR,LEFT,TURN_LEFT
96.48,-2.39,-4.97,8.36,CENTER,LOW,GREEN,YES,DRY,CLEAR,STRAIGHT,STOP
26.59,-3.8,0.92,126.23,CENTER,LOW,NONE,NO,DRY,CLEAR,STRAIGHT,MAINTAIN_SPEED
65.16,3.4,1.22,66.95,LEFT,MEDIUM,RED,NO,SLIPPERY,CLEAR,STRAIGHT,STOP
85.66,-0.55,-3.87,116.47,CENTER,MEDIUM,YELLOW,YES,DRY,CLEAR,STRAIGHT,BRAKE
118.26,2.08,2.55,15.38,RIGHT,MEDIUM,GREEN,NO,DRY,RAIN,STRAIGHT,BRAKE
13.72,-1.51,-6.74,80.76,CENTER,MEDIUM,NONE,NO,DRY,CLEAR,LEFT,ACCELERATE
53.3,-2.72,10.27,47.03,CENTER,LOW,NONE,YES,DRY,CLEAR,STRAIGHT,MAINTAIN_SPEED
136.51,-2.57,21.99,145.68,CENTER,MEDIUM,GREEN,NO,DRY,CLEAR,RIGHT,TURN_RIGHT
45.24,-3.39,1.68,185.02,LEFT,MEDIUM,NONE,YES,DRY,CLEAR,STRAIGHT,MAINTAIN_SPEED
88.67,-2.23,-3.41,183.27,CENTER,LOW,RED,YES,DRY,CLEAR,STRAIGHT,STOP
21.05,1.16,-4.24,147.4,CENTER,MEDIUM,GREEN,YES,DRY,CLEAR,STRAIGHT,MAINTAIN_SPEED
83.76,2.58,-6.73,98.82,LEFT,LOW,YELLOW,NO,DRY,RAIN,STRAIGHT,BRAKE
133.36,-0.13,10.79,66.93,CENTER,HIGH,YELLOW,NO,WET,RAIN,STRAIGHT,BRAKE
60.39,-0.69,19.08,78.78,CENTER,HIGH,GREEN,NO,DRY,CLEAR,STRAIGHT,CHANGE_LANE_RIGHT
118.0,-0.05,-13.78,172.22,CENTER,MEDIUM,YELLOW,NO,SLIPPERY,CLEAR,STRAIGHT,BRAKE
133.87,-1.48,0.26,89.05,CENTER,MEDIUM,GREEN,NO,WET,CLEAR,RIGHT,MAINTAIN_SPEED
144.27,2.57,3.36,121.47,LEFT,LOW,GREEN,NO,WET,CLEAR,STRAIGHT,MAINTAIN_SPEED
72.06,0.27,4.07,67.03,LEFT,MEDIUM,GREEN,NO,DRY,RAIN,STRAIGHT,MAINTAIN_SPEED
32.59,5.27,-7.81,107.48,CENTER,HIGH,GREEN,NO,DRY,CLEAR,LEFT,CHANGE_LANE_LEFT
96.5,-0.28,0.01,45.18,CENTER,MEDIUM,GREEN,NO,DRY,FOG,STRAIGHT,MAINTAIN_SPEED
121.73,-0.48,27.66,62.8,CENTER,LOW,GREEN,NO,DRY,CLEAR,STRAIGHT,MAINTAIN_SPEED
76.53,1.2,11.71,167.75,CENTER,HIGH,NONE,NO,WET,CLEAR,LEFT,TURN_LEFT
101.46,-1.62,4.81,84.66,CENTER,HIGH,NONE,NO,DRY,CLEAR,STRAIGHT,CHANGE_LANE_RIGHT
98.01,1.36,-7.14,27.41,CENTER,MEDIUM,NONE,NO,DRY,CLEAR,RIGHT,BRAKE
2.07,0.04,-3.83,187.62,LEFT,MEDIUM,NONE,YES,DRY,CLEAR,RIGHT,ACCELERATE
57.69,-2.82,-26.07,21.76,CENTER,HIGH,YELLOW,NO,DRY,CLEAR,STRAIGHT,BRAKE
7.02,-2.84,17.66,84.29,CENTER,LOW,GREEN,NO,DRY,CLEAR,RIGHT,TURN_RIGHT
32.69,-0.0,4.79,184.0,RIGHT,MEDIUM,GREEN,NO,WET,RAIN,STRAIGHT,MAINTAIN_SPEED
19.38,-0.07,1.18,63.61,CENTER,LOW,GREEN,NO,WET,CLEAR,STRAIGHT,MAINTAIN_SPEED
106.75,2.58,20.62,193.06,CENTER,LOW,NONE,NO,DRY,RAIN,STRAIGHT,MAINTAIN_SPEED
94.28,2.96,15.77,162.25,LEFT,MEDIUM,GREEN,NO,DRY,CLEAR,RIGHT,TURN_RIGHT
77.82,-3.05,-16.07,18.1,LEFT,LOW,NONE,YES,DRY,CLEAR,RIGHT,BRAKE
32.4,2.96,-3.97,119.71,LEFT,HIGH,GREEN,NO,SLIPPERY,RAIN,STRAIGHT,MAINTAIN_SPEED
84.52,1.79,-5.16,35.43,RIGHT,HIGH,GREEN,NO,DRY,RAIN,STRAIGHT,MAINTAIN_SPEED
88.76,1.67,21.65,195.3,CENTER,LOW,YELLOW,NO,DRY,CLEAR,STRAIGHT,BRAKE
122.56,-2.46,2.13,55.4,CENTER,MEDIUM,YELLOW,NO,DRY,CLEAR,RIGHT,BRAKE
78.17,-2.82,-9.65,67.31,CENTER,MEDIUM,NONE,YES,WET,CLEAR,LEFT,TURN_LEFT
56.32,-3.43,-5.73,58.27,CENTER,LOW,YELLOW,YES,DRY,CLEAR,STRAIGHT,BRAKE
100.31,-0.76,7.59,184.21,RIGHT,MEDIUM,YELLOW,YES,SLIPPERY,FOG,STRAIGHT,BRAKE
0.81,1.17,-15.42,38.0,CENTER,HIGH,GREEN,NO,DRY,CLEAR,LEFT,TURN_LEFT
149.86,-1.06,7.01,78.8,CENTER,MEDIUM,GREEN,NO,DRY,CLEAR,STRAIGHT,MAINTAIN_SPEED
96.17,3.36,-2.84,12.17,LEFT,MEDIUM,NONE,YES,DRY,RAIN,STRAIGHT,BRAKE
70.98,4.04,-23.42,192.48,CENTER,LOW,NONE,NO,DRY,FOG,LEFT,TURN_LEFT
3.38,1.21,-7.58,32.79,RIGHT,HIGH,GREEN,NO,SLIPPERY,RAIN,STRAIGHT,ACCELERATE
45.92,-0.19,-2.49,196.27,LEFT,MEDIUM,NONE,NO,DRY,CLEAR,STRAIGHT,MAINTAIN_SPEED
41.83,-4.41,-3.23,160.73,RIGHT,HIGH,GREEN,NO,DRY,CLEAR,STRAIGHT,MAINTAIN_SPEED
6.44,-1.07,-3.62,62.79,RIGHT,HIGH,GREEN,NO,DRY,CLEAR,LEFT,ACCELERATE
52.51,-0.39,-13.15,110.52,CENTER,LOW,GREEN,NO,DRY,CLEAR,STRAIGHT,MAINTAIN_SPEED
93.5,-0.5,4.67,57.77,CENTER,LOW,GREEN,NO,DRY,CLEAR,STRAIGHT,MAINTAIN_SPEED
136.41,3.73,-13.52,58.04,CENTER,MEDIUM,RED,YES,DRY,CLEAR,RIGHT,STOP
15.77,-0.49,-8.76,75.01,LEFT,LOW,RED,NO,DRY,RAIN,STRAIGHT,BRAKE
147.35,2.39,-10.57,60.56,LEFT,MEDIUM,GREEN,NO,DRY,CLEAR,STRAIGHT,MAINTAIN_SPEED
107.1,-1.16,18.45,145.59,CENTER,HIGH,NONE,NO,WET,CLEAR,STRAIGHT,CHANGE_LANE_RIGHT
114.2,1.71,30.51,17.01,CENTER,HIGH,GREEN,NO,DRY,RAIN,STRAIGHT,BRAKE
47.98,0.0,-26.96,104.86,LEFT,MEDIUM,NONE,YES,DRY,CLEAR,LEFT,TURN_LEFT
131.51,1.11,1.63,27.77,CENTER,LOW,GREEN,NO,WET,CLEAR,LEFT,BRAKE
106.5,-1.78,3.09,3.95,CENTER,LOW,GREEN,YES,DRY,RAIN,STRAIGHT,STOP
38.08,-0.58,-5.15,150.16,RIGHT,LOW,RED,NO,DRY,RAIN,LEFT,BRAKE
4.67,-5.21,-17.55,9.04,CENTER,HIGH,GREEN,YES,DRY,CLEAR,RIGHT,STOP
141.95,-2.08,10.22,21.95,CENTER,HIGH,NONE,NO,DRY,CLEAR,LEFT,TURN_LEFT
49.42,3.38,4.68,79.72,CENTER,LOW,YELLOW,NO,DRY,CLEAR,STRAIGHT,MAINTAIN_SPEED
74.16,-0.36,-3.43,104.34,CENTER,HIGH,GREEN,NO,DRY,RAIN,STRAIGHT,CHANGE_LANE_LEFT
69.01,1.06,15.62,187.1,RIGHT,LOW,GREEN,NO,DRY,CLEAR,STRAIGHT,MAINTAIN_SPEED
71.77,-0.17,-7.48,7.47,CENTER,LOW,GREEN,NO,SLIPPERY,RAIN,LEFT,BRAKE
88.67,-1.55,-3.58,181.83,RIGHT,MEDIUM,GREEN,NO,DRY,CLEAR,RIGHT,MAINTAIN_SPEED
131.79,0.9,4.27,128.41,CENTER,LOW,GREEN,NO,WET,FOG,LEFT,MAINTAIN_SPEED
69.79,-3.75,10.3,31.27,CENTER,HIGH,RED,NO,WET,RAIN,RIGHT,STOP
77.7,0.58,-0.99,128.61,CENTER,LOW,GREEN,YES,DRY,CLEAR,STRAIGHT,MAINTAIN_SPEED
12.82,-0.45,-1.54,122.49,CENTER,MEDIUM,GREEN,NO,DRY,CLEAR,STRAIGHT,ACCELERATE
18.96,-1.3,0.62,111.82,CENTER,LOW,RED,NO,DRY,RAIN,LEFT,BRAKE
111.99,-0.19,0.43,109.9,CENTER,MEDIUM,RED,NO,DRY,CLEAR,RIGHT,STOP
11.39,-3.85,14.21,9.51,LEFT,HIGH,RED,NO,DRY,CLEAR,RIGHT,STOP
59.2,-1.58,1.22,136.35,CENTER,MEDIUM,GREEN,NO,DRY,CLEAR,STRAIGHT,MAINTAIN_SPEED
110.81,-0.11,-6.8,38.51,CENTER,HIGH,RED,NO,SLIPPERY,CLEAR,STRAIGHT,STOP
53.41,1.27,-5.84,145.52,CENTER,MEDIUM,GREEN,NO,DRY,CLEAR,STRAIGHT,MAINTAIN_SPEED
9.61,1.37,-2.57,160.3,CENTER,LOW,GREEN,NO,DRY,RAIN,STRAIGHT,ACCELERATE
13.77,0.32,-4.37,15.66,LEFT,MEDIUM,GREEN,NO,DRY,CLEAR,RIGHT,MAINTAIN_SPEED
58.45,3.8,3.31,157.48,LEFT,MEDIUM,GREEN,NO,SLIPPERY,CLEAR,STRAIGHT,BRAKE
82.66,-1.48,23.43,145.33,RIGHT,MEDIUM,GREEN,NO,DRY,CLEAR,LEFT,TURN_LEFT
66.92,-1.94,-16.78,96.33,CENTER,LOW,RED,NO,DRY,FOG,RIGHT,STOP
113.0,1.65,-8.78,122.42,CENTER,LOW,NONE,NO,DRY,CLEAR,STRAIGHT,MAINTAIN_SPEED
71.17,-2.94,14.38,114.52,CENTER,HIGH,NONE,NO,WET,CLEAR,STRAIGHT,CHANGE_LANE_RIGHT
61.64,-5.59,-4.24,119.15,LEFT,LOW,GREEN,NO,WET,CLEAR,STRAIGHT,MAINTAIN_SPEED
20.67,-0.63,-11.39,153.78,CENTER,HIGH,NONE,YES,WET,CLEAR,STRAIGHT,CHANGE_LANE_LEFT
15.24,1.12,17.95,128.57,CENTER,HIGH,GREEN,NO,DRY,CLEAR,STRAIGHT,CHANGE_LANE_RIGHT
16.18,2.04,-7.33,196.91,CENTER,LOW,RED,NO,DRY,RAIN,RIGHT,BRAKE
54.61,-1.31,1.66,102.2,CENTER,MEDIUM,NONE,YES,DRY,FOG,STRAIGHT,MAINTAIN_SPEED
139.39,-6.45,12.37,16.99,LEFT,MEDIUM,RED,NO,WET,CLEAR,STRAIGHT,STOP
104.74,2.02,-1.02,191.02,CENTER,MEDIUM,GREEN,NO,DRY,CLEAR,RIGHT,MAINTAIN_SPEED
90.79,0.07,9.8,140.02,CENTER,MEDIUM,RED,NO,WET,CLEAR,LEFT,STOP
22.07,5.15,-14.07,165.44,CENTER,HIGH,YELLOW,NO,DRY,RAIN,STRAIGHT,CHANGE_LANE_LEFT
80.03,-4.6,-3.6,131.6,RIGHT,LOW,GREEN,NO,DRY,CLEAR,LEFT,MAINTAIN_SPEED
119.01,0.18,18.44,91.47,LEFT,MEDIUM,YELLOW,NO,DRY,CLEAR,LEFT,BRAKE
60.76,1.39,5.1,48.1,CENTER,MEDIUM,GREEN,YES,DRY,RAIN,STRAIGHT,MAINTAIN_SPEED
28.47,3.44,-0.66,66.62,CENTER,LOW,NONE,NO,DRY,CLEAR,RIGHT,MAINTAIN_SPEED
54.5,1.83,0.13,137.9,CENTER,MEDIUM,GREEN,YES,WET,CLEAR,STRAIGHT,MAINTAIN_SPEED
74.39,0.34,-4.25,193.97,CENTER,HIGH,GREEN,YES,WET,CLEAR,LEFT,CHANGE_LANE_LEFT
0.42,-0.03,17.83,97.41,RIGHT,HIGH,GREEN,NO,DRY,RAIN,STRAIGHT,ACCELERATE
38.26,-1.15,26.44,183.94,CENTER,MEDIUM,RED,NO,DRY,CLEAR,STRAIGHT,BRAKE
46.66,0.28,25.69,26.99,CENTER,HIGH,GREEN,NO,WET,RAIN,LEFT,ACCELERATE
19.72,-0.99,-7.06,143.48,CENTER,MEDIUM,GREEN,NO,DRY,CLEAR,STRAIGHT,MAINTAIN_SPEED
46.3,-2.98,-0.4,123.08,CENTER,HIGH,GREEN,YES,WET,CLEAR,STRAIGHT,CHANGE_LANE_LEFT
86.31,0.69,-10.22,54.53,LEFT,LOW,RED,NO,WET,FOG,LEFT,STOP
61.28,2.1,5.07,101.17,CENTER,LOW,NONE,YES,WET,CLEAR,STRAIGHT,MAINTAIN_SPEED
35.18,-2.53,-21.7,121.38,CENTER,MEDIUM,RED,NO,WET,CLEAR,STRAIGHT,BRAKE
120.43,-3.86,13.83,126.2,LEFT,LOW,NONE,NO,DRY,CLEAR,STRAIGHT,MAINTAIN_SPEED
43.07,-3.19,-18.32,81.86,LEFT,MEDIUM,GREEN,NO,DRY,CLEAR,RIGHT,TURN_RIGHT
46.12,1.76,-8.0,182.38,CENTER,HIGH,RED,NO,DRY,FOG,RIGHT,BRAKE
90.56,-3.3,-17.13,8.89,CENTER,LOW,YELLOW,NO,WET,CLEAR,STRAIGHT,BRAKE
50.12,-0.43,16.83,138.58,CENTER,HIGH,YELLOW,NO,SLIPPERY,RAIN,STRAIGHT,BRAKE
61.32,-3.01,0.95,39.84,CENTER,LOW,NONE,YES,SLIPPERY,CLEAR,RIGHT,BRAKE
22.93,-2.75,-27.17,146.36,LEFT,MEDIUM,NONE,NO,DRY,RAIN,LEFT,TURN_LEFT
43.88,1.58,-2.3,102.17,RIGHT,MEDIUM,YELLOW,YES,SLIPPERY,CLEAR,STRAIGHT,MAINTAIN_SPEED
69.26,0.1,18.09,114.74,LEFT,MEDIUM,GREEN,NO,SLIPPERY,CLEAR,STRAIGHT,BRAKE
82.18,1.32,-2.11,193.35,CENTER,LOW,RED,NO,DRY,RAIN,RIGHT,STOP
56.18,3.1,-8.71,27.55,CENTER,LOW,RED,NO,WET,FOG,STRAIGHT,STOP
59.77,-2.43,-8.78,111.65,CENTER,HIGH,GREEN,NO,DRY,RAIN,RIGHT,TURN_RIGHT
131.8,-1.77,-3.16,134.91,CENTER,LOW,GREEN,YES,DRY,FOG,RIGHT,MAINTAIN_SPEED
55.03,0.59,-4.7,68.98,CENTER,MEDIUM,GREEN,YES,SLIPPERY,CLEAR,STRAIGHT,BRAKE
49.31,-3.88,0.51,120.52,LEFT,HIGH,GREEN,NO,DRY,FOG,LEFT,MAINTAIN_SPEED
3.47,0.13,-14.23,77.08,CENTER,MEDIUM,GREEN,NO,SLIPPERY,CLEAR,RIGHT,TURN_RIGHT
35.13,2.03,5.0,123.74,LEFT,LOW,GREEN,NO,DRY,RAIN,STRAIGHT,MAINTAIN_SPEED
63.73,1.92,-15.21,13.58,CENTER,MEDIUM,GREEN,YES,DRY,CLEAR,STRAIGHT,BRAKE
149.09,6.69,6.02,127.8,LEFT,MEDIUM,NONE,YES,DRY,CLEAR,STRAIGHT,MAINTAIN_SPEED
137.62,5.94,-10.52,52.61,CENTER,MEDIUM,GREEN,NO,SLIPPERY,CLEAR,RIGHT,BRAKE
21.9,0.14,-2.37,180.03,CENTER,MEDIUM,RED,YES,SLIPPERY,RAIN,STRAIGHT,BRAKE
6.03,2.14,0.43,49.05,CENTER,HIGH,RED,NO,DRY,CLEAR,STRAIGHT,BRAKE
106.08,-3.84,-0.3,177.76,CENTER,MEDIUM,RED,NO,DRY,CLEAR,LEFT,STOP
86.3,3.28,-3.9,123.56,CENTER,HIGH,GREEN,NO,DRY,CLEAR,RIGHT,CHANGE_LANE_LEFT
40.06,2.82,3.17,183.94,RIGHT,MEDIUM,NONE,NO,DRY,RAIN,STRAIGHT,MAINTAIN_SPEED
31.99,1.83,14.11,167.81,RIGHT,HIGH,GREEN,NO,DRY,RAIN,STRAIGHT,MAINTAIN_SPEED
33.92,1.05,-21.92,94.32,RIGHT,MEDIUM,GREEN,NO,SLIPPERY,CLEAR,LEFT,TURN_LEFT
118.22,2.62,-9.81,91.47,LEFT,MEDIUM,RED,NO,SLIPPERY,CLEAR,RIGHT,STOP
28.75,3.06,10.99,92.99,RIGHT,MEDIUM,GREEN,YES,WET,CLEAR,LEFT,TURN_LEFT
118.15,-0.29,-25.74,158.88,LEFT,LOW,GREEN,NO,SLIPPERY,RAIN,RIGHT,BRAKE
107.09,4.32,23.19,159.15,RIGHT,HIGH,NONE,YES,WET,FOG,LEFT,TURN_LEFT
60.13,3.2,0.17,184.17,RIGHT,HIGH,YELLOW,NO,DRY,CLEAR,STRAIGHT,BRAKE
118.63,-1.41,7.16,83.57,CENTER,MEDIUM,NONE,YES,DRY,RAIN,STRAIGHT,MAINTAIN_SPEED
133.5,0.77,-10.28,91.11,CENTER,MEDIUM,RED,NO,DRY,CLEAR,STRAIGHT,STOP
50.15,-1.82,5.26,144.38,CENTER,LOW,YELLOW,YES,DRY,CLEAR,STRAIGHT,MAINTAIN_SPEED
102.23,-1.29,3.14,114.11,CENTER,LOW,GREEN,NO,SLIPPERY,CLEAR,STRAIGHT,BRAKE
81.69,-2.41,3.96,76.39,LEFT,HIGH,RED,NO,DRY,CLEAR,STRAIGHT,STOP
5.54,0.45,4.39,20.77,LEFT,HIGH,GREEN,NO,DRY,CLEAR,STRAIGHT,MAINTAIN_SPEED
137.56,-1.29,7.16,137.04,CENTER,HIGH,GREEN,YES,WET,CLEAR,STRAIGHT,CHANGE_LANE_RIGHT
112.07,2.33,10.12,179.31,CENTER,MEDIUM,GREEN,NO,DRY,CLEAR,STRAIGHT,MAINTAIN_SPEED
109.55,4.2,-20.26,118.13,CENTER,HIGH,NONE,NO,WET,RAIN,STRAIGHT,CHANGE_LANE_LEFT
80.18,-2.2,-15.45,66.36,LEFT,LOW,RED,NO,DRY,CLEAR,STRAIGHT,STOP
91.15,-1.4,-19.45,26.11,CENTER,HIGH,NONE,NO,DRY,RAIN,STRAIGHT,MAINTAIN_SPEED
60.0,-1.64,4.05,147.99,RIGHT,MEDIUM,YELLOW,NO,DRY,CLEAR,STRAIGHT,BRAKE
27.12,-0.24,4.46,34.99,RIGHT,LOW,GREEN,NO,DRY,CLEAR,RIGHT,MAINTAIN_SPEED
51.31,1.82,-0.49,39.24,RIGHT,MEDIUM,GREEN,NO,DRY,CLEAR,RIGHT,MAINTAIN_SPEED
83.1,-1.65,-14.66,120.97,CENTER,MEDIUM,YELLOW,NO,DRY,CLEAR,STRAIGHT,BRAKE
54.05,0.04,12.98,182.14,CENTER,HIGH,GREEN,NO,DRY,CLEAR,STRAIGHT,CHANGE_LANE_RIGHT
32.45,3.9,19.51,71.32,CENTER,LOW,NONE,NO,DRY,RAIN,RIGHT,TURN_RIGHT
23.97,-2.7,-4.77,11.32,RIGHT,LOW,GREEN,NO,SLIPPERY,CLEAR,STRAIGHT,MAINTAIN_SPEED
148.78,3.05,-2.61,187.14,CENTER,LOW,YELLOW,NO,DRY,CLEAR,STRAIGHT,BRAKE
112.11,-0.64,13.19,68.46,RIGHT,MEDIUM,GREEN,NO,DRY,CLEAR,STRAIGHT,MAINTAIN_SPEED
110.27,1.65,-8.84,40.7,LEFT,HIGH,NONE,NO,DRY,RAIN,STRAIGHT,MAINTAIN_SPEED
105.19,6.89,-3.06,163.6,RIGHT,MEDIUM,GREEN,NO,DRY,CLEAR,STRAIGHT,MAINTAIN_SPEED
25.67,-0.26,1.63,82.36,RIGHT,LOW,GREEN,NO,DRY,CLEAR,STRAIGHT,MAINTAIN_SPEED
62.62,-1.49,-2.31,121.18,RIGHT,LOW,GREEN,NO,DRY,CLEAR,STRAIGHT,MAINTAIN_SPEED
95.27,-0.18,0.23,109.4,RIGHT,LOW,RED,NO,DRY,CLEAR,STRAIGHT,STOP
141.8,-0.26,-8.8,197.13,CENTER,HIGH,YELLOW,NO,DRY,CLEAR,STRAIGHT,BRAKE
3.14,-2.0,-7.01,62.39,CENTER,HIGH,NONE,NO,WET,CLEAR,STRAIGHT,CHANGE_LANE_LEFT
138.66,-1.86,-13.92,156.37,CENTER,MEDIUM,NONE,NO,SLIPPERY,CLEAR,STRAIGHT,BRAKE
55.15,-1.28,-5.94,52.64,CENTER,LOW,RED,NO,DRY,CLEAR,RIGHT,STOP
120.35,-2.18,-10.39,19.81,CENTER,HIGH,NONE,NO,DRY,RAIN,LEFT,TURN_LEFT
71.3,-3.39,4.3,104.76,LEFT,MEDIUM,GREEN,NO,DRY,CLEAR,STRAIGHT,MAINTAIN_SPEED
56.17,-1.86,-0.67,107.5,CENTER,LOW,GREEN,NO,DRY,FOG,STRAIGHT,MAINTAIN_SPEED
27.47,1.44,-6.93,84.05,CENTER,LOW,NONE,YES,WET,FOG,STRAIGHT,MAINTAIN_SPEED
10.73,-1.69,-26.99,74.13,CENTER,MEDIUM,GREEN,NO,DRY,CLEAR,LEFT,TURN_LEFT
63.54,2.21,-16.1,104.56,CENTER,MEDIUM,GREEN,YES,SLIPPERY,CLEAR,STRAIGHT,BRAKE
132.06,-1.31,-10.84,143.86,RIGHT,MEDIUM,RED,NO,WET,CLEAR,STRAIGHT,STOP
95.31,-2.37,-2.93,111.32,CENTER,LOW,GREEN,YES,DRY,FOG,STRAIGHT,MAINTAIN_SPEED
37.95,-0.56,-18.83,172.67,CENTER,MEDIUM,GREEN,NO,DRY,CLEAR,STRAIGHT,MAINTAIN_SPEED
81.99,2.66,-0.15,181.14,CENTER,MEDIUM,GREEN,NO,DRY,CLEAR,STRAIGHT,MAINTAIN_SPEED
67.72,1.9,14.46,67.85,RIGHT,MEDIUM,RED,NO,WET,CLEAR,STRAIGHT,STOP
110.74,-1.3,10.01,74.93,CENTER,LOW,NONE,YES,DRY,RAIN,STRAIGHT,MAINTAIN_SPEED
35.94,2.3,-9.9,177.89,CENTER,LOW,RED,NO,DRY,CLEAR,STRAIGHT,BRAKE
15.78,-1.62,-8.64,51.28,RIGHT,HIGH,NONE,NO,SLIPPERY,CLEAR,RIGHT,TURN_RIGHT
4.84,0.65,-8.05,156.34,RIGHT,LOW,NONE,NO,DRY,RAIN,STRAIGHT,ACCELERATE
79.64,-0.81,-9.36,70.96,CENTER,MEDIUM,NONE,NO,WET,CLEAR,STRAIGHT,MAINTAIN_SPEED
47.07,3.55,9.54,54.04,RIGHT,HIGH,GREEN,NO,SLIPPERY,CLEAR,STRAIGHT,MAINTAIN_SPEED
120.0,-7.41,12.71,41.72,CENTER,HIGH,RED,NO,DRY,CLEAR,LEFT,STOP
91.31,-0.76,-4.55,133.17,CENTER,LOW,YELLOW,NO,DRY,CLEAR,STRAIGHT,BRAKE
79.16,-5.16,1.08,186.89,RIGHT,MEDIUM,GREEN,YES,DRY,CLEAR,STRAIGHT,MAINTAIN_SPEED
85.96,2.56,16.11,173.67,CENTER,MEDIUM,NONE,YES,WET,RAIN,RIGHT,TURN_RIGHT
19.03,0.5,-1.94,29.05,CENTER,HIGH,GREEN,NO,WET,CLEAR,STRAIGHT,MAINTAIN_SPEED
69.12,-4.06,5.99,74.3,CENTER,HIGH,NONE,NO,SLIPPERY,CLEAR,STRAIGHT,BRAKE
85.46,1.09,10.46,29.48,LEFT,MEDIUM,RED,YES,DRY,CLEAR,STRAIGHT,STOP
85.33,-3.62,-15.02,64.51,RIGHT,MEDIUM,YELLOW,NO,DRY,CLEAR,STRAIGHT,BRAKE
31.08,1.42,1.1,131.17,LEFT,LOW,NONE,NO,DRY,CLEAR,LEFT,MAINTAIN_SPEED
136.35,-4.75,4.51,154.13,RIGHT,MEDIUM,GREEN,YES,DRY,RAIN,STRAIGHT,MAINTAIN_SPEED
14.65,0.69,18.57,2.66,CENTER,LOW,GREEN,NO,DRY,CLEAR,RIGHT,TURN_RIGHT
22.29,-0.14,-18.88,121.85,CENTER,MEDIUM,GREEN,NO,DRY,CLEAR,STRAIGHT,MAINTAIN_SPEED
133.4,-1.21,14.5,95.44,CENTER,MEDIUM,RED,NO,DRY,CLEAR,LEFT,STOP
110.86,-2.35,11.5,165.89,RIGHT,MEDIUM,GREEN,NO,SLIPPERY,CLEAR,STRAIGHT,BRAKE
112.44,7.22,-1.42,188.42,CENTER,HIGH,GREEN,YES,DRY,CLEAR,RIGHT,CHANGE_LANE_LEFT
66.33,-2.31,-13.1,29.99,CENTER,MEDIUM,GREEN,NO,DRY,CLEAR,STRAIGHT,MAINTAIN_SPEED
51.71,0.17,-16.97,152.82,LEFT,MEDIUM,GREEN,YES,WET,CLEAR,RIGHT,TURN_RIGHT
43.17,1.27,-4.83,53.53,CENTER,MEDIUM,GREEN,NO,SLIPPERY,FOG,STRAIGHT,MAINTAIN_SPEED
16.0,3.26,-2.27,54.63,CENTER,LOW,NONE,YES,DRY,RAIN,LEFT,ACCELERATE
149.2,0.54,-8.59,26.75,LEFT,LOW,GREEN,NO,DRY,RAIN,STRAIGHT,BRAKE
19.81,0.08,-10.79,167.26,CENTER,MEDIUM,GREEN,NO,DRY,CLEAR,STRAIGHT,MAINTAIN_SPEED
8.22,-0.58,15.36,50.33,LEFT,MEDIUM,RED,NO,DRY,CLEAR,STRAIGHT,BRAKE
27.2,-0.64,-4.31,186.05,RIGHT,LOW,GREEN,YES,DRY,CLEAR,RIGHT,MAINTAIN_SPEED
83.55,0.91,-4.24,196.44,CENTER,MEDIUM,GREEN,NO,DRY,CLEAR,STRAIGHT,MAINTAIN_SPEED
70.87,-1.17,5.32,173.13,CENTER,MEDIUM,GREEN,NO,DRY,CLEAR,STRAIGHT,MAINTAIN_SPEED
7.3,2.0,9.13,169.75,CENTER,LOW,GREEN,NO,DRY,CLEAR,STRAIGHT,ACCELERATE
5.81,-1.55,13.53,99.35,RIGHT,MEDIUM,GREEN,NO,SLIPPERY,CLEAR,STRAIGHT,ACCELERATE
81.18,4.84,4.85,36.1,CENTER,LOW,GREEN,NO,DRY,CLEAR,STRAIGHT,MAINTAIN_SPEED
149.67,-0.77,4.08,60.15,CENTER,MEDIUM,GREEN,NO,DRY,FOG,STRAIGHT,MAINTAIN_SPEED
61.62,4.95,-31.09,130.57,LEFT,HIGH,GREEN,NO,DRY,CLEAR,STRAIGHT,MAINTAIN_SPEED
79.18,0.83,15.93,133.82,RIGHT,MEDIUM,GREEN,YES,DRY,CLEAR,STRAIGHT,MAINTAIN_SPEED
20.82,1.66,-4.35,78.25,CENTER,LOW,GREEN,NO,DRY,CLEAR,STRAIGHT,MAINTAIN_SPEED
119.95,6.29,-4.18,96.27,RIGHT,MEDIUM,RED,NO,DRY,FOG,STRAIGHT,STOP
82.57,1.28,18.18,22.73,LEFT,LOW,NONE,NO,DRY,CLEAR,STRAIGHT,MAINTAIN_SPEED
147.66,1.15,3.07,57.13,CENTER,HIGH,NONE,NO,DRY,FOG,STRAIGHT,CHANGE_LANE_RIGHT
12.22,-2.85,11.05,188.42,RIGHT,MEDIUM,NONE,YES,DRY,CLEAR,LEFT,TURN_LEFT
125.98,3.04,-8.48,153.08,CENTER,HIGH,GREEN,NO,DRY,CLEAR,RIGHT,TURN_RIGHT
60.76,2.13,18.76,66.96,CENTER,MEDIUM,GREEN,NO,DRY,CLEAR,STRAIGHT,MAINTAIN_SPEED
79.01,3.45,7.93,41.73,CENTER,MEDIUM,GREEN,NO,DRY,RAIN,STRAIGHT,MAINTAIN_SPEED
67.99,0.93,18.13,48.21,CENTER,MEDIUM,NONE,NO,DRY,CLEAR,RIGHT,TURN_RIGHT
38.69,0.31,5.37,22.05,CENTER,HIGH,GREEN,NO,DRY,CLEAR,STRAIGHT,MAINTAIN_SPEED
137.66,4.22,-18.61,67.25,RIGHT,MEDIUM,RED,NO,DRY,CLEAR,RIGHT,STOP
2.13,-0.6,-4.85,169.85,CENTER,MEDIUM,GREEN,NO,DRY,CLEAR,STRAIGHT,ACCELERATE
106.5,0.56,-3.85,45.41,CENTER,HIGH,RED,NO,DRY,RAIN,STRAIGHT,STOP
101.51,2.05,12.52,46.61,RIGHT,HIGH,GREEN,YES,WET,CLEAR,STRAIGHT,MAINTAIN_SPEED
24.85,-4.23,-2.14,68.78,CENTER,MEDIUM,GREEN,NO,DRY,CLEAR,STRAIGHT,ACCELERATE
63.48,-1.24,6.73,24.48,LEFT,MEDIUM,GREEN,NO,DRY,RAIN,STRAIGHT,MAINTAIN_SPEED
69.85,2.0,5.06,23.85,LEFT,LOW,NONE,NO,WET,CLEAR,STRAIGHT,MAINTAIN_SPEED
28.42,-1.14,9.08,52.95,RIGHT,HIGH,NONE,NO,DRY,CLEAR,RIGHT,TURN_RIGHT
129.3,1.52,12.24,185.77,CENTER,HIGH,NONE,YES,DRY,CLEAR,RIGHT,TURN_RIGHT
79.15,0.07,-3.73,198.45,CENTER,MEDIUM,NONE,YES,DRY,CLEAR,RIGHT,MAINTAIN_SPEED
91.0,1.55,-20.57,115.09,CENTER,LOW,RED,NO,DRY,CLEAR,RIGHT,STOP
109.95,-2.34,-9.22,17.68,RIGHT,MEDIUM,YELLOW,NO,WET,CLEAR,STRAIGHT,BRAKE
11.61,1.33,7.54,5.54,CENTER,LOW,NONE,NO,DRY,CLEAR,LEFT,MAINTAIN_SPEED
27.66,-1.5,-4.22,151.55,LEFT,HIGH,RED,NO,DRY,CLEAR,RIGHT,BRAKE
33.58,2.26,-0.74,168.58,LEFT,LOW,GREEN,NO,DRY,CLEAR,STRAIGHT,MAINTAIN_SPEED
58.21,2.53,-0.91,195.09,LEFT,LOW,NONE,NO,WET,CLEAR,LEFT,MAINTAIN_SPEED
115.75,3.07,1.91,56.67,CENTER,LOW,GREEN,NO,WET,FOG,LEFT,MAINTAIN_SPEED
133.34,-2.66,7.31,88.58,CENTER,LOW,GREEN,YES,DRY,CLEAR,STRAIGHT,MAINTAIN_SPEED
127.16,-0.95,-9.78,116.31,CENTER,HIGH,RED,NO,DRY,RAIN,STRAIGHT,STOP
29.31,-2.5,-5.69,179.11,RIGHT,MEDIUM,NONE,NO,SLIPPERY,CLEAR,STRAIGHT,MAINTAIN_SPEED
87.73,3.89,-3.62,18.78,CENTER,LOW,GREEN,NO,DRY,CLEAR,STRAIGHT,MAINTAIN_SPEED
29.02,0.57,10.07,71.69,CENTER,MEDIUM,RED,NO,DRY,CLEAR,STRAIGHT,BRAKE
103.42,-1.84,-5.97,32.77,CENTER,MEDIUM,GREEN,NO,DRY,CLEAR,STRAIGHT,BRAKE
111.52,5.48,-20.31,5.48,CENTER,LOW,RED,NO,DRY,CLEAR,STRAIGHT,STOP
50.96,-1.37,-35.5,178.1,CENTER,HIGH,GREEN,NO,DRY,CLEAR,RIGHT,TURN_RIGHT
10.75,3.36,16.94,169.49,RIGHT,LOW,RED,YES,DRY,CLEAR,LEFT,BRAKE
14.38,0.29,4.49,142.12,CENTER,HIGH,RED,NO,DRY,CLEAR,STRAIGHT,BRAKE
29.96,-3.53,-3.48,156.6,CENTER,HIGH,GREEN,NO,DRY,FOG,STRAIGHT,CHANGE_LANE_LEFT
86.6,-0.18,6.29,90.3,CENTER,HIGH,RED,NO,DRY,CLEAR,STRAIGHT,STOP
105.24,3.08,10.78,2.68,CENTER,LOW,GREEN,NO,DRY,CLEAR,STRAIGHT,BRAKE
77.52,-1.98,-12.41,199.05,RIGHT,LOW,GREEN,NO,DRY,RAIN,RIGHT,TURN_RIGHT
103.87,3.9,3.46,51.26,CENTER,HIGH,NONE,NO,WET,CLEAR,STRAIGHT,CHANGE_LANE_RIGHT
143.9,-1.88,1.8,79.2,CENTER,LOW,RED,NO,DRY,CLEAR,STRAIGHT,STOP
23.97,1.27,8.79,127.78,CENTER,MEDIUM,NONE,NO,DRY,CLEAR,LEFT,TURN_LEFT
38.97,1.68,-12.21,87.59,RIGHT,LOW,GREEN,YES,WET,CLEAR,LEFT,TURN_LEFT
11.86,1.63,-11.49,122.27,CENTER,MEDIUM,GREEN,NO,DRY,RAIN,RIGHT,TURN_RIGHT
107.43,-0.6,19.09,129.02,LEFT,LOW,GREEN,NO,DRY,CLEAR,STRAIGHT,ACCELERATE
71.11,-2.24,9.62,199.45,CENTER,HIGH,GREEN,NO,DRY,RAIN,STRAIGHT,CHANGE_LANE_RIGHT
92.58,-4.06,0.32,35.68,RIGHT,MEDIUM,YELLOW,NO,WET,CLEAR,STRAIGHT,BRAKE
123.24,-3.46,7.13,147.84,CENTER,HIGH,GREEN,NO,DRY,CLEAR,STRAIGHT,CHANGE_LANE_RIGHT
39.92,-0.33,-12.11,65.84,CENTER,LOW,GREEN,NO,DRY,RAIN,LEFT,TURN_LEFT
143.17,-0.63,-10.53,157.96,CENTER,LOW,NONE,NO,WET,CLEAR,STRAIGHT,MAINTAIN_SPEED
54.04,3.76,4.9,174.36,CENTER,MEDIUM,YELLOW,NO,SLIPPERY,CLEAR,STRAIGHT,BRAKE
89.29,2.23,2.06,68.17,CENTER,MEDIUM,GREEN,NO,WET,CLEAR,STRAIGHT,MAINTAIN_SPEED
122.52,-3.07,-16.39,104.79,CENTER,MEDIUM,NONE,NO,DRY,CLEAR,LEFT,TURN_LEFT
20.21,2.42,-11.2,88.33,CENTER,MEDIUM,RED,YES,DRY,CLEAR,STRAIGHT,BRAKE
25.17,-2.21,7.03,37.96,CENTER,LOW,NONE,NO,DRY,CLEAR,STRAIGHT,MAINTAIN_SPEED
50.86,-0.75,35.66,58.25,RIGHT,LOW,YELLOW,NO,DRY,RAIN,STRAIGHT,MAINTAIN_SPEED
121.23,-3.05,-11.63,48.45,CENTER,HIGH,GREEN,NO,DRY,RAIN,STRAIGHT,CHANGE_LANE_LEFT
128.0,-2.12,11.0,158.2,CENTER,MEDIUM,NONE,NO,DRY,CLEAR,RIGHT,STOP
107.69,-2.48,-8.52,42.68,CENTER,LOW,GREEN,NO,DRY,CLEAR,STRAIGHT,MAINTAIN_SPEED
134.93,-0.55,1.3,147.81,CENTER,MEDIUM,NONE,NO,DRY,CLEAR,LEFT,MAINTAIN_SPEED
39.83,-0.78,15.44,94.59,CENTER,HIGH,GREEN,YES,DRY,CLEAR,STRAIGHT,CHANGE_LANE_RIGHT
12.07,-1.16,-3.13,120.39,RIGHT,HIGH,GREEN,NO,DRY,CLEAR,LEFT,ACCELERATE
29.92,-0.9,-10.43,111.56,CENTER,MEDIUM,GREEN,NO,DRY,CLEAR,STRAIGHT,MAINTAIN_SPEED
135.27,-6.37,-15.39,157.36,CENTER,MEDIUM,GREEN,NO,DRY,CLEAR,STRAIGHT,MAINTAIN_SPEED
131.23,-4.2,-11.93,69.79,CENTER,HIGH,YELLOW,NO,WET,CLEAR,LEFT,BRAKE
52.27,-0.43,-8.77,12.94,CENTER,MEDIUM,GREEN,NO,DRY,CLEAR,STRAIGHT,MAINTAIN_SPEED
91.99,4.17,15.94,7.35,CENTER,LOW,GREEN,NO,DRY,CLEAR,LEFT,TURN_LEFT
123.9,0.41,-5.38,152.13,CENTER,HIGH,GREEN,NO,DRY,CLEAR,LEFT,CHANGE_LANE_LEFT
124.15,-1.24,-12.44,63.47,LEFT,LOW,NONE,NO,DRY,RAIN,STRAIGHT,MAINTAIN_SPEED
19.34,2.2,-2.17,30.74,LEFT,MEDIUM,YELLOW,NO,DRY,CLEAR,STRAIGHT,MAINTAIN_SPEED
115.93,4.74,-11.32,192.42,CENTER,LOW,NONE,NO,DRY,CLEAR,STRAIGHT,MAINTAIN_SPEED
25.09,-1.65,10.4,141.67,CENTER,MEDIUM,NONE,NO,DRY,CLEAR,STRAIGHT,MAINTAIN_SPEED
44.44,-4.67,1.41,158.35,CENTER,MEDIUM,YELLOW,NO,WET,CLEAR,LEFT,MAINTAIN_SPEED
12.33,2.46,10.87,71.17,CENTER,MEDIUM,NONE,NO,DRY,CLEAR,STRAIGHT,ACCELERATE
110.72,-3.51,-2.0,58.18,CENTER,LOW,GREEN,NO,DRY,CLEAR,LEFT,MAINTAIN_SPEED
149.66,1.31,-11.76,41.36,CENTER,HIGH,YELLOW,NO,DRY,RAIN,LEFT,BRAKE
78.27,1.53,-10.22,80.08,CENTER,LOW,GREEN,NO,DRY,CLEAR,STRAIGHT,MAINTAIN_SPEED
137.06,-2.06,0.2,4.71,CENTER,MEDIUM,NONE,NO,DRY,CLEAR,STRAIGHT,BRAKE
135.12,2.7,2.32,97.22,RIGHT,HIGH,NONE,NO,DRY,CLEAR,STRAIGHT,MAINTAIN_SPEED
144.29,5.05,-9.54,50.0,CENTER,LOW,RED,YES,WET,CLEAR,RIGHT,STOP
103.73,-2.45,-10.27,44.9,LEFT,MEDIUM,YELLOW,NO,DRY,FOG,RIGHT,BRAKE
103.31,0.63,-16.28,87.56,RIGHT,LOW,GREEN,NO,DRY,FOG,RIGHT,TURN_RIGHT
92.46,0.57,5.06,179.77,LEFT,HIGH,NONE,NO,DRY,CLEAR,STRAIGHT,MAINTAIN_SPEED
3.01,2.95,5.83,6.11,CENTER,MEDIUM,YELLOW,NO,DRY,CLEAR,STRAIGHT,BRAKE
70.81,0.07,-5.47,145.27,CENTER,MEDIUM,NONE,NO,DRY,CLEAR,STRAIGHT,MAINTAIN_SPEED
81.79,2.51,17.44,24.22,RIGHT,HIGH,GREEN,NO,DRY,CLEAR,RIGHT,TURN_RIGHT
106.37,-1.83,1.01,45.4,CENTER,LOW,NONE,NO,DRY,RAIN,STRAIGHT,MAINTAIN_SPEED
69.7,1.76,-24.29,161.42,LEFT,LOW,GREEN,YES,WET,CLEAR,STRAIGHT,MAINTAIN_SPEED
50.85,-4.41,6.32,2.24,LEFT,MEDIUM,GREEN,NO,DRY,CLEAR,STRAIGHT,MAINTAIN_SPEED
38.5,1.03,-1.04,125.35,CENTER,LOW,YELLOW,NO,DRY,CLEAR,STRAIGHT,MAINTAIN_SPEED
52.15,4.64,0.08,184.36,LEFT,MEDIUM,GREEN,NO,WET,CLEAR,STRAIGHT,MAINTAIN_SPEED
91.19,-0.2,3.04,73.54,CENTER,HIGH,NONE,YES,DRY,CLEAR,RIGHT,CHANGE_LANE_RIGHT
135.17,-2.21,-6.35,111.18,LEFT,LOW,YELLOW,NO,DRY,RAIN,STRAIGHT,BRAKE
73.59,-2.28,-15.15,160.31,LEFT,HIGH,GREEN,NO,WET,CLEAR,STRAIGHT,MAINTAIN_SPEED
76.55,-1.76,14.39,151.72,CENTER,MEDIUM,GREEN,NO,DRY,CLEAR,STRAIGHT,MAINTAIN_SPEED
146.03,-1.12,-7.79,166.41,CENTER,MEDIUM,YELLOW,NO,DRY,RAIN,STRAIGHT,BRAKE
47.82,-1.97,-17.71,5.07,LEFT,HIGH,YELLOW,NO,WET,RAIN,STRAIGHT,BRAKE
144.24,-2.83,25.03,56.74,RIGHT,LOW,GREEN,YES,SLIPPERY,CLEAR,STRAIGHT,BRAKE
131.22,-3.58,-4.41,122.81,CENTER,MEDIUM,NONE,YES,DRY,CLEAR,STRAIGHT,MAINTAIN_SPEED
89.07,1.64,5.22,63.34,CENTER,MEDIUM,NONE,YES,DRY,CLEAR,STRAIGHT,MAINTAIN_SPEED
41.93,1.26,4.54,19.19,CENTER,MEDIUM,GREEN,NO,SLIPPERY,CLEAR,STRAIGHT,MAINTAIN_SPEED
76.54,0.29,2.78,103.16,CENTER,HIGH,GREEN,NO,DRY,CLEAR,STRAIGHT,CHANGE_LANE_RIGHT
80.52,-4.74,2.4,15.56,LEFT,HIGH,YELLOW,NO,WET,CLEAR,LEFT,BRAKE
112.29,2.97,-1.44,52.83,RIGHT,MEDIUM,NONE,NO,WET,CLEAR,STRAIGHT,MAINTAIN_SPEED
42.97,1.74,9.42,16.4,RIGHT,LOW,GREEN,NO,DRY,CLEAR,LEFT,TURN_LEFT
73.0,0.26,1.02,21.24,RIGHT,MEDIUM,GREEN,NO,SLIPPERY,CLEAR,STRAIGHT,BRAKE
110.84,-2.02,-7.11,106.87,CENTER,LOW,GREEN,NO,DRY,CLEAR,RIGHT,MAINTAIN_SPEED
14.98,5.97,9.97,109.22,CENTER,LOW,NONE,NO,DRY,CLEAR,STRAIGHT,ACCELERATE
72.01,-1.12,-16.08,64.95,CENTER,MEDIUM,RED,YES,SLIPPERY,CLEAR,STRAIGHT,STOP
54.17,-2.03,20.31,7.26,RIGHT,LOW,GREEN,NO,WET,CLEAR,STRAIGHT,MAINTAIN_SPEED
48.84,0.84,-8.17,194.22,CENTER,HIGH,RED,YES,DRY,CLEAR,LEFT,BRAKE
126.57,3.58,-23.28,101.88,LEFT,LOW,NONE,NO,DRY,CLEAR,STRAIGHT,MAINTAIN_SPEED
120.93,-1.16,11.08,75.83,RIGHT,MEDIUM,NONE,NO,DRY,CLEAR,STRAIGHT,MAINTAIN_SPEED
33.44,0.16,-0.49,19.25,RIGHT,LOW,RED,YES,SLIPPERY,CLEAR,STRAIGHT,BRAKE
55.56,3.71,-11.71,72.14,CENTER,LOW,GREEN,NO,WET,CLEAR,STRAIGHT,MAINTAIN_SPEED
111.3,4.22,-7.62,168.54,RIGHT,MEDIUM,NONE,NO,DRY,CLEAR,STRAIGHT,MAINTAIN_SPEED
116.85,5.18,-6.35,198.05,LEFT,HIGH,GREEN,NO,DRY,FOG,STRAIGHT,MAINTAIN_SPEED
131.28,-1.46,-16.63,105.67,RIGHT,HIGH,YELLOW,NO,DRY,CLEAR,STRAIGHT,BRAKE
82.48,-0.2,-25.49,33.99,RIGHT,HIGH,GREEN,NO,SLIPPERY,RAIN,LEFT,BRAKE
122.03,3.48,6.98,101.01,CENTER,HIGH,NONE,YES,DRY,FOG,STRAIGHT,CHANGE_LANE_RIGHT
72.13,-0.76,12.85,29.29,CENTER,MEDIUM,GREEN,NO,WET,CLEAR,STRAIGHT,MAINTAIN_SPEED
104.35,1.6,-10.84,131.1,LEFT,MEDIUM,GREEN,NO,DRY,CLEAR,STRAIGHT,MAINTAIN_SPEED
86.28,-0.59,-4.52,188.23,CENTER,LOW,GREEN,NO,WET,RAIN,STRAIGHT,MAINTAIN_SPEED
127.9,3.34,1.1,144.02,CENTER,LOW,NONE,NO,DRY,CLEAR,STRAIGHT,MAINTAIN_SPEED
149.24,0.56,-5.3,170.05,LEFT,MEDIUM,GREEN,NO,DRY,CLEAR,RIGHT,MAINTAIN_SPEED
16.79,1.77,4.38,66.5,CENTER,MEDIUM,GREEN,NO,DRY,CLEAR,RIGHT,ACCELERATE
62.52,-0.15,25.38,52.47,CENTER,MEDIUM,GREEN,NO,SLIPPERY,CLEAR,STRAIGHT,BRAKE
78.45,-0.27,8.08,138.06,LEFT,LOW,NONE,NO,DRY,CLEAR,STRAIGHT,MAINTAIN_SPEED
45.06,3.27,-1.34,163.66,RIGHT,HIGH,GREEN,NO,DRY,CLEAR,LEFT,MAINTAIN_SPEED
124.65,0.8,-3.39,54.88,CENTER,MEDIUM,GREEN,NO,DRY,RAIN,LEFT,MAINTAIN_SPEED
78.75,3.18,12.95,18.51,CENTER,LOW,GREEN,NO,DRY,CLEAR,LEFT,TURN_LEFT
116.99,1.93,-2.38,186.97,CENTER,LOW,YELLOW,NO,WET,CLEAR,STRAIGHT,BRAKE
44.95,2.44,-10.55,180.12,CENTER,MEDIUM,GREEN,NO,WET,RAIN,LEFT,TURN_LEFT
1.44,-2.61,22.02,41.84,LEFT,LOW,GREEN,NO,DRY,CLEAR,STRAIGHT,ACCELERATE
37.83,-0.62,15.41,47.76,CENTER,MEDIUM,NONE,NO,DRY,CLEAR,STRAIGHT,MAINTAIN_SPEED
85.53,6.17,7.73,79.37,LEFT,MEDIUM,GREEN,NO,DRY,CLEAR,RIGHT,MAINTAIN_SPEED
78.41,-1.6,7.49,66.3,CENTER,LOW,RED,YES,DRY,RAIN,STRAIGHT,STOP
128.02,2.39,4.14,101.88,LEFT,MEDIUM,GREEN,NO,DRY,CLEAR,STRAIGHT,MAINTAIN_SPEED
113.15,-1.01,8.04,38.29,CENTER,MEDIUM,GREEN,NO,DRY,RAIN,RIGHT,TURN_RIGHT
47.93,-0.57,-12.53,51.88,CENTER,LOW,GREEN,YES,WET,CLEAR,STRAIGHT,MAINTAIN_SPEED
75.78,0.18,-5.16,110.99,CENTER,MEDIUM,RED,NO,DRY,RAIN,LEFT,STOP
43.36,-1.21,-22.31,5.15,RIGHT,MEDIUM,GREEN,NO,DRY,CLEAR,STRAIGHT,MAINTAIN_SPEED
105.18,1.16,-9.63,110.58,LEFT,LOW,RED,NO,WET,CLEAR,STRAIGHT,STOP
60.14,0.95,-18.56,14.32,LEFT,MEDIUM,YELLOW,NO,WET,CLEAR,RIGHT,BRAKE
115.91,-0.46,-7.81,79.34,CENTER,LOW,GREEN,NO,SLIPPERY,CLEAR,STRAIGHT,BRAKE
117.09,3.25,-0.76,2.46,RIGHT,HIGH,NONE,NO,DRY,FOG,STRAIGHT,BRAKE
94.19,-3.11,-1.15,127.36,LEFT,MEDIUM,NONE,NO,DRY,CLEAR,STRAIGHT,MAINTAIN_SPEED
94.13,-6.11,11.76,157.85,CENTER,MEDIUM,RED,NO,WET,CLEAR,LEFT,STOP
51.47,-5.68,-16.5,35.58,CENTER,MEDIUM,NONE,NO,DRY,CLEAR,STRAIGHT,MAINTAIN_SPEED
93.93,1.36,21.31,52.06,CENTER,LOW,YELLOW,NO,WET,RAIN,STRAIGHT,BRAKE
133.15,0.33,14.87,82.61,CENTER,MEDIUM,RED,NO,DRY,CLEAR,STRAIGHT,STOP
62.98,-1.62,-9.61,182.83,CENTER,LOW,NONE,NO,WET,CLEAR,STRAIGHT,MAINTAIN_SPEED
74.01,3.92,-6.78,134.8,LEFT,HIGH,GREEN,NO,DRY,CLEAR,STRAIGHT,MAINTAIN_SPEED
81.74,-1.56,14.18,195.1,CENTER,HIGH,GREEN,YES,DRY,FOG,STRAIGHT,CHANGE_LANE_RIGHT
51.07,0.94,-0.14,6.04,CENTER,HIGH,NONE,NO,DRY,CLEAR,STRAIGHT,MAINTAIN_SPEED
112.23,0.12,17.83,92.55,CENTER,MEDIUM,GREEN,NO,DRY,CLEAR,RIGHT,TURN_RIGHT
112.73,3.33,20.95,26.36,LEFT,LOW,GREEN,YES,SLIPPERY,CLEAR,STRAIGHT,BRAKE
123.55,-0.93,-7.09,81.35,CENTER,MEDIUM,GREEN,NO,DRY,FOG,STRAIGHT,MAINTAIN_SPEED
19.83,0.45,-25.05,63.96,LEFT,HIGH,NONE,NO,DRY,CLEAR,STRAIGHT,MAINTAIN_SPEED
22.85,0.89,-7.53,140.6,CENTER,HIGH,GREEN,NO,SLIPPERY,FOG,STRAIGHT,CHANGE_LANE_LEFT
54.36,4.59,14.81,6.84,CENTER,LOW,NONE,NO,DRY,RAIN,LEFT,TURN_LEFT
131.67,1.44,5.97,146.51,CENTER,MEDIUM,GREEN,NO,DRY,CLEAR,STRAIGHT,MAINTAIN_SPEED
70.28,-1.59,11.76,57.65,RIGHT,HIGH,YELLOW,NO,SLIPPERY,RAIN,STRAIGHT,BRAKE
41.55,0.2,13.54,71.68,CENTER,MEDIUM,YELLOW,NO,WET,CLEAR,RIGHT,TURN_RIGHT
6.6,3.96,-4.83,144.93,RIGHT,LOW,YELLOW,NO,WET,CLEAR,STRAIGHT,MAINTAIN_SPEED
69.0,-1.62,-17.62,53.85,CENTER,HIGH,GREEN,YES,DRY,CLEAR,STRAIGHT,CHANGE_LANE_LEFT
34.94,4.53,13.17,106.81,RIGHT,LOW,GREEN,NO,WET,CLEAR,LEFT,TURN_LEFT
140.1,0.89,8.26,54.03,LEFT,MEDIUM,GREEN,NO,DRY,CLEAR,STRAIGHT,MAINTAIN_SPEED
23.75,-0.65,12.06,115.87,LEFT,LOW,GREEN,YES,DRY,CLEAR,LEFT,TURN_LEFT
113.78,-2.47,-26.17,24.01,CENTER,HIGH,RED,NO,WET,CLEAR,STRAIGHT,STOP
23.36,2.23,-8.85,192.68,CENTER,LOW,NONE,YES,WET,CLEAR,STRAIGHT,MAINTAIN_SPEED
1.79,-3.67,-15.12,82.89,RIGHT,HIGH,GREEN,NO,DRY,FOG,RIGHT,TURN_RIGHT
116.71,-3.47,-13.68,103.19,LEFT,MEDIUM,GREEN,NO,DRY,CLEAR,LEFT,TURN_LEFT
37.29,-2.4,6.02,66.38,CENTER,LOW,GREEN,NO,WET,CLEAR,STRAIGHT,MAINTAIN_SPEED
11.27,2.47,1.5,182.97,RIGHT,LOW,RED,NO,DRY,CLEAR,STRAIGHT,BRAKE
76.34,2.03,-21.18,89.92,LEFT,LOW,GREEN,NO,SLIPPERY,CLEAR,STRAIGHT,BRAKE
83.8,-0.03,-7.58,33.39,CENTER,LOW,GREEN,YES,DRY,RAIN,STRAIGHT,MAINTAIN_SPEED
18.47,1.58,-27.93,169.29,LEFT,MEDIUM,NONE,YES,WET,RAIN,STRAIGHT,MAINTAIN_SPEED
124.96,-0.91,-0.67,169.87,RIGHT,MEDIUM,GREEN,YES,DRY,FOG,LEFT,MAINTAIN_SPEED
93.53,-3.7,30.09,39.49,LEFT,MEDIUM,GREEN,NO,WET,CLEAR,STRAIGHT,MAINTAIN_SPEED
7.05,0.51,-20.51,187.66,CENTER,HIGH,NONE,NO,WET,RAIN,RIGHT,TURN_RIGHT
121.49,-3.15,-15.44,81.56,RIGHT,LOW,GREEN,NO,DRY,CLEAR,STRAIGHT,MAINTAIN_SPEED
135.5,-0.35,19.67,137.38,CENTER,MEDIUM,NONE,YES,WET,CLEAR,RIGHT,TURN_RIGHT
127.87,3.46,-5.43,14.53,CENTER,HIGH,NONE,NO,DRY,FOG,STRAIGHT,BRAKE
40.95,-1.19,-0.43,79.35,LEFT,MEDIUM,YELLOW,NO,WET,FOG,STRAIGHT,MAINTAIN_SPEED
67.77,-0.88,16.32,67.05,CENTER,MEDIUM,NONE,NO,DRY,CLEAR,STRAIGHT,MAINTAIN_SPEED
117.87,-1.98,-1.91,151.88,CENTER,MEDIUM,RED,YES,DRY,RAIN,LEFT,STOP
28.81,0.35,-31.35,179.02,CENTER,MEDIUM,YELLOW,NO,DRY,CLEAR,STRAIGHT,MAINTAIN_SPEED
11.27,-0.74,3.0,88.94,CENTER,HIGH,RED,NO,SLIPPERY,CLEAR,STRAIGHT,BRAKE
141.16,2.29,-1.12,187.3,RIGHT,MEDIUM,RED,NO,WET,CLEAR,STRAIGHT,STOP
115.19,-3.18,4.33,122.41,RIGHT,LOW,GREEN,NO,DRY,CLEAR,LEFT,MAINTAIN_SPEED
42.38,2.21,-15.13,126.13,CENTER,LOW,RED,NO,WET,CLEAR,STRAIGHT,BRAKE
67.01,-2.77,19.77,49.93,LEFT,HIGH,GREEN,NO,DRY,RAIN,STRAIGHT,CHANGE_LANE_RIGHT
92.08,-1.84,-11.07,123.04,LEFT,LOW,NONE,NO,DRY,CLEAR,RIGHT,TURN_RIGHT
38.54,-2.1,3.01,24.01,CENTER,LOW,YELLOW,NO,DRY,CLEAR,STRAIGHT,MAINTAIN_SPEED
139.83,4.49,-0.36,99.58,RIGHT,MEDIUM,RED,YES,DRY,RAIN,STRAIGHT,STOP
96.37,-1.12,-13.56,69.84,CENTER,HIGH,NONE,NO,DRY,RAIN,LEFT,TURN_LEFT
54.39,1.27,9.04,90.08,LEFT,MEDIUM,NONE,YES,DRY,FOG,RIGHT,TURN_RIGHT
25.74,1.31,6.98,97.55,CENTER,HIGH,GREEN,NO,WET,CLEAR,STRAIGHT,CHANGE_LANE_RIGHT
107.12,-1.85,7.19,132.3,LEFT,HIGH,YELLOW,NO,DRY,CLEAR,LEFT,BRAKE
4.96,1.29,16.7,92.89,LEFT,MEDIUM,GREEN,NO,DRY,RAIN,RIGHT,TURN_RIGHT
110.58,-2.62,7.55,192.07,RIGHT,LOW,YELLOW,YES,DRY,FOG,STRAIGHT,BRAKE
125.33,0.13,-23.48,89.88,LEFT,MEDIUM,RED,NO,DRY,RAIN,STRAIGHT,STOP
110.66,3.82,17.51,89.5,CENTER,MEDIUM,GREEN,YES,DRY,CLEAR,STRAIGHT,MAINTAIN_SPEED
82.03,-0.17,-17.09,155.38,LEFT,LOW,GREEN,NO,DRY,CLEAR,STRAIGHT,MAINTAIN_SPEED
37.01,-1.49,-17.93,118.55,CENTER,HIGH,YELLOW,YES,DRY,CLEAR,STRAIGHT,CHANGE_LANE_LEFT
124.88,-1.96,-7.65,72.58,CENTER,MEDIUM,GREEN,YES,WET,CLEAR,STRAIGHT,MAINTAIN_SPEED
37.09,-4.18,4.39,179.49,RIGHT,MEDIUM,GREEN,NO,DRY,CLEAR,STRAIGHT,MAINTAIN_SPEED
115.24,1.01,29.72,131.56,CENTER,MEDIUM,NONE,NO,DRY,CLEAR,STRAIGHT,MAINTAIN_SPEED
128.12,1.26,17.77,173.83,CENTER,MEDIUM,GREEN,NO,DRY,RAIN,STRAIGHT,MAINTAIN_SPEED
112.82,-0.89,12.87,49.93,CENTER,HIGH,GREEN,NO,DRY,RAIN,RIGHT,TURN_RIGHT
48.08,-1.2,-40.19,49.65,CENTER,MEDIUM,GREEN,NO,SLIPPERY,CLEAR,STRAIGHT,MAINTAIN_SPEED
92.61,1.01,-1.88,158.76,RIGHT,HIGH,NONE,NO,WET,CLEAR,LEFT,TURN_LEFT
137.18,-1.42,5.44,105.49,CENTER,HIGH,RED,NO,WET,CLEAR,STRAIGHT,STOP
119.04,-2.45,4.15,133.45,CENTER,LOW,GREEN,NO,WET,FOG,LEFT,MAINTAIN_SPEED
50.67,-2.87,4.09,120.43,RIGHT,MEDIUM,RED,NO,DRY,CLEAR,STRAIGHT,BRAKE
29.58,-1.47,7.07,177.36,CENTER,MEDIUM,NONE,NO,WET,CLEAR,RIGHT,MAINTAIN_SPEED
17.03,3.39,7.85,185.04,CENTER,MEDIUM,GREEN,NO,DRY,CLEAR,STRAIGHT,ACCELERATE
141.41,-0.24,12.24,57.14,CENTER,LOW,GREEN,NO,DRY,FOG,LEFT,TURN_LEFT
105.8,3.51,0.66,95.16,LEFT,MEDIUM,NONE,NO,DRY,RAIN,RIGHT,MAINTAIN_SPEED
16.33,0.09,-9.89,199.08,CENTER,HIGH,GREEN,YES,SLIPPERY,RAIN,STRAIGHT,CHANGE_LANE_LEFT
52.73,1.91,11.36,106.37,CENTER,LOW,RED,YES,DRY,CLEAR,STRAIGHT,BRAKE
6.07,1.35,-15.8,138.2,LEFT,MEDIUM,GREEN,NO,DRY,RAIN,RIGHT,TURN_RIGHT
134.13,-1.52,-7.12,50.84,CENTER,MEDIUM,GREEN,NO,SLIPPERY,CLEAR,RIGHT,BRAKE
108.52,-0.15,-4.52,88.25,LEFT,LOW,RED,NO,DRY,CLEAR,RIGHT,STOP
59.43,0.02,18.41,65.18,CENTER,LOW,YELLOW,NO,DRY,FOG,STRAIGHT,BRAKE
119.41,1.21,-7.86,196.77,CENTER,LOW,GREEN,NO,DRY,CLEAR,STRAIGHT,MAINTAIN_SPEED
39.13,-1.53,4.86,160.63,RIGHT,LOW,GREEN,YES,DRY,CLEAR,LEFT,MAINTAIN_SPEED
53.08,-0.55,8.19,106.71,RIGHT,HIGH,GREEN,NO,DRY,FOG,STRAIGHT,MAINTAIN_SPEED
128.75,-4.15,-2.73,150.11,LEFT,LOW,GREEN,NO,DRY,CLEAR,STRAIGHT,MAINTAIN_SPEED
2.14,-1.79,-6.19,174.88,CENTER,LOW,GREEN,NO,DRY,CLEAR,STRAIGHT,ACCELERATE
22.08,-3.28,21.84,90.07,CENTER,LOW,RED,NO,DRY,FOG,LEFT,BRAKE
139.25,0.6,1.17,191.78,CENTER,MEDIUM,GREEN,YES,DRY,CLEAR,STRAIGHT,MAINTAIN_SPEED
0.78,-4.67,4.35,193.22,RIGHT,LOW,GREEN,NO,WET,RAIN,STRAIGHT,ACCELERATE
130.57,-3.56,5.23,116.98,CENTER,MEDIUM,GREEN,YES,DRY,CLEAR,STRAIGHT,MAINTAIN_SPEED
54.71,-2.02,29.52,102.11,CENTER,LOW,GREEN,NO,DRY,CLEAR,STRAIGHT,MAINTAIN_SPEED
53.54,-1.03,19.5,158.67,RIGHT,LOW,NONE,NO,DRY,CLEAR,STRAIGHT,MAINTAIN_SPEED
8.2,-4.34,7.72,19.15,LEFT,HIGH,YELLOW,NO,DRY,CLEAR,STRAIGHT,ACCELERATE
54.57,1.62,15.24,74.67,CENTER,MEDIUM,GREEN,NO,DRY,CLEAR,RIGHT,TURN_RIGHT
117.14,-0.67,-10.01,108.7,CENTER,MEDIUM,NONE,NO,DRY,RAIN,STRAIGHT,MAINTAIN_SPEED
116.36,0.83,0.63,7.0,LEFT,MEDIUM,GREEN,NO,DRY,CLEAR,RIGHT,BRAKE
106.08,-0.08,-17.92,104.58,RIGHT,MEDIUM,NONE,NO,DRY,CLEAR,STRAIGHT,MAINTAIN_SPEED
50.23,0.08,11.54,108.33,CENTER,MEDIUM,GREEN,NO,DRY,RAIN,STRAIGHT,MAINTAIN_SPEED
110.27,-0.9,5.89,193.09,RIGHT,MEDIUM,GREEN,NO,DRY,RAIN,LEFT,TURN_LEFT
129.54,0.3,-15.84,5.41,RIGHT,LOW,YELLOW,NO,WET,RAIN,LEFT,BRAKE
102.81,0.33,7.69,89.1,CENTER,LOW,GREEN,NO,DRY,CLEAR,STRAIGHT,MAINTAIN_SPEED
118.02,2.41,6.62,39.55,CENTER,MEDIUM,YELLOW,YES,DRY,CLEAR,STRAIGHT,BRAKE
74.94,-1.31,-7.83,196.44,LEFT,HIGH,GREEN,NO,WET,CLEAR,LEFT,MAINTAIN_SPEED
112.14,-0.21,-13.23,168.72,CENTER,LOW,NONE,NO,DRY,CLEAR,STRAIGHT,MAINTAIN_SPEED
145.32,0.11,-3.22,179.71,CENTER,HIGH,GREEN,YES,SLIPPERY,CLEAR,LEFT,BRAKE
112.24,6.95,-2.77,193.39,LEFT,MEDIUM,GREEN,NO,DRY,FOG,RIGHT,MAINTAIN_SPEED
57.28,1.12,14.36,137.77,CENTER,MEDIUM,NONE,NO,DRY,CLEAR,STRAIGHT,MAINTAIN_SPEED
60.91,0.28,1.54,18.64,CENTER,HIGH,RED,NO,DRY,FOG,LEFT,STOP
99.8,0.21,-4.61,46.76,CENTER,MEDIUM,GREEN,NO,WET,CLEAR,RIGHT,MAINTAIN_SPEED
58.01,-0.14,3.47,23.02,CENTER,LOW,GREEN,NO,DRY,RAIN,STRAIGHT,MAINTAIN_SPEED
136.98,2.89,21.69,186.7,CENTER,HIGH,NONE,NO,WET,CLEAR,RIGHT,TURN_RIGHT
118.92,1.84,-29.66,156.16,RIGHT,LOW,RED,NO,DRY,CLEAR,STRAIGHT,STOP
147.66,-3.14,-4.49,92.82,CENTER,HIGH,YELLOW,NO,DRY,CLEAR,STRAIGHT,BRAKE
62.83,1.97,5.88,173.34,CENTER,HIGH,GREEN,NO,DRY,CLEAR,STRAIGHT,CHANGE_LANE_RIGHT
29.97,1.88,-6.49,97.54,CENTER,MEDIUM,NONE,NO,WET,CLEAR,RIGHT,MAINTAIN_SPEED
24.52,-0.27,-11.81,80.53,CENTER,MEDIUM,NONE,NO,DRY,CLEAR,STRAIGHT,MAINTAIN_SPEED
111.7,1.87,12.23,191.35,RIGHT,LOW,GREEN,YES,DRY,FOG,STRAIGHT,MAINTAIN_SPEED
79.99,1.01,25.12,80.16,CENTER,HIGH,YELLOW,NO,WET,CLEAR,STRAIGHT,BRAKE
42.5,-1.9,26.55,56.49,RIGHT,LOW,NONE,NO,DRY,CLEAR,LEFT,TURN_LEFT
132.02,-0.24,11.0,111.0,CENTER,MEDIUM,GREEN,NO,DRY,RAIN,STRAIGHT,MAINTAIN_SPEED
136.44,-1.81,4.88,7.94,RIGHT,LOW,GREEN,NO,DRY,CLEAR,STRAIGHT,BRAKE
58.45,1.99,-2.51,198.3,LEFT,MEDIUM,NONE,NO,DRY,CLEAR,STRAIGHT,MAINTAIN_SPEED
106.13,3.75,-9.0,119.95,LEFT,LOW,NONE,NO,WET,CLEAR,STRAIGHT,MAINTAIN_SPEED
24.57,2.15,26.32,119.18,RIGHT,HIGH,RED,NO,DRY,CLEAR,STRAIGHT,BRAKE
133.22,1.83,-0.59,20.94,RIGHT,LOW,YELLOW,NO,DRY,CLEAR,STRAIGHT,CHANGE_LANE_LEFT
39.53,-2.25,3.04,97.15,RIGHT,MEDIUM,YELLOW,NO,DRY,CLEAR,RIGHT,MAINTAIN_SPEED
69.86,3.2,14.68,18.67,CENTER,MEDIUM,GREEN,NO,DRY,CLEAR,STRAIGHT,MAINTAIN_SPEED
116.65,-5.37,-20.54,130.32,CENTER,MEDIUM,GREEN,YES,DRY,RAIN,STRAIGHT,MAINTAIN_SPEED
134.65,0.08,3.22,176.9,CENTER,MEDIUM,NONE,YES,DRY,CLEAR,RIGHT,MAINTAIN_SPEED
114.87,-0.85,18.77,167.96,CENTER,MEDIUM,GREEN,YES,DRY,CLEAR,RIGHT,TURN_RIGHT
55.7,-3.13,-17.4,134.75,CENTER,HIGH,NONE,NO,DRY,RAIN,LEFT,TURN_LEFT
109.96,1.6,1.65,79.29,LEFT,LOW,YELLOW,NO,DRY,CLEAR,RIGHT,BRAKE
19.6,-0.58,-5.56,32.27,LEFT,MEDIUM,GREEN,NO,DRY,CLEAR,RIGHT,MAINTAIN_SPEED
120.45,-3.93,-0.96,15.68,CENTER,LOW,GREEN,NO,DRY,CLEAR,STRAIGHT,BRAKE
11.12,0.45,10.33,195.97,CENTER,HIGH,NONE,NO,DRY,RAIN,STRAIGHT,CHANGE_LANE_RIGHT
40.29,0.1,-16.37,124.76,CENTER,MEDIUM,GREEN,NO,SLIPPERY,CLEAR,STRAIGHT,MAINTAIN_SPEED
104.59,0.39,-12.53,85.29,RIGHT,LOW,NONE,NO,WET,CLEAR,LEFT,TURN_LEFT
18.13,2.19,-2.71,195.71,CENTER,LOW,GREEN,NO,DRY,CLEAR,STRAIGHT,MAINTAIN_SPEED
19.44,-3.9,8.75,98.95,LEFT,MEDIUM,GREEN,NO,WET,CLEAR,STRAIGHT,ACCELERATE
27.23,-1.09,22.28,102.27,CENTER,LOW,GREEN,NO,WET,CLEAR,STRAIGHT,MAINTAIN_SPEED
52.64,0.64,-8.54,9.07,CENTER,MEDIUM,RED,NO,DRY,RAIN,STRAIGHT,STOP
92.75,-1.59,16.61,103.08,RIGHT,MEDIUM,GREEN,NO,DRY,RAIN,STRAIGHT,MAINTAIN_SPEED
138.45,-1.56,-28.49,154.86,CENTER,MEDIUM,YELLOW,YES,DRY,RAIN,STRAIGHT,BRAKE
26.52,1.31,-1.4,12.81,CENTER,LOW,YELLOW,NO,DRY,CLEAR,STRAIGHT,BRAKE
21.27,-2.69,2.35,23.95,CENTER,LOW,YELLOW,NO,DRY,RAIN,RIGHT,MAINTAIN_SPEED
74.51,0.48,3.44,167.15,CENTER,LOW,YELLOW,YES,DRY,CLEAR,RIGHT,BRAKE
90.14,-5.68,2.16,89.8,RIGHT,LOW,NONE,YES,DRY,CLEAR,STRAIGHT,MAINTAIN_SPEED
6.33,0.03,-24.6,96.37,RIGHT,MEDIUM,NONE,YES,DRY,CLEAR,RIGHT,TURN_RIGHT
125.12,-1.3,-13.95,76.65,CENTER,LOW,GREEN,NO,DRY,CLEAR,STRAIGHT,CHANGE_LANE_RIGHT
42.6,0.52,24.44,81.6,LEFT,LOW,GREEN,NO,DRY,CLEAR,LEFT,TURN_LEFT
7.86,-0.1,-24.11,186.63,RIGHT,MEDIUM,GREEN,NO,DRY,CLEAR,LEFT,TURN_LEFT
19.02,-1.55,-10.09,81.75,CENTER,MEDIUM,GREEN,NO,DRY,RAIN,LEFT,TURN_LEFT
47.3,-0.72,-20.08,11.88,LEFT,HIGH,RED,NO,DRY,CLEAR,LEFT,STOP
99.34,-0.44,-1.31,26.47,CENTER,LOW,GREEN,NO,DRY,CLEAR,STRAIGHT,BRAKE
47.54,-2.44,-9.46,48.37,CENTER,LOW,GREEN,NO,SLIPPERY,CLEAR,STRAIGHT,MAINTAIN_SPEED
32.43,-0.21,-6.08,109.63,LEFT,HIGH,GREEN,NO,SLIPPERY,CLEAR,RIGHT,MAINTAIN_SPEED
117.11,2.87,-18.21,176.35,CENTER,MEDIUM,NONE,NO,SLIPPERY,RAIN,STRAIGHT,BRAKE
99.95,-0.9,11.97,53.73,CENTER,HIGH,NONE,YES,DRY,CLEAR,LEFT,TURN_LEFT
130.41,2.5,-1.34,128.87,RIGHT,HIGH,GREEN,NO,DRY,RAIN,LEFT,MAINTAIN_SPEED
36.36,-5.21,5.48,154.84,RIGHT,LOW,GREEN,NO,WET,CLEAR,RIGHT,MAINTAIN_SPEED
100.82,-1.0,-2.15,12.83,CENTER,LOW,GREEN,YES,WET,CLEAR,LEFT,BRAKE
55.56,1.08,24.75,22.26,CENTER,MEDIUM,NONE,NO,DRY,CLEAR,STRAIGHT,MAINTAIN_SPEED
119.5,-2.96,9.88,170.58,LEFT,HIGH,RED,NO,WET,CLEAR,STRAIGHT,STOP
103.65,-0.62,5.55,16.64,CENTER,HIGH,RED,YES,DRY,RAIN,STRAIGHT,STOP
25.11,-2.4,-26.65,41.4,CENTER,MEDIUM,GREEN,NO,SLIPPERY,CLEAR,LEFT,TURN_LEFT
105.28,-1.12,13.61,165.11,CENTER,LOW,GREEN,NO,DRY,CLEAR,STRAIGHT,MAINTAIN_SPEED
145.39,-5.09,9.21,113.38,LEFT,MEDIUM,YELLOW,NO,DRY,FOG,STRAIGHT,BRAKE
38.19,1.04,-9.4,34.35,LEFT,LOW,GREEN,NO,WET,RAIN,STRAIGHT,MAINTAIN_SPEED
124.41,-0.13,3.79,149.63,CENTER,MEDIUM,RED,NO,DRY,CLEAR,RIGHT,STOP
43.06,-1.99,-8.33,18.16,CENTER,MEDIUM,YELLOW,YES,DRY,CLEAR,STRAIGHT,BRAKE
75.37,3.52,-11.82,4.41,CENTER,LOW,GREEN,NO,SLIPPERY,CLEAR,RIGHT,BRAKE
59.48,-3.95,-18.02,159.32,RIGHT,LOW,GREEN,NO,DRY,RAIN,STRAIGHT,MAINTAIN_SPEED
104.29,0.89,-23.06,76.13,CENTER,HIGH,NONE,NO,WET,CLEAR,STRAIGHT,CHANGE_LANE_LEFT
43.83,-2.39,9.25,122.5,RIGHT,LOW,RED,NO,DRY,CLEAR,STRAIGHT,BRAKE
0.1,1.1,-7.99,38.33,RIGHT,MEDIUM,YELLOW,NO,DRY,CLEAR,STRAIGHT,MAINTAIN_SPEED
19.41,-2.17,0.16,58.52,CENTER,MEDIUM,GREEN,NO,DRY,CLEAR,STRAIGHT,MAINTAIN_SPEED
141.16,-0.69,8.4,98.98,LEFT,LOW,YELLOW,NO,DRY,CLEAR,STRAIGHT,BRAKE
85.28,2.5,-3.74,95.54,CENTER,MEDIUM,GREEN,NO,DRY,CLEAR,STRAIGHT,MAINTAIN_SPEED
98.05,1.24,0.51,129.25,CENTER,HIGH,GREEN,NO,WET,CLEAR,STRAIGHT,CHANGE_LANE_RIGHT
118.59,3.18,10.76,49.01,CENTER,MEDIUM,YELLOW,YES,DRY,CLEAR,STRAIGHT,BRAKE
106.24,2.39,5.57,165.8,CENTER,MEDIUM,GREEN,NO,DRY,CLEAR,STRAIGHT,MAINTAIN_SPEED
11.59,-3.9,12.33,177.07,CENTER,MEDIUM,GREEN,NO,DRY,CLEAR,RIGHT,TURN_RIGHT
38.57,1.5,7.58,144.58,CENTER,MEDIUM,YELLOW,NO,WET,RAIN,STRAIGHT,MAINTAIN_SPEED
82.39,3.73,-3.13,83.89,RIGHT,LOW,GREEN,NO,DRY,CLEAR,STRAIGHT,MAINTAIN_SPEED
20.81,-1.96,-6.73,26.01,CENTER,MEDIUM,NONE,NO,SLIPPERY,CLEAR,RIGHT,MAINTAIN_SPEED
13.0,2.41,-7.24,160.29,CENTER,HIGH,GREEN,NO,WET,CLEAR,STRAIGHT,CHANGE_LANE_LEFT
120.1,-1.28,-0.47,144.19,RIGHT,LOW,GREEN,NO,SLIPPERY,CLEAR,RIGHT,BRAKE
3.37,-0.36,14.84,121.47,CENTER,HIGH,GREEN,NO,DRY,RAIN,RIGHT,TURN_RIGHT
39.56,-3.98,-11.1,170.63,LEFT,HIGH,YELLOW,NO,WET,CLEAR,STRAIGHT,MAINTAIN_SPEED
44.96,6.02,-23.77,82.85,CENTER,HIGH,GREEN,NO,SLIPPERY,FOG,LEFT,TURN_LEFT
40.63,3.03,20.92,196.35,LEFT,LOW,NONE,NO,WET,CLEAR,LEFT,TURN_LEFT
55.69,-0.02,-16.34,108.09,LEFT,MEDIUM,RED,NO,SLIPPERY,RAIN,STRAIGHT,STOP
29.42,-3.86,7.05,186.96,LEFT,HIGH,GREEN,NO,WET,CLEAR,LEFT,MAINTAIN_SPEED
42.96,-1.45,16.39,47.79,RIGHT,LOW,GREEN,NO,DRY,FOG,STRAIGHT,MAINTAIN_SPEED
44.12,0.34,-6.36,111.38,CENTER,LOW,NONE,NO,WET,CLEAR,LEFT,MAINTAIN_SPEED
80.53,4.69,27.83,73.21,CENTER,MEDIUM,RED,NO,SLIPPERY,CLEAR,LEFT,STOP
89.49,-2.18,24.2,40.38,CENTER,MEDIUM,GREEN,NO,DRY,CLEAR,LEFT,TURN_LEFT
88.78,1.05,-32.0,110.67,CENTER,MEDIUM,GREEN,NO,WET,CLEAR,STRAIGHT,MAINTAIN_SPEED
124.55,-6.14,-14.26,113.16,RIGHT,MEDIUM,GREEN,YES,DRY,CLEAR,STRAIGHT,MAINTAIN_SPEED
52.08,1.71,6.13,110.1,RIGHT,MEDIUM,GREEN,NO,DRY,CLEAR,STRAIGHT,MAINTAIN_SPEED
97.57,1.54,-6.91,184.46,CENTER,LOW,GREEN,NO,WET,RAIN,STRAIGHT,MAINTAIN_SPEED
22.11,1.14,-4.72,63.63,CENTER,LOW,RED,YES,SLIPPERY,RAIN,LEFT,BRAKE
104.13,0.6,-7.5,86.9,CENTER,HIGH,YELLOW,NO,WET,CLEAR,STRAIGHT,BRAKE
133.31,0.29,23.68,169.09,CENTER,MEDIUM,RED,NO,DRY,FOG,STRAIGHT,STOP
36.49,-1.77,6.76,162.78,CENTER,LOW,GREEN,NO,DRY,CLEAR,STRAIGHT,MAINTAIN_SPEED
99.01,-1.19,6.56,120.34,CENTER,LOW,RED,NO,WET,CLEAR,RIGHT,STOP
113.76,-2.22,1.12,117.41,CENTER,LOW,GREEN,YES,WET,RAIN,LEFT,MAINTAIN_SPEED
126.85,-0.75,-23.04,37.72,LEFT,LOW,GREEN,NO,WET,CLEAR,RIGHT,TURN_RIGHT
123.92,0.35,-6.02,25.39,LEFT,MEDIUM,GREEN,NO,DRY,RAIN,STRAIGHT,BRAKE
10.76,-2.49,1.44,91.03,CENTER,MEDIUM,NONE,NO,WET,CLEAR,LEFT,ACCELERATE
85.1,2.34,-22.52,154.18,CENTER,LOW,GREEN,NO,WET,FOG,STRAIGHT,MAINTAIN_SPEED
86.67,3.82,-11.84,40.9,RIGHT,MEDIUM,RED,NO,DRY,CLEAR,STRAIGHT,STOP
5.05,1.51,-18.76,182.39,RIGHT,HIGH,GREEN,NO,WET,CLEAR,STRAIGHT,CHANGE_LANE_LEFT
4.42,-0.29,15.08,18.63,RIGHT,LOW,GREEN,NO,DRY,RAIN,LEFT,TURN_LEFT
76.6,-0.13,-6.46,181.24,RIGHT,LOW,NONE,NO,WET,RAIN,RIGHT,MAINTAIN_SPEED
57.57,-1.99,10.9,137.09,CENTER,LOW,NONE,NO,DRY,CLEAR,RIGHT,TURN_RIGHT
137.09,0.82,-18.4,74.73,RIGHT,MEDIUM,RED,NO,WET,CLEAR,STRAIGHT,STOP
124.32,1.55,-9.45,71.37,CENTER,LOW,NONE,NO,DRY,CLEAR,STRAIGHT,MAINTAIN_SPEED
100.55,-1.64,-14.59,175.06,RIGHT,HIGH,RED,NO,SLIPPERY,RAIN,STRAIGHT,STOP
125.78,-0.96,2.73,127.19,CENTER,MEDIUM,GREEN,NO,DRY,RAIN,STRAIGHT,MAINTAIN_SPEED
124.9,2.41,-8.33,69.49,CENTER,LOW,RED,NO,DRY,CLEAR,STRAIGHT,STOP
143.93,2.08,0.56,98.83,CENTER,LOW,GREEN,NO,DRY,CLEAR,STRAIGHT,MAINTAIN_SPEED
97.56,-1.81,-21.98,70.71,CENTER,LOW,YELLOW,NO,SLIPPERY,CLEAR,STRAIGHT,BRAKE
34.1,5.66,1.75,30.14,LEFT,LOW,NONE,NO,DRY,CLEAR,STRAIGHT,MAINTAIN_SPEED
89.06,4.22,1.07,127.19,RIGHT,MEDIUM,GREEN,YES,SLIPPERY,CLEAR,STRAIGHT,BRAKE
85.47,-3.55,17.09,27.41,CENTER,HIGH,RED,YES,SLIPPERY,CLEAR,STRAIGHT,STOP
83.47,-2.96,-2.17,72.37,CENTER,MEDIUM,GREEN,NO,DRY,RAIN,STRAIGHT,MAINTAIN_SPEED
118.01,-3.09,8.28,188.63,CENTER,MEDIUM,GREEN,NO,DRY,CLEAR,STRAIGHT,MAINTAIN_SPEED
106.8,2.84,-3.14,137.56,LEFT,HIGH,GREEN,NO,DRY,CLEAR,LEFT,MAINTAIN_SPEED
90.68,2.57,-20.69,31.93,LEFT,MEDIUM,GREEN,NO,DRY,RAIN,STRAIGHT,MAINTAIN_SPEED
33.02,-2.22,19.61,19.15,LEFT,LOW,GREEN,NO,WET,CLEAR,LEFT,TURN_LEFT
67.09,4.28,-10.56,5.04,CENTER,MEDIUM,NONE,NO,DRY,CLEAR,RIGHT,TURN_RIGHT
98.61,2.25,-2.79,158.47,LEFT,HIGH,NONE,YES,DRY,CLEAR,STRAIGHT,MAINTAIN_SPEED
43.98,-0.92,-0.64,17.73,CENTER,MEDIUM,NONE,YES,DRY,CLEAR,STRAIGHT,BRAKE
37.4,-0.61,7.28,158.03,LEFT,LOW,GREEN,NO,DRY,CLEAR,STRAIGHT,MAINTAIN_SPEED
4.97,1.86,10.94,86.28,LEFT,LOW,GREEN,NO,DRY,CLEAR,STRAIGHT,ACCELERATE
0.45,-2.64,33.53,144.39,CENTER,LOW,GREEN,NO,DRY,CLEAR,STRAIGHT,ACCELERATE
100.79,-3.54,-14.98,52.57,CENTER,MEDIUM,NONE,YES,DRY,CLEAR,RIGHT,TURN_RIGHT
15.27,-0.2,-1.1,110.06,CENTER,LOW,RED,NO,DRY,FOG,LEFT,BRAKE
89.68,0.25,-10.29,118.71,CENTER,MEDIUM,RED,NO,DRY,CLEAR,STRAIGHT,STOP
70.18,3.55,-7.67,169.28,CENTER,MEDIUM,GREEN,NO,DRY,RAIN,STRAIGHT,MAINTAIN_SPEED
147.4,-0.28,-2.22,156.59,RIGHT,MEDIUM,RED,NO,DRY,CLEAR,RIGHT,STOP
117.87,4.73,3.12,117.77,CENTER,MEDIUM,RED,NO,DRY,CLEAR,STRAIGHT,STOP
46.88,2.22,-17.55,191.58,LEFT,HIGH,NONE,YES,WET,CLEAR,RIGHT,ACCELERATE
122.52,-1.24,1.73,25.52,LEFT,HIGH,NONE,NO,WET,CLEAR,STRAIGHT,BRAKE
133.92,3.71,-17.16,140.6,LEFT,HIGH,YELLOW,NO,DRY,RAIN,RIGHT,BRAKE
142.61,-0.49,5.97,168.04,LEFT,LOW,GREEN,NO,WET,CLEAR,STRAIGHT,MAINTAIN_SPEED
42.56,1.98,22.23,171.03,LEFT,LOW,GREEN,NO,DRY,CLEAR,STRAIGHT,MAINTAIN_SPEED
140.9,-0.08,-16.05,65.4,RIGHT,LOW,RED,NO,DRY,CLEAR,RIGHT,STOP
138.04,-1.46,-3.72,147.93,CENTER,HIGH,YELLOW,NO,DRY,RAIN,STRAIGHT,BRAKE
51.24,-0.91,12.07,148.64,CENTER,HIGH,NONE,NO,SLIPPERY,CLEAR,RIGHT,BRAKE
15.24,1.3,19.14,39.23,CENTER,HIGH,YELLOW,NO,WET,RAIN,LEFT,TURN_LEFT
17.97,-4.4,-18.78,58.28,CENTER,MEDIUM,NONE,NO,SLIPPERY,CLEAR,LEFT,TURN_LEFT
144.06,-0.3,-7.81,184.86,CENTER,HIGH,RED,NO,DRY,CLEAR,LEFT,STOP
9.3,-2.17,-20.63,73.03,CENTER,MEDIUM,GREEN,NO,DRY,RAIN,RIGHT,TURN_RIGHT
120.88,-0.7,17.08,74.46,CENTER,HIGH,NONE,NO,WET,CLEAR,STRAIGHT,CHANGE_LANE_RIGHT
75.48,1.05,-7.63,21.13,RIGHT,LOW,GREEN,NO,WET,FOG,STRAIGHT,BRAKE
88.98,-1.36,12.34,52.35,CENTER,HIGH,GREEN,NO,DRY,FOG,LEFT,TURN_LEFT
67.23,-2.85,23.69,83.23,RIGHT,HIGH,YELLOW,NO,WET,CLEAR,LEFT,BRAKE
71.85,-0.0,-26.08,48.17,CENTER,LOW,RED,NO,DRY,CLEAR,STRAIGHT,STOP
40.34,-1.91,19.84,11.09,CENTER,MEDIUM,NONE,YES,WET,FOG,STRAIGHT,BRAKE
115.44,-1.3,26.13,129.09,CENTER,MEDIUM,GREEN,NO,SLIPPERY,CLEAR,STRAIGHT,BRAKE
22.84,0.38,13.65,126.15,CENTER,HIGH,GREEN,NO,DRY,CLEAR,STRAIGHT,CHANGE_LANE_RIGHT
15.11,-1.43,9.7,98.87,LEFT,LOW,RED,NO,DRY,RAIN,STRAIGHT,BRAKE
101.08,-1.75,9.36,160.34,LEFT,LOW,GREEN,NO,SLIPPERY,CLEAR,LEFT,BRAKE
131.54,-2.27,-21.21,164.7,CENTER,LOW,YELLOW,NO,WET,RAIN,RIGHT,BRAKE
137.52,-0.73,2.34,49.37,CENTER,MEDIUM,YELLOW,NO,DRY,CLEAR,RIGHT,BRAKE
8.31,-1.28,11.47,63.89,CENTER,MEDIUM,GREEN,NO,DRY,CLEAR,STRAIGHT,ACCELERATE
20.14,2.84,16.03,53.5,RIGHT,MEDIUM,GREEN,NO,DRY,CLEAR,STRAIGHT,MAINTAIN_SPEED
44.94,-0.01,-5.06,75.22,CENTER,HIGH,GREEN,NO,DRY,CLEAR,STRAIGHT,CHANGE_LANE_LEFT
60.27,-4.48,-5.68,16.4,RIGHT,LOW,NONE,NO,DRY,FOG,STRAIGHT,MAINTAIN_SPEED
63.08,2.77,16.06,75.05,CENTER,LOW,GREEN,NO,DRY,CLEAR,STRAIGHT,MAINTAIN_SPEED
111.27,4.58,-44.89,71.03,CENTER,MEDIUM,RED,NO,DRY,CLEAR,RIGHT,STOP
84.41,-0.32,11.66,70.56,CENTER,HIGH,GREEN,NO,DRY,RAIN,STRAIGHT,CHANGE_LANE_RIGHT
106.04,-1.63,-2.44,165.26,CENTER,LOW,YELLOW,YES,DRY,CLEAR,RIGHT,BRAKE
67.81,-0.81,-12.25,78.69,RIGHT,MEDIUM,GREEN,NO,DRY,RAIN,LEFT,TURN_LEFT
141.34,-0.39,9.01,3.75,CENTER,HIGH,GREEN,YES,WET,CLEAR,STRAIGHT,STOP
37.78,-1.38,22.11,148.9,CENTER,MEDIUM,GREEN,NO,WET,FOG,RIGHT,TURN_RIGHT
10.67,2.49,1.4,57.87,CENTER,MEDIUM,GREEN,NO,DRY,CLEAR,STRAIGHT,ACCELERATE
111.05,-1.99,7.88,184.84,CENTER,LOW,YELLOW,NO,DRY,CLEAR,STRAIGHT,BRAKE
50.46,-0.32,-5.02,123.49,RIGHT,MEDIUM,YELLOW,NO,DRY,CLEAR,STRAIGHT,MAINTAIN_SPEED
148.08,-5.63,-16.36,165.14,CENTER,MEDIUM,RED,NO,WET,CLEAR,STRAIGHT,STOP
121.49,4.71,8.3,12.99,RIGHT,MEDIUM,GREEN,NO,DRY,CLEAR,LEFT,TURN_LEFT
43.05,0.06,-23.41,50.04,RIGHT,MEDIUM,GREEN,YES,DRY,CLEAR,LEFT,TURN_LEFT
60.35,3.73,7.48,155.93,CENTER,MEDIUM,GREEN,NO,DRY,CLEAR,STRAIGHT,MAINTAIN_SPEED
91.83,-0.61,23.78,90.86,CENTER,LOW,NONE,NO,DRY,RAIN,STRAIGHT,MAINTAIN_SPEED
92.64,-0.62,1.8,108.39,LEFT,HIGH,RED,NO,DRY,CLEAR,STRAIGHT,STOP
63.92,0.03,16.76,185.21,CENTER,MEDIUM,YELLOW,NO,DRY,CLEAR,LEFT,BRAKE
52.84,1.26,-20.94,185.12,CENTER,LOW,GREEN,NO,DRY,FOG,STRAIGHT,MAINTAIN_SPEED
98.65,-1.96,0.8,122.36,CENTER,HIGH,YELLOW,YES,SLIPPERY,CLEAR,STRAIGHT,BRAKE
23.56,5.38,4.59,175.64,CENTER,HIGH,GREEN,YES,DRY,RAIN,LEFT,CHANGE_LANE_RIGHT
35.28,-2.98,26.97,107.12,CENTER,LOW,GREEN,NO,DRY,CLEAR,LEFT,TURN_LEFT
41.32,1.62,-6.78,165.88,CENTER,MEDIUM,GREEN,YES,DRY,CLEAR,STRAIGHT,MAINTAIN_SPEED
147.99,-3.02,-4.0,159.85,CENTER,HIGH,GREEN,NO,DRY,CLEAR,STRAIGHT,CHANGE_LANE_LEFT
65.03,5.07,8.33,179.24,LEFT,MEDIUM,RED,NO,SLIPPERY,CLEAR,RIGHT,STOP
89.32,1.21,23.96,172.59,LEFT,LOW,GREEN,YES,DRY,FOG,RIGHT,TURN_RIGHT
41.37,1.94,-14.15,158.55,RIGHT,HIGH,GREEN,YES,WET,CLEAR,LEFT,TURN_LEFT
36.92,1.59,-18.84,82.64,LEFT,MEDIUM,GREEN,NO,DRY,CLEAR,RIGHT,TURN_RIGHT
146.35,0.48,14.55,160.89,LEFT,MEDIUM,RED,NO,DRY,CLEAR,RIGHT,STOP
93.57,1.17,-10.11,192.92,LEFT,LOW,NONE,YES,WET,CLEAR,STRAIGHT,MAINTAIN_SPEED
109.31,-1.57,11.72,97.24,RIGHT,LOW,YELLOW,NO,DRY,CLEAR,STRAIGHT,BRAKE
117.04,-0.79,-7.31,65.7,CENTER,HIGH,GREEN,NO,DRY,CLEAR,LEFT,CHANGE_LANE_LEFT
93.54,-3.24,-5.26,138.05,CENTER,LOW,GREEN,NO,DRY,CLEAR,LEFT,MAINTAIN_SPEED
23.14,-2.21,-14.07,138.02,CENTER,LOW,NONE,NO,DRY,CLEAR,STRAIGHT,MAINTAIN_SPEED
84.9,-2.59,-5.67,135.25,RIGHT,LOW,YELLOW,NO,WET,CLEAR,STRAIGHT,BRAKE
26.62,5.09,9.51,4.05,CENTER,HIGH,RED,NO,WET,CLEAR,STRAIGHT,STOP
136.19,0.05,16.27,139.06,CENTER,MEDIUM,GREEN,NO,WET,CLEAR,STRAIGHT,MAINTAIN_SPEED
74.7,-2.19,17.85,198.54,RIGHT,MEDIUM,GREEN,NO,SLIPPERY,CLEAR,STRAIGHT,BRAKE
125.37,5.04,1.85,126.22,CENTER,HIGH,NONE,YES,DRY,CLEAR,STRAIGHT,CHANGE_LANE_RIGHT
140.51,-0.79,-4.06,60.39,CENTER,MEDIUM,YELLOW,NO,WET,CLEAR,RIGHT,BRAKE
75.99,-2.36,-30.32,197.03,CENTER,HIGH,RED,YES,DRY,RAIN,STRAIGHT,STOP
147.75,0.31,-3.82,17.42,CENTER,HIGH,GREEN,YES,DRY,CLEAR,RIGHT,BRAKE
120.3,0.57,5.01,152.36,CENTER,LOW,GREEN,YES,WET,CLEAR,STRAIGHT,MAINTAIN_SPEED
61.15,-0.29,16.15,184.13,CENTER,MEDIUM,GREEN,NO,DRY,CLEAR,STRAIGHT,MAINTAIN_SPEED
135.11,0.94,18.06,76.92,LEFT,LOW,NONE,NO,DRY,RAIN,STRAIGHT,MAINTAIN_SPEED
143.32,-1.97,23.65,41.77,CENTER,LOW,GREEN,NO,WET,CLEAR,STRAIGHT,MAINTAIN_SPEED
13.21,2.84,12.22,130.77,LEFT,HIGH,RED,NO,DRY,RAIN,STRAIGHT,BRAKE
62.03,-0.41,-0.77,112.07,LEFT,HIGH,GREEN,NO,DRY,FOG,STRAIGHT,MAINTAIN_SPEED
28.89,1.78,4.82,121.8,CENTER,LOW,GREEN,NO,DRY,CLEAR,RIGHT,MAINTAIN_SPEED
113.98,2.52,16.07,26.19,LEFT,LOW,NONE,YES,DRY,CLEAR,RIGHT,BRAKE
114.9,-0.13,-3.25,179.38,CENTER,MEDIUM,GREEN,NO,SLIPPERY,CLEAR,STRAIGHT,BRAKE
147.47,1.2,14.07,124.24,CENTER,MEDIUM,YELLOW,NO,DRY,CLEAR,STRAIGHT,BRAKE
131.42,2.55,-6.21,108.63,CENTER,LOW,RED,NO,SLIPPERY,CLEAR,STRAIGHT,STOP
137.63,0.66,-15.58,83.67,RIGHT,LOW,YELLOW,NO,DRY,CLEAR,STRAIGHT,BRAKE
128.28,-0.19,0.35,126.13,CENTER,LOW,NONE,YES,DRY,CLEAR,LEFT,MAINTAIN_SPEED
110.56,0.32,8.12,151.28,LEFT,HIGH,GREEN,NO,DRY,CLEAR,STRAIGHT,MAINTAIN_SPEED
28.38,1.56,8.24,120.88,CENTER,MEDIUM,NONE,NO,WET,CLEAR,LEFT,TURN_LEFT
61.95,-4.61,8.16,169.54,CENTER,LOW,GREEN,YES,WET,RAIN,LEFT,TURN_LEFT
144.42,-3.06,-18.33,74.34,CENTER,LOW,NONE,NO,DRY,CLEAR,STRAIGHT,MAINTAIN_SPEED
124.75,1.51,-4.06,11.34,CENTER,HIGH,NONE,YES,DRY,RAIN,STRAIGHT,BRAKE
36.53,-3.15,-18.4,135.47,CENTER,MEDIUM,GREEN,YES,DRY,CLEAR,STRAIGHT,MAINTAIN_SPEED
35.4,0.3,7.12,74.6,CENTER,LOW,RED,YES,DRY,CLEAR,STRAIGHT,BRAKE
2.87,1.79,-0.46,7.5,CENTER,LOW,RED,NO,WET,CLEAR,STRAIGHT,STOP
66.91,-0.73,-9.77,101.03,RIGHT,HIGH,YELLOW,NO,DRY,RAIN,STRAIGHT,BRAKE
54.32,-1.67,5.35,124.48,CENTER,LOW,GREEN,YES,DRY,CLEAR,STRAIGHT,MAINTAIN_SPEED
20.58,-4.04,16.06,98.31,CENTER,MEDIUM,YELLOW,YES,DRY,RAIN,STRAIGHT,ACCELERATE
103.91,-4.6,-20.11,68.97,RIGHT,MEDIUM,GREEN,NO,SLIPPERY,FOG,STRAIGHT,BRAKE
27.56,0.43,1.58,81.04,CENTER,HIGH,GREEN,NO,WET,RAIN,STRAIGHT,CHANGE_LANE_RIGHT
113.39,-1.52,-14.31,147.59,CENTER,LOW,RED,NO,DRY,CLEAR,STRAIGHT,STOP
89.69,-0.37,-18.99,88.97,CENTER,HIGH,NONE,NO,DRY,CLEAR,RIGHT,TURN_RIGHT
149.35,-0.04,-11.76,12.24,LEFT,MEDIUM,RED,NO,DRY,CLEAR,STRAIGHT,STOP
49.79,-1.81,2.64,2.67,RIGHT,LOW,NONE,NO,SLIPPERY,CLEAR,LEFT,MAINTAIN_SPEED
140.56,-0.87,-11.97,93.32,CENTER,MEDIUM,GREEN,YES,WET,FOG,STRAIGHT,MAINTAIN_SPEED
77.35,3.18,3.96,145.37,LEFT,HIGH,YELLOW,NO,DRY,CLEAR,STRAIGHT,BRAKE
76.34,-3.78,-11.48,17.72,LEFT,LOW,RED,NO,DRY,CLEAR,STRAIGHT,STOP
115.43,1.18,1.39,108.27,CENTER,MEDIUM,NONE,NO,SLIPPERY,CLEAR,STRAIGHT,BRAKE
11.75,-0.12,-8.19,91.44,RIGHT,HIGH,GREEN,NO,DRY,RAIN,LEFT,TURN_LEFT
92.8,0.69,-3.71,37.04,LEFT,LOW,GREEN,YES,DRY,CLEAR,RIGHT,MAINTAIN_SPEED
76.17,-0.21,-17.91,50.38,CENTER,HIGH,GREEN,NO,DRY,CLEAR,RIGHT,TURN_RIGHT
135.84,3.59,11.39,53.18,CENTER,HIGH,GREEN,NO,DRY,CLEAR,STRAIGHT,CHANGE_LANE_RIGHT
147.9,1.84,4.45,101.81,LEFT,MEDIUM,NONE,NO,WET,RAIN,STRAIGHT,MAINTAIN_SPEED
79.88,-0.55,-19.85,140.96,LEFT,LOW,GREEN,NO,DRY,RAIN,STRAIGHT,MAINTAIN_SPEED
3.99,1.79,-4.1,81.24,CENTER,LOW,GREEN,YES,WET,CLEAR,STRAIGHT,ACCELERATE
40.2,-0.19,-10.86,180.86,RIGHT,LOW,YELLOW,NO,DRY,FOG,STRAIGHT,MAINTAIN_SPEED
4.24,-2.22,-13.52,47.15,CENTER,LOW,RED,NO,DRY,CLEAR,STRAIGHT,BRAKE
115.81,-1.69,7.05,111.0,CENTER,LOW,NONE,NO,DRY,CLEAR,LEFT,MAINTAIN_SPEED
73.7,-1.53,-18.01,27.0,LEFT,LOW,NONE,NO,SLIPPERY,RAIN,LEFT,BRAKE
16.43,-1.52,24.49,198.8,CENTER,MEDIUM,GREEN,YES,DRY,FOG,STRAIGHT,ACCELERATE
105.13,0.9,19.42,91.49,CENTER,MEDIUM,NONE,NO,DRY,CLEAR,RIGHT,TURN_RIGHT
16.01,0.54,-4.7,12.41,CENTER,HIGH,GREEN,YES,DRY,RAIN,STRAIGHT,CHANGE_LANE_LEFT
148.9,-3.19,-13.53,120.22,CENTER,MEDIUM,GREEN,NO,DRY,CLEAR,STRAIGHT,MAINTAIN_SPEED
115.49,2.47,-4.79,115.92,CENTER,LOW,NONE,NO,DRY,RAIN,LEFT,MAINTAIN_SPEED
61.25,-0.43,-6.13,119.22,CENTER,LOW,GREEN,YES,WET,CLEAR,STRAIGHT,MAINTAIN_SPEED
48.29,-0.12,11.47,98.54,RIGHT,LOW,GREEN,NO,WET,CLEAR,STRAIGHT,MAINTAIN_SPEED
79.56,3.93,-18.48,58.84,CENTER,LOW,GREEN,YES,DRY,FOG,RIGHT,TURN_RIGHT
0.52,1.48,15.79,116.96,RIGHT,MEDIUM,GREEN,NO,DRY,RAIN,RIGHT,TURN_RIGHT
133.34,-2.58,-4.79,62.46,CENTER,MEDIUM,NONE,NO,WET,FOG,STRAIGHT,MAINTAIN_SPEED
5.56,-0.4,5.02,189.33,LEFT,MEDIUM,RED,YES,DRY,CLEAR,RIGHT,BRAKE
93.33,-0.59,1.27,98.59,LEFT,LOW,GREEN,NO,DRY,RAIN,LEFT,MAINTAIN_SPEED
60.31,-5.85,-9.54,20.14,CENTER,MEDIUM,RED,NO,DRY,CLEAR,LEFT,STOP
3.83,6.05,13.98,192.72,CENTER,MEDIUM,GREEN,NO,WET,CLEAR,LEFT,TURN_LEFT
108.63,3.13,1.8,49.23,CENTER,LOW,GREEN,YES,DRY,CLEAR,STRAIGHT,MAINTAIN_SPEED
26.7,3.83,5.0,152.66,CENTER,MEDIUM,RED,NO,DRY,CLEAR,RIGHT,BRAKE
91.5,-2.15,-17.84,92.36,RIGHT,MEDIUM,GREEN,YES,DRY,CLEAR,STRAIGHT,MAINTAIN_SPEED
139.31,-4.16,-9.47,13.22,CENTER,LOW,RED,YES,DRY,CLEAR,STRAIGHT,STOP
149.05,-1.83,-17.82,36.82,CENTER,HIGH,GREEN,NO,DRY,FOG,LEFT,BRAKE
54.61,2.76,-23.44,81.86,CENTER,MEDIUM,NONE,NO,SLIPPERY,CLEAR,RIGHT,BRAKE
76.13,1.47,-4.67,170.05,CENTER,MEDIUM,GREEN,NO,DRY,CLEAR,LEFT,MAINTAIN_SPEED
20.98,0.68,12.49,26.05,CENTER,HIGH,RED,NO,SLIPPERY,FOG,STRAIGHT,BRAKE
35.78,-3.88,-11.04,46.53,CENTER,LOW,GREEN,NO,SLIPPERY,CLEAR,LEFT,TURN_LEFT
149.6,-4.25,-9.2,122.64,CENTER,LOW,GREEN,NO,DRY,RAIN,STRAIGHT,MAINTAIN_SPEED
15.67,-0.36,4.4,60.29,RIGHT,LOW,RED,NO,DRY,CLEAR,RIGHT,BRAKE
74.2,-0.77,-8.64,21.42,RIGHT,LOW,GREEN,NO,DRY,RAIN,STRAIGHT,MAINTAIN_SPEED
116.91,-2.15,6.13,52.2,CENTER,MEDIUM,RED,YES,DRY,RAIN,STRAIGHT,STOP
120.52,-0.85,8.23,62.03,CENTER,MEDIUM,NONE,NO,DRY,CLEAR,STRAIGHT,MAINTAIN_SPEED
143.09,1.35,2.72,37.18,CENTER,MEDIUM,GREEN,NO,SLIPPERY,CLEAR,RIGHT,BRAKE
78.69,0.68,13.94,193.11,CENTER,LOW,RED,YES,WET,CLEAR,STRAIGHT,STOP
92.1,0.37,-2.79,100.22,CENTER,LOW,NONE,NO,DRY,CLEAR,LEFT,MAINTAIN_SPEED
108.27,1.85,20.18,109.82,CENTER,LOW,RED,YES,DRY,FOG,LEFT,STOP
101.98,-2.32,-15.66,128.98,RIGHT,MEDIUM,YELLOW,NO,WET,CLEAR,STRAIGHT,BRAKE
125.99,-1.58,-10.39,52.19,CENTER,LOW,RED,NO,WET,CLEAR,STRAIGHT,STOP
77.32,2.41,-7.24,77.63,CENTER,LOW,GREEN,NO,WET,CLEAR,LEFT,MAINTAIN_SPEED
49.88,-0.14,1.55,56.87,RIGHT,LOW,GREEN,NO,DRY,CLEAR,STRAIGHT,MAINTAIN_SPEED
136.57,0.48,-13.96,150.84,CENTER,MEDIUM,NONE,NO,WET,RAIN,STRAIGHT,MAINTAIN_SPEED
16.84,-0.26,-3.14,183.78,CENTER,MEDIUM,RED,NO,DRY,FOG,STRAIGHT,BRAKE
8.06,-0.72,3.9,40.78,CENTER,LOW,RED,NO,WET,CLEAR,STRAIGHT,BRAKE
4.02,-2.84,-16.19,68.1,CENTER,LOW,GREEN,NO,WET,CLEAR,LEFT,TURN_LEFT
27.04,0.15,27.22,120.89,RIGHT,HIGH,GREEN,NO,DRY,RAIN,RIGHT,TURN_RIGHT
9.11,-3.99,5.39,5.89,CENTER,MEDIUM,GREEN,NO,DRY,CLEAR,LEFT,ACCELERATE
72.81,-1.06,-9.24,75.37,LEFT,HIGH,YELLOW,NO,DRY,CLEAR,STRAIGHT,BRAKE
34.88,-4.52,14.12,87.97,LEFT,MEDIUM,RED,NO,DRY,CLEAR,STRAIGHT,BRAKE
29.21,3.96,-5.66,68.5,CENTER,LOW,GREEN,YES,WET,CLEAR,LEFT,MAINTAIN_SPEED
47.56,3.08,-31.86,127.2,CENTER,MEDIUM,GREEN,NO,WET,RAIN,STRAIGHT,MAINTAIN_SPEED
107.42,0.41,-8.54,135.74,CENTER,LOW,GREEN,NO,SLIPPERY,CLEAR,RIGHT,BRAKE
99.09,1.19,11.22,102.48,RIGHT,LOW,NONE,NO,DRY,CLEAR,STRAIGHT,MAINTAIN_SPEED
22.76,0.06,0.95,62.21,RIGHT,MEDIUM,GREEN,NO,DRY,FOG,RIGHT,MAINTAIN_SPEED
78.79,-1.53,-2.58,74.84,CENTER,LOW,RED,NO,DRY,CLEAR,STRAIGHT,STOP
126.56,1.38,1.85,138.44,RIGHT,MEDIUM,GREEN,NO,DRY,FOG,LEFT,MAINTAIN_SPEED
5.85,-4.19,12.85,185.49,CENTER,MEDIUM,RED,YES,DRY,CLEAR,RIGHT,BRAKE
45.91,2.78,-19.76,106.97,RIGHT,HIGH,NONE,NO,DRY,FOG,LEFT,TURN_LEFT
49.03,4.51,-22.35,99.38,CENTER,LOW,GREEN,NO,WET,CLEAR,STRAIGHT,MAINTAIN_SPEED
79.03,-0.04,0.78,85.92,CENTER,MEDIUM,RED,YES,DRY,CLEAR,STRAIGHT,STOP
64.0,-2.16,-13.5,186.02,CENTER,MEDIUM,GREEN,YES,DRY,CLEAR,LEFT,TURN_LEFT
4.73,-0.09,-0.21,178.92,RIGHT,LOW,YELLOW,NO,WET,FOG,STRAIGHT,MAINTAIN_SPEED
40.0,-1.75,-9.61,158.82,LEFT,HIGH,GREEN,NO,DRY,CLEAR,LEFT,TURN_LEFT
28.31,-0.68,11.99,199.72,CENTER,LOW,GREEN,NO,DRY,CLEAR,STRAIGHT,MAINTAIN_SPEED
144.54,-1.28,6.78,108.23,CENTER,MEDIUM,RED,YES,WET,CLEAR,LEFT,STOP
100.6,0.95,8.2,42.51,CENTER,HIGH,YELLOW,YES,DRY,FOG,STRAIGHT,BRAKE
149.66,0.78,3.72,112.61,LEFT,MEDIUM,RED,NO,DRY,CLEAR,STRAIGHT,STOP
59.71,-4.3,-14.95,49.57,CENTER,HIGH,GREEN,NO,DRY,RAIN,STRAIGHT,CHANGE_LANE_LEFT
132.71,-2.76,7.81,138.72,RIGHT,MEDIUM,GREEN,YES,DRY,CLEAR,STRAIGHT,MAINTAIN_SPEED
12.95,2.06,4.91,178.47,LEFT,MEDIUM,GREEN,NO,DRY,CLEAR,STRAIGHT,ACCELERATE
115.54,-0.98,13.42,36.75,CENTER,LOW,GREEN,YES,DRY,CLEAR,STRAIGHT,MAINTAIN_SPEED
81.92,-0.92,23.26,83.73,CENTER,LOW,NONE,NO,DRY,CLEAR,LEFT,TURN_LEFT
111.02,-1.75,-2.85,149.64,CENTER,LOW,GREEN,NO,DRY,CLEAR,STRAIGHT,MAINTAIN_SPEED
110.78,-0.23,-5.48,40.65,CENTER,MEDIUM,GREEN,YES,DRY,RAIN,STRAIGHT,MAINTAIN_SPEED
69.98,-1.29,6.85,73.12,RIGHT,MEDIUM,RED,NO,DRY,CLEAR,STRAIGHT,STOP
143.86,-0.13,3.97,112.41,LEFT,MEDIUM,GREEN,YES,SLIPPERY,CLEAR,STRAIGHT,BRAKE
127.22,1.53,-2.12,104.65,LEFT,MEDIUM,GREEN,NO,DRY,CLEAR,STRAIGHT,MAINTAIN_SPEED
9.15,-2.2,10.45,2.25,RIGHT,HIGH,YELLOW,NO,WET,RAIN,STRAIGHT,BRAKE
145.34,-2.59,9.94,24.27,CENTER,HIGH,RED,NO,WET,RAIN,LEFT,STOP
14.38,-1.48,-3.41,42.74,CENTER,MEDIUM,GREEN,NO,DRY,CLEAR,STRAIGHT,ACCELERATE
89.31,4.56,-13.49,84.38,CENTER,HIGH,GREEN,NO,SLIPPERY,CLEAR,LEFT,BRAKE
62.1,2.8,-6.78,9.01,CENTER,HIGH,GREEN,NO,DRY,CLEAR,STRAIGHT,MAINTAIN_SPEED
58.11,-0.53,-11.86,87.47,CENTER,LOW,GREEN,NO,SLIPPERY,CLEAR,RIGHT,BRAKE
120.49,-3.43,7.14,71.88,CENTER,HIGH,GREEN,YES,DRY,RAIN,STRAIGHT,CHANGE_LANE_RIGHT
102.04,0.6,-17.03,178.11,RIGHT,MEDIUM,NONE,NO,DRY,RAIN,RIGHT,TURN_RIGHT
50.62,-2.68,-8.74,38.96,LEFT,MEDIUM,GREEN,YES,WET,CLEAR,LEFT,TURN_LEFT
146.85,-0.1,-16.64,126.19,CENTER,HIGH,YELLOW,NO,DRY,RAIN,STRAIGHT,BRAKE
90.74,-0.12,6.94,48.78,RIGHT,MEDIUM,GREEN,NO,SLIPPERY,CLEAR,STRAIGHT,BRAKE
80.22,2.61,4.21,145.24,CENTER,LOW,NONE,NO,DRY,CLEAR,STRAIGHT,MAINTAIN_SPEED
4.16,1.07,-3.69,118.59,CENTER,LOW,GREEN,NO,DRY,FOG,STRAIGHT,ACCELERATE
45.15,-2.35,7.31,128.18,CENTER,LOW,GREEN,NO,WET,CLEAR,STRAIGHT,MAINTAIN_SPEED
26.62,-1.09,15.81,196.41,LEFT,LOW,GREEN,NO,DRY,CLEAR,RIGHT,TURN_RIGHT
13.47,-0.96,1.09,159.6,RIGHT,LOW,GREEN,YES,DRY,CLEAR,RIGHT,ACCELERATE
7.5,-0.41,-6.1,75.16,RIGHT,MEDIUM,GREEN,NO,WET,CLEAR,STRAIGHT,ACCELERATE
7.55,1.04,6.21,114.65,RIGHT,MEDIUM,GREEN,YES,SLIPPERY,CLEAR,STRAIGHT,ACCELERATE
133.55,-2.08,15.58,157.12,LEFT,HIGH,GREEN,NO,DRY,CLEAR,STRAIGHT,CHANGE_LANE_RIGHT
138.23,-0.63,-6.73,91.33,CENTER,MEDIUM,GREEN,NO,DRY,CLEAR,LEFT,MAINTAIN_SPEED
30.32,1.99,0.83,183.81,RIGHT,HIGH,GREEN,NO,DRY,CLEAR,STRAIGHT,MAINTAIN_SPEED
149.55,3.85,2.7,176.43,LEFT,MEDIUM,GREEN,NO,DRY,CLEAR,STRAIGHT,MAINTAIN_SPEED
110.12,7.0,-5.34,24.11,CENTER,LOW,RED,YES,DRY,CLEAR,LEFT,STOP
76.15,5.23,-5.66,174.19,LEFT,LOW,GREEN,NO,SLIPPERY,CLEAR,RIGHT,BRAKE
88.89,-1.37,14.82,46.01,CENTER,MEDIUM,GREEN,YES,DRY,CLEAR,STRAIGHT,MAINTAIN_SPEED
20.76,-0.88,-15.13,109.52,CENTER,LOW,GREEN,NO,WET,CLEAR,STRAIGHT,MAINTAIN_SPEED
50.97,-0.24,16.56,194.2,CENTER,LOW,GREEN,NO,DRY,FOG,STRAIGHT,MAINTAIN_SPEED
134.78,-1.98,-0.53,53.53,CENTER,MEDIUM,GREEN,YES,DRY,CLEAR,STRAIGHT,MAINTAIN_SPEED
142.69,2.4,18.73,58.8,CENTER,LOW,NONE,NO,DRY,RAIN,STRAIGHT,MAINTAIN_SPEED
60.27,-2.87,-12.63,65.4,CENTER,LOW,GREEN,NO,SLIPPERY,RAIN,STRAIGHT,BRAKE
92.98,3.76,0.87,109.93,CENTER,MEDIUM,GREEN,YES,DRY,RAIN,STRAIGHT,MAINTAIN_SPEED
146.51,-1.16,-7.2,159.94,CENTER,MEDIUM,YELLOW,YES,SLIPPERY,CLEAR,STRAIGHT,BRAKE
43.47,-2.71,-3.87,142.04,CENTER,MEDIUM,GREEN,NO,DRY,CLEAR,STRAIGHT,MAINTAIN_SPEED
121.51,-0.2,-21.35,122.32,LEFT,MEDIUM,GREEN,NO,DRY,FOG,STRAIGHT,MAINTAIN_SPEED
57.88,-1.16,-2.05,103.34,CENTER,MEDIUM,RED,NO,DRY,CLEAR,LEFT,STOP
76.11,-1.67,16.16,57.18,CENTER,MEDIUM,GREEN,NO,DRY,FOG,STRAIGHT,MAINTAIN_SPEED
31.99,1.57,26.38,116.98,CENTER,LOW,GREEN,NO,DRY,CLEAR,RIGHT,TURN_RIGHT
74.28,4.2,18.13,76.5,LEFT,LOW,GREEN,NO,DRY,CLEAR,STRAIGHT,MAINTAIN_SPEED
128.5,1.86,17.79,97.94,CENTER,HIGH,GREEN,NO,DRY,CLEAR,STRAIGHT,CHANGE_LANE_RIGHT
7.93,-1.02,16.39,138.86,CENTER,MEDIUM,RED,NO,SLIPPERY,CLEAR,STRAIGHT,BRAKE
10.47,0.17,0.64,154.09,CENTER,HIGH,GREEN,YES,DRY,RAIN,LEFT,CHANGE_LANE_RIGHT
62.55,2.57,-3.38,162.36,CENTER,LOW,RED,NO,DRY,CLEAR,STRAIGHT,STOP
132.11,1.47,-14.67,174.07,CENTER,MEDIUM,YELLOW,NO,SLIPPERY,CLEAR,STRAIGHT,BRAKE
45.35,-6.52,10.91,114.64,CENTER,LOW,NONE,NO,SLIPPERY,CLEAR,STRAIGHT,MAINTAIN_SPEED
147.83,3.31,-7.77,20.91,CENTER,LOW,GREEN,NO,DRY,RAIN,STRAIGHT,BRAKE
22.56,-0.45,-9.45,101.0,LEFT,MEDIUM,RED,NO,WET,CLEAR,RIGHT,BRAKE
88.44,1.27,-21.26,5.73,RIGHT,HIGH,GREEN,NO,DRY,CLEAR,STRAIGHT,MAINTAIN_SPEED
10.31,0.91,-6.46,89.29,LEFT,LOW,GREEN,NO,DRY,CLEAR,STRAIGHT,ACCELERATE
107.22,2.18,-6.82,159.1,LEFT,HIGH,GREEN,NO,DRY,RAIN,LEFT,MAINTAIN_SPEED
20.63,5.78,6.03,130.24,LEFT,LOW,GREEN,NO,DRY,CLEAR,RIGHT,MAINTAIN_SPEED
79.51,2.22,16.76,20.55,CENTER,LOW,NONE,NO,WET,RAIN,STRAIGHT,MAINTAIN_SPEED
72.31,0.6,10.38,72.83,CENTER,LOW,NONE,NO,DRY,RAIN,STRAIGHT,MAINTAIN_SPEED
87.19,-2.27,-24.51,9.82,CENTER,MEDIUM,NONE,NO,DRY,CLEAR,RIGHT,TURN_RIGHT
142.11,2.34,-14.92,58.04,LEFT,MEDIUM,GREEN,NO,DRY,CLEAR,STRAIGHT,MAINTAIN_SPEED
91.55,-3.4,-9.82,160.2,RIGHT,HIGH,GREEN,NO,DRY,RAIN,STRAIGHT,MAINTAIN_SPEED
12.62,0.93,-0.56,25.65,CENTER,HIGH,GREEN,NO,WET,CLEAR,RIGHT,MAINTAIN_SPEED
12.74,2.38,2.88,21.06,CENTER,MEDIUM,GREEN,NO,DRY,CLEAR,LEFT,MAINTAIN_SPEED
25.25,-1.44,-13.02,37.77,CENTER,HIGH,GREEN,NO,WET,CLEAR,STRAIGHT,CHANGE_LANE_LEFT
8.07,0.59,6.6,145.27,CENTER,HIGH,RED,NO,DRY,CLEAR,LEFT,BRAKE
23.22,-2.67,-12.54,133.36,CENTER,HIGH,GREEN,NO,DRY,CLEAR,STRAIGHT,CHANGE_LANE_LEFT
42.7,3.93,-3.12,6.93,CENTER,LOW,RED,NO,DRY,CLEAR,STRAIGHT,STOP
61.62,-1.67,-10.13,106.52,LEFT,LOW,GREEN,NO,DRY,FOG,LEFT,TURN_LEFT
95.38,5.7,3.41,86.96,RIGHT,MEDIUM,GREEN,NO,WET,CLEAR,STRAIGHT,MAINTAIN_SPEED
82.2,2.3,-4.29,171.04,RIGHT,MEDIUM,GREEN,NO,SLIPPERY,CLEAR,STRAIGHT,BRAKE
69.37,-1.66,5.7,138.41,LEFT,LOW,GREEN,NO,DRY,CLEAR,STRAIGHT,MAINTAIN_SPEED
129.95,0.38,-12.02,117.18,LEFT,MEDIUM,NONE,NO,SLIPPERY,CLEAR,RIGHT,BRAKE
123.41,4.28,8.45,126.36,CENTER,HIGH,GREEN,YES,DRY,CLEAR,STRAIGHT,CHANGE_LANE_RIGHT
144.79,-2.24,6.37,36.41,CENTER,HIGH,GREEN,YES,WET,CLEAR,STRAIGHT,CHANGE_LANE_RIGHT
106.6,-0.82,0.72,51.38,CENTER,MEDIUM,RED,NO,WET,FOG,LEFT,STOP
76.69,-1.19,15.08,47.21,CENTER,MEDIUM,NONE,NO,DRY,CLEAR,RIGHT,TURN_RIGHT
93.94,1.83,5.68,77.76,LEFT,HIGH,NONE,YES,DRY,CLEAR,LEFT,MAINTAIN_SPEED
36.03,-2.55,12.4,192.16,CENTER,MEDIUM,NONE,YES,DRY,CLEAR,STRAIGHT,MAINTAIN_SPEED
143.24,3.74,-2.98,34.77,CENTER,HIGH,GREEN,NO,DRY,FOG,STRAIGHT,BRAKE
3.44,-4.87,-4.22,114.0,LEFT,LOW,RED,NO,WET,CLEAR,STRAIGHT,BRAKE
14.8,-4.11,-28.14,134.76,CENTER,HIGH,GREEN,YES,DRY,CLEAR,STRAIGHT,CHANGE_LANE_LEFT
146.61,2.23,-10.1,53.47,LEFT,LOW,RED,NO,SLIPPERY,CLEAR,STRAIGHT,STOP
145.62,1.93,2.39,168.65,CENTER,LOW,GREEN,NO,DRY,CLEAR,RIGHT,MAINTAIN_SPEED
0.65,-1.24,27.75,181.29,LEFT,LOW,GREEN,NO,DRY,RAIN,LEFT,TURN_LEFT
70.11,-1.86,3.8,132.98,CENTER,HIGH,GREEN,NO,DRY,CLEAR,STRAIGHT,CHANGE_LANE_RIGHT
91.5,-0.39,-10.81,18.91,RIGHT,LOW,GREEN,NO,DRY,FOG,STRAIGHT,MAINTAIN_SPEED
79.87,2.82,-14.41,16.64,CENTER,MEDIUM,GREEN,NO,DRY,CLEAR,RIGHT,TURN_RIGHT
65.42,-1.87,3.98,115.57,CENTER,LOW,GREEN,NO,WET,CLEAR,STRAIGHT,MAINTAIN_SPEED
124.93,-5.4,1.36,51.29,CENTER,LOW,NONE,YES,DRY,CLEAR,STRAIGHT,MAINTAIN_SPEED
137.48,0.93,-25.29,160.52,LEFT,LOW,GREEN,NO,WET,CLEAR,STRAIGHT,MAINTAIN_SPEED
102.45,2.08,14.26,22.5,CENTER,MEDIUM,GREEN,NO,WET,RAIN,STRAIGHT,BRAKE
54.48,-1.81,-0.87,101.73,CENTER,HIGH,RED,NO,WET,CLEAR,STRAIGHT,BRAKE
26.34,3.25,8.99,14.02,RIGHT,LOW,GREEN,YES,WET,FOG,STRAIGHT,BRAKE
109.49,-3.88,3.0,137.04,RIGHT,MEDIUM,NONE,NO,DRY,CLEAR,STRAIGHT,MAINTAIN_SPEED
128.34,-0.27,11.59,72.23,CENTER,LOW,NONE,NO,SLIPPERY,CLEAR,STRAIGHT,BRAKE
92.71,0.35,-12.58,94.35,RIGHT,LOW,RED,YES,DRY,RAIN,LEFT,STOP
91.49,0.2,-19.08,176.67,LEFT,MEDIUM,GREEN,NO,DRY,CLEAR,LEFT,TURN_LEFT
47.9,-2.08,-5.33,71.9,CENTER,LOW,GREEN,NO,DRY,CLEAR,STRAIGHT,MAINTAIN_SPEED
62.6,-2.46,-5.8,178.88,CENTER,MEDIUM,GREEN,NO,DRY,CLEAR,LEFT,MAINTAIN_SPEED
134.33,0.29,0.07,86.25,CENTER,LOW,GREEN,NO,DRY,CLEAR,LEFT,MAINTAIN_SPEED
75.77,-3.06,9.88,95.65,CENTER,HIGH,YELLOW,NO,DRY,CLEAR,STRAIGHT,BRAKE
35.84,-0.02,20.31,140.75,RIGHT,LOW,GREEN,NO,DRY,CLEAR,RIGHT,TURN_RIGHT
70.43,1.99,-3.92,23.92,CENTER,MEDIUM,RED,YES,DRY,CLEAR,STRAIGHT,STOP
14.45,-0.61,0.92,136.32,CENTER,MEDIUM,GREEN,NO,SLIPPERY,CLEAR,STRAIGHT,ACCELERATE
73.79,1.96,-11.09,167.91,RIGHT,HIGH,GREEN,NO,WET,CLEAR,RIGHT,TURN_RIGHT
80.09,0.44,4.44,122.55,CENTER,LOW,NONE,YES,DRY,CLEAR,STRAIGHT,MAINTAIN_SPEED
11.71,-1.03,0.56,194.03,RIGHT,MEDIUM,GREEN,NO,SLIPPERY,CLEAR,RIGHT,ACCELERATE
33.59,0.72,18.09,92.02,RIGHT,MEDIUM,GREEN,YES,WET,RAIN,STRAIGHT,MAINTAIN_SPEED
8.26,1.11,26.95,169.95,LEFT,LOW,RED,NO,DRY,CLEAR,STRAIGHT,BRAKE
108.02,2.82,8.78,54.51,CENTER,MEDIUM,YELLOW,NO,DRY,CLEAR,STRAIGHT,BRAKE
85.1,-1.97,-11.97,151.58,LEFT,HIGH,GREEN,NO,DRY,RAIN,STRAIGHT,MAINTAIN_SPEED
140.46,-1.92,-12.6,35.35,CENTER,MEDIUM,RED,YES,WET,CLEAR,STRAIGHT,STOP
86.27,0.73,-0.87,156.85,LEFT,MEDIUM,YELLOW,NO,SLIPPERY,RAIN,STRAIGHT,BRAKE
102.2,-2.62,-6.38,153.04,CENTER,LOW,RED,NO,DRY,RAIN,LEFT,STOP
56.33,-4.39,9.71,22.88,CENTER,MEDIUM,RED,NO,DRY,CLEAR,STRAIGHT,STOP
102.76,-0.21,7.36,83.1,LEFT,HIGH,NONE,YES,DRY,RAIN,LEFT,MAINTAIN_SPEED
97.43,2.29,19.85,136.57,RIGHT,LOW,NONE,NO,WET,CLEAR,STRAIGHT,MAINTAIN_SPEED
23.12,0.46,-15.75,75.35,CENTER,HIGH,GREEN,NO,DRY,CLEAR,LEFT,TURN_LEFT
11.23,-3.94,-11.11,190.72,CENTER,MEDIUM,GREEN,NO,DRY,CLEAR,STRAIGHT,ACCELERATE
111.69,-2.99,20.17,122.17,CENTER,HIGH,RED,NO,DRY,CLEAR,LEFT,STOP
125.64,0.86,-4.28,191.83,RIGHT,LOW,NONE,NO,DRY,CLEAR,RIGHT,MAINTAIN_SPEED
92.63,-2.57,-24.66,16.8,CENTER,HIGH,RED,YES,WET,RAIN,STRAIGHT,STOP
124.89,2.69,4.89,181.7,RIGHT,MEDIUM,GREEN,NO,DRY,FOG,STRAIGHT,MAINTAIN_SPEED
61.24,-0.02,-8.17,87.0,CENTER,HIGH,GREEN,YES,DRY,CLEAR,STRAIGHT,CHANGE_LANE_LEFT
116.26,-2.82,34.36,22.07,LEFT,LOW,GREEN,NO,DRY,CLEAR,STRAIGHT,BRAKE
40.86,-6.64,-0.43,28.27,CENTER,HIGH,GREEN,NO,DRY,RAIN,STRAIGHT,MAINTAIN_SPEED
23.06,-2.5,16.82,18.27,LEFT,LOW,GREEN,NO,DRY,CLEAR,STRAIGHT,MAINTAIN_SPEED
117.78,-2.63,-15.93,51.5,CENTER,HIGH,GREEN,NO,DRY,CLEAR,STRAIGHT,CHANGE_LANE_LEFT
123.92,1.4,-2.77,118.29,CENTER,LOW,NONE,NO,DRY,CLEAR,LEFT,MAINTAIN_SPEED
46.56,2.45,12.15,79.66,CENTER,LOW,GREEN,NO,WET,FOG,STRAIGHT,MAINTAIN_SPEED
105.81,-0.37,-10.5,173.0,CENTER,LOW,NONE,NO,DRY,CLEAR,RIGHT,TURN_RIGHT
74.56,1.81,4.17,100.64,CENTER,MEDIUM,GREEN,YES,WET,CLEAR,LEFT,MAINTAIN_SPEED
115.02,-0.98,17.19,17.68,LEFT,HIGH,YELLOW,NO,SLIPPERY,CLEAR,LEFT,BRAKE
60.85,6.16,-8.8,165.81,RIGHT,MEDIUM,GREEN,NO,WET,CLEAR,STRAIGHT,MAINTAIN_SPEED
89.52,0.67,-4.6,196.01,LEFT,MEDIUM,RED,NO,DRY,RAIN,STRAIGHT,STOP
0.62,2.57,1.75,41.92,RIGHT,LOW,GREEN,NO,DRY,CLEAR,RIGHT,ACCELERATE
133.86,0.81,3.66,118.8,LEFT,HIGH,NONE,NO,WET,CLEAR,STRAIGHT,MAINTAIN_SPEED
96.99,-4.37,14.6,115.98,CENTER,MEDIUM,YELLOW,YES,DRY,CLEAR,STRAIGHT,BRAKE
141.06,-1.35,-9.26,158.79,CENTER,MEDIUM,GREEN,YES,SLIPPERY,CLEAR,LEFT,BRAKE
131.52,-1.18,10.24,83.31,CENTER,HIGH,GREEN,NO,DRY,CLEAR,STRAIGHT,CHANGE_LANE_RIGHT
93.25,-0.26,1.36,40.42,CENTER,MEDIUM,GREEN,NO,WET,CLEAR,LEFT,MAINTAIN_SPEED
101.09,-0.0,1.79,33.65,CENTER,MEDIUM,RED,NO,WET,RAIN,STRAIGHT,STOP
54.93,-2.92,-5.18,115.4,CENTER,HIGH,YELLOW,NO,DRY,CLEAR,STRAIGHT,CHANGE_LANE_LEFT
78.49,-1.36,-11.52,63.88,LEFT,MEDIUM,GREEN,NO,DRY,CLEAR,STRAIGHT,MAINTAIN_SPEED
29.48,0.38,-3.12,30.85,RIGHT,MEDIUM,GREEN,NO,WET,CLEAR,STRAIGHT,MAINTAIN_SPEED
3.38,2.28,19.89,120.96,CENTER,MEDIUM,GREEN,NO,WET,CLEAR,STRAIGHT,ACCELERATE
118.98,1.71,13.54,170.81,RIGHT,MEDIUM,RED,NO,SLIPPERY,CLEAR,LEFT,STOP
111.71,-1.49,-1.54,61.52,RIGHT,MEDIUM,GREEN,NO,DRY,RAIN,STRAIGHT,MAINTAIN_SPEED
71.71,2.21,-4.48,24.28,RIGHT,HIGH,GREEN,NO,DRY,CLEAR,STRAIGHT,MAINTAIN_SPEED
88.49,-1.39,12.09,165.7,CENTER,MEDIUM,RED,NO,DRY,CLEAR,STRAIGHT,STOP
140.38,5.07,-3.61,150.67,LEFT,MEDIUM,GREEN,NO,DRY,CLEAR,RIGHT,MAINTAIN_SPEED
109.6,1.62,-11.36,142.54,LEFT,HIGH,NONE,YES,DRY,CLEAR,STRAIGHT,MAINTAIN_SPEED
103.23,-2.48,10.49,53.68,CENTER,MEDIUM,NONE,YES,WET,CLEAR,LEFT,TURN_LEFT
57.77,2.43,0.12,34.92,CENTER,MEDIUM,GREEN,YES,DRY,CLEAR,STRAIGHT,MAINTAIN_SPEED
39.48,-2.71,-10.7,146.92,CENTER,MEDIUM,GREEN,NO,DRY,RAIN,STRAIGHT,MAINTAIN_SPEED
147.36,2.08,-13.68,164.97,CENTER,MEDIUM,GREEN,NO,DRY,CLEAR,RIGHT,TURN_RIGHT
9.3,-1.64,1.33,172.6,CENTER,MEDIUM,GREEN,NO,WET,CLEAR,STRAIGHT,ACCELERATE
59.81,-0.23,4.21,87.43,CENTER,MEDIUM,GREEN,NO,WET,CLEAR,STRAIGHT,MAINTAIN_SPEED
113.42,1.34,17.98,85.24,RIGHT,MEDIUM,GREEN,NO,WET,CLEAR,RIGHT,TURN_RIGHT
90.94,2.39,17.54,5.49,CENTER,MEDIUM,RED,NO,DRY,CLEAR,STRAIGHT,STOP
80.46,0.27,23.35,14.89,RIGHT,HIGH,GREEN,NO,DRY,CLEAR,STRAIGHT,MAINTAIN_SPEED
141.31,1.28,-34.67,145.26,CENTER,MEDIUM,GREEN,NO,DRY,CLEAR,STRAIGHT,MAINTAIN_SPEED
80.21,3.3,16.64,113.64,CENTER,HIGH,GREEN,NO,DRY,CLEAR,LEFT,TURN_LEFT
6.34,-0.68,12.99,197.37,CENTER,MEDIUM,RED,NO,DRY,RAIN,STRAIGHT,BRAKE
55.37,-0.01,0.7,45.39,CENTER,LOW,GREEN,NO,SLIPPERY,RAIN,LEFT,BRAKE
10.74,-0.75,-3.66,89.44,LEFT,MEDIUM,GREEN,NO,WET,CLEAR,STRAIGHT,ACCELERATE
105.42,2.3,-2.59,51.94,LEFT,MEDIUM,GREEN,NO,DRY,CLEAR,STRAIGHT,MAINTAIN_SPEED
57.95,0.67,2.35,73.38,RIGHT,LOW,NONE,NO,DRY,CLEAR,RIGHT,MAINTAIN_SPEED
25.78,0.37,-7.16,100.88,CENTER,HIGH,GREEN,NO,DRY,CLEAR,STRAIGHT,CHANGE_LANE_LEFT
31.88,1.23,2.21,136.76,CENTER,MEDIUM,NONE,NO,WET,CLEAR,RIGHT,MAINTAIN_SPEED
48.4,-2.17,-7.48,150.78,CENTER,MEDIUM,NONE,NO,DRY,CLEAR,STRAIGHT,MAINTAIN_SPEED
5.82,-2.35,10.03,55.65,LEFT,MEDIUM,GREEN,NO,DRY,CLEAR,STRAIGHT,ACCELERATE
37.65,3.49,4.32,9.52,LEFT,LOW,GREEN,NO,WET,CLEAR,STRAIGHT,MAINTAIN_SPEED
38.08,5.59,21.52,55.67,LEFT,HIGH,GREEN,NO,DRY,CLEAR,RIGHT,TURN_RIGHT
130.7,-1.08,-7.1,132.97,CENTER,MEDIUM,GREEN,NO,DRY,CLEAR,STRAIGHT,TURN_RIGHT
70.61,-2.1,14.75,151.04,CENTER,LOW,GREEN,NO,WET,CLEAR,RIGHT,TURN_RIGHT
105.82,2.91,0.8,112.69,CENTER,LOW,GREEN,NO,DRY,CLEAR,STRAIGHT,MAINTAIN_SPEED
59.03,-3.74,8.38,36.16,CENTER,LOW,GREEN,NO,DRY,CLEAR,STRAIGHT,MAINTAIN_SPEED
61.71,-2.86,-10.79,10.09,CENTER,HIGH,NONE,YES,WET,CLEAR,STRAIGHT,BRAKE
44.85,-1.22,3.71,132.49,CENTER,MEDIUM,GREEN,NO,DRY,CLEAR,STRAIGHT,MAINTAIN_SPEED
86.97,0.49,-16.94,138.76,CENTER,HIGH,YELLOW,YES,DRY,FOG,STRAIGHT,BRAKE
34.4,-1.21,8.3,135.49,LEFT,HIGH,NONE,NO,DRY,CLEAR,LEFT,TURN_LEFT
98.8,0.79,2.24,76.1,LEFT,MEDIUM,NONE,YES,DRY,CLEAR,STRAIGHT,MAINTAIN_SPEED
119.22,-1.01,-6.84,122.25,CENTER,LOW,YELLOW,YES,DRY,CLEAR,LEFT,BRAKE
125.06,-0.7,12.42,60.66,LEFT,HIGH,GREEN,NO,WET,CLEAR,STRAIGHT,CHANGE_LANE_RIGHT
40.53,-0.65,-11.83,104.87,CENTER,LOW,GREEN,NO,DRY,CLEAR,STRAIGHT,MAINTAIN_SPEED
62.3,1.28,13.14,167.95,LEFT,LOW,GREEN,NO,DRY,CLEAR,STRAIGHT,MAINTAIN_SPEED
103.36,-2.22,0.6,21.76,CENTER,MEDIUM,NONE,NO,WET,FOG,RIGHT,BRAKE
29.42,0.16,-1.11,192.39,CENTER,LOW,YELLOW,NO,DRY,CLEAR,STRAIGHT,MAINTAIN_SPEED
45.28,-1.33,-22.84,17.52,CENTER,LOW,GREEN,NO,DRY,RAIN,LEFT,TURN_LEFT
34.18,-2.66,-18.47,68.24,RIGHT,LOW,NONE,NO,DRY,CLEAR,LEFT,TURN_LEFT
0.4,0.65,-5.31,32.05,LEFT,MEDIUM,RED,NO,WET,CLEAR,STRAIGHT,BRAKE
1.62,-0.54,-7.14,37.79,CENTER,LOW,GREEN,NO,DRY,CLEAR,STRAIGHT,ACCELERATE
73.13,-0.54,8.05,18.24,RIGHT,LOW,GREEN,NO,WET,CLEAR,STRAIGHT,MAINTAIN_SPEED
114.26,0.22,-12.12,100.41,CENTER,MEDIUM,YELLOW,NO,WET,CLEAR,STRAIGHT,BRAKE
92.8,0.73,-13.91,62.2,RIGHT,MEDIUM,NONE,NO,DRY,CLEAR,STRAIGHT,MAINTAIN_SPEED
107.8,3.78,-5.15,19.38,CENTER,LOW,GREEN,NO,DRY,CLEAR,RIGHT,BRAKE
143.9,0.47,-9.86,196.3,LEFT,HIGH,RED,NO,WET,CLEAR,LEFT,STOP
56.03,-1.49,22.55,95.56,LEFT,LOW,NONE,NO,SLIPPERY,CLEAR,LEFT,BRAKE
110.32,-2.14,-2.64,101.07,CENTER,MEDIUM,GREEN,NO,DRY,CLEAR,STRAIGHT,MAINTAIN_SPEED
138.11,0.35,6.34,193.16,CENTER,HIGH,NONE,NO,DRY,CLEAR,STRAIGHT,CHANGE_LANE_RIGHT
100.72,-0.54,23.41,85.52,CENTER,LOW,YELLOW,NO,DRY,CLEAR,STRAIGHT,BRAKE
120.3,-1.72,22.52,180.41,CENTER,LOW,GREEN,NO,DRY,RAIN,STRAIGHT,MAINTAIN_SPEED
50.77,0.84,15.94,188.33,CENTER,HIGH,YELLOW,NO,WET,CLEAR,RIGHT,TURN_RIGHT
134.52,-3.79,7.33,68.51,RIGHT,LOW,GREEN,NO,WET,FOG,LEFT,MAINTAIN_SPEED
125.14,0.6,2.51,57.53,RIGHT,MEDIUM,GREEN,NO,DRY,CLEAR,STRAIGHT,MAINTAIN_SPEED
108.91,-1.52,-15.61,156.68,CENTER,MEDIUM,NONE,YES,DRY,CLEAR,LEFT,TURN_LEFT
24.37,3.62,-13.8,181.97,CENTER,LOW,GREEN,NO,DRY,CLEAR,STRAIGHT,MAINTAIN_SPEED
18.18,-2.12,-4.45,77.3,LEFT,LOW,GREEN,NO,DRY,CLEAR,LEFT,MAINTAIN_SPEED
33.34,1.03,-2.77,45.53,CENTER,MEDIUM,NONE,NO,WET,RAIN,LEFT,MAINTAIN_SPEED
12.92,3.34,13.6,193.13,CENTER,MEDIUM,NONE,NO,DRY,RAIN,STRAIGHT,ACCELERATE
35.69,3.87,7.63,175.02,CENTER,MEDIUM,YELLOW,NO,WET,CLEAR,STRAIGHT,MAINTAIN_SPEED
116.19,0.14,6.29,180.79,LEFT,HIGH,GREEN,NO,DRY,CLEAR,LEFT,MAINTAIN_SPEED
26.45,1.95,-8.16,87.72,LEFT,HIGH,YELLOW,NO,DRY,CLEAR,STRAIGHT,MAINTAIN_SPEED
112.19,2.15,4.1,162.39,CENTER,MEDIUM,GREEN,YES,WET,CLEAR,RIGHT,MAINTAIN_SPEED
117.82,0.37,-15.27,121.87,RIGHT,HIGH,GREEN,NO,WET,CLEAR,STRAIGHT,TURN_LEFT
72.96,-1.85,3.22,128.21,CENTER,LOW,YELLOW,NO,WET,CLEAR,STRAIGHT,BRAKE
143.93,0.59,13.56,58.2,LEFT,MEDIUM,GREEN,NO,DRY,FOG,LEFT,TURN_LEFT
129.8,2.74,14.25,169.43,CENTER,LOW,GREEN,NO,DRY,CLEAR,STRAIGHT,MAINTAIN_SPEED
123.66,4.77,-4.0,187.96,CENTER,MEDIUM,RED,NO,WET,CLEAR,RIGHT,STOP
126.31,-0.83,-13.82,9.65,CENTER,LOW,NONE,YES,DRY,CLEAR,STRAIGHT,STOP
65.86,-3.43,-7.39,157.88,LEFT,HIGH,GREEN,NO,DRY,RAIN,LEFT,MAINTAIN_SPEED
3.0,-0.35,-26.46,197.83,CENTER,LOW,NONE,NO,WET,CLEAR,RIGHT,TURN_RIGHT
47.97,-2.2,13.8,20.56,RIGHT,LOW,YELLOW,NO,DRY,FOG,RIGHT,TURN_RIGHT
125.04,-0.38,-7.9,135.34,RIGHT,MEDIUM,NONE,NO,DRY,CLEAR,STRAIGHT,MAINTAIN_SPEED
140.59,-2.78,7.82,70.64,LEFT,MEDIUM,NONE,NO,WET,RAIN,RIGHT,MAINTAIN_SPEED
35.62,-3.42,15.16,11.27,CENTER,MEDIUM,YELLOW,NO,DRY,CLEAR,STRAIGHT,BRAKE
73.3,0.16,5.97,27.17,CENTER,LOW,GREEN,NO,DRY,CLEAR,STRAIGHT,MAINTAIN_SPEED
89.85,-3.25,11.1,145.85,CENTER,HIGH,GREEN,NO,DRY,CLEAR,STRAIGHT,CHANGE_LANE_RIGHT
51.08,-0.31,-9.13,93.34,CENTER,LOW,YELLOW,NO,SLIPPERY,CLEAR,STRAIGHT,BRAKE
48.81,1.94,12.16,80.9,RIGHT,LOW,GREEN,NO,DRY,CLEAR,STRAIGHT,MAINTAIN_SPEED
132.85,-0.01,-23.15,34.97,CENTER,HIGH,GREEN,NO,DRY,RAIN,RIGHT,TURN_RIGHT
122.02,-0.88,11.04,131.86,CENTER,HIGH,GREEN,NO,WET,FOG,STRAIGHT,CHANGE_LANE_RIGHT
125.66,0.96,2.07,14.84,CENTER,LOW,GREEN,NO,DRY,CLEAR,STRAIGHT,MAINTAIN_SPEED
139.63,0.14,-12.07,77.15,RIGHT,MEDIUM,NONE,NO,WET,CLEAR,STRAIGHT,MAINTAIN_SPEED
118.98,-1.57,-4.31,52.26,LEFT,MEDIUM,GREEN,NO,SLIPPERY,CLEAR,LEFT,BRAKE
102.74,1.9,12.84,150.66,LEFT,LOW,YELLOW,NO,DRY,CLEAR,STRAIGHT,BRAKE
52.7,0.84,-11.98,71.47,RIGHT,HIGH,YELLOW,NO,DRY,RAIN,RIGHT,TURN_RIGHT
94.52,-3.13,26.65,95.19,CENTER,HIGH,GREEN,YES,DRY,CLEAR,LEFT,TURN_LEFT
57.26,0.86,-8.29,96.18,CENTER,MEDIUM,GREEN,NO,DRY,CLEAR,STRAIGHT,MAINTAIN_SPEED
40.1,-0.29,-6.41,73.48,CENTER,MEDIUM,YELLOW,NO,DRY,FOG,STRAIGHT,MAINTAIN_SPEED
80.76,-0.06,0.16,48.29,LEFT,HIGH,NONE,NO,DRY,CLEAR,STRAIGHT,MAINTAIN_SPEED
143.91,1.85,-11.49,57.55,CENTER,HIGH,GREEN,NO,DRY,RAIN,STRAIGHT,CHANGE_LANE_LEFT
26.54,-0.02,9.65,98.31,LEFT,HIGH,NONE,NO,DRY,FOG,STRAIGHT,MAINTAIN_SPEED
64.52,0.37,23.82,69.01,CENTER,HIGH,RED,YES,DRY,CLEAR,LEFT,STOP
120.6,-0.58,-14.33,37.42,CENTER,MEDIUM,GREEN,NO,DRY,CLEAR,LEFT,ACCELERATE
81.48,-4.13,2.2,197.36,CENTER,MEDIUM,GREEN,NO,DRY,CLEAR,STRAIGHT,MAINTAIN_SPEED
48.57,0.7,-10.23,44.07,CENTER,MEDIUM,GREEN,NO,DRY,CLEAR,STRAIGHT,MAINTAIN_SPEED
64.69,3.0,-5.44,9.27,CENTER,MEDIUM,NONE,NO,SLIPPERY,CLEAR,RIGHT,BRAKE
79.86,-6.84,18.69,44.32,CENTER,HIGH,GREEN,NO,DRY,CLEAR,LEFT,TURN_LEFT
31.3,-1.62,-15.41,159.56,RIGHT,MEDIUM,NONE,NO,DRY,CLEAR,RIGHT,TURN_RIGHT
66.56,4.0,-2.69,75.37,CENTER,HIGH,NONE,NO,WET,CLEAR,STRAIGHT,CHANGE_LANE_LEFT
38.68,-0.64,-17.82,173.4,CENTER,LOW,RED,NO,DRY,RAIN,STRAIGHT,BRAKE
103.61,0.77,9.15,6.7,CENTER,MEDIUM,GREEN,NO,DRY,RAIN,STRAIGHT,BRAKE
15.36,0.34,0.64,39.45,LEFT,HIGH,GREEN,NO,WET,CLEAR,STRAIGHT,ACCELERATE
23.68,-1.48,-2.63,53.73,CENTER,LOW,GREEN,NO,WET,CLEAR,LEFT,MAINTAIN_SPEED
65.58,0.3,-8.25,25.24,CENTER,MEDIUM,GREEN,NO,SLIPPERY,CLEAR,LEFT,BRAKE
113.67,-2.9,-19.29,78.62,CENTER,LOW,GREEN,NO,DRY,CLEAR,STRAIGHT,MAINTAIN_SPEED
78.9,-0.96,-8.57,9.31,CENTER,MEDIUM,NONE,NO,WET,RAIN,STRAIGHT,MAINTAIN_SPEED
112.39,1.26,-8.52,34.32,CENTER,HIGH,RED,YES,SLIPPERY,FOG,STRAIGHT,TURN_RIGHT
59.74,0.6,-0.64,46.37,RIGHT,MEDIUM,RED,NO,DRY,RAIN,STRAIGHT,STOP
59.56,3.72,5.11,183.04,RIGHT,HIGH,GREEN,YES,SLIPPERY,CLEAR,STRAIGHT,BRAKE
85.06,2.74,-9.65,187.36,CENTER,HIGH,GREEN,NO,DRY,CLEAR,STRAIGHT,CHANGE_LANE_LEFT
62.61,-4.19,-8.84,177.25,LEFT,HIGH,YELLOW,NO,WET,RAIN,STRAIGHT,BRAKE
131.82,-1.94,-1.39,155.7,LEFT,MEDIUM,GREEN,NO,DRY,CLEAR,STRAIGHT,MAINTAIN_SPEED
91.64,4.93,-12.2,38.38,LEFT,MEDIUM,RED,YES,WET,RAIN,STRAIGHT,STOP
102.15,1.9,-1.42,165.58,RIGHT,LOW,YELLOW,NO,DRY,CLEAR,RIGHT,BRAKE
96.11,-3.91,0.35,153.81,RIGHT,HIGH,GREEN,NO,WET,CLEAR,STRAIGHT,MAINTAIN_SPEED
73.98,1.07,-18.5,22.16,LEFT,MEDIUM,GREEN,NO,WET,CLEAR,LEFT,TURN_LEFT
106.65,-0.71,-23.51,114.75,CENTER,LOW,YELLOW,NO,DRY,RAIN,LEFT,BRAKE
69.8,-0.57,-3.53,108.45,LEFT,HIGH,GREEN,YES,DRY,RAIN,STRAIGHT,MAINTAIN_SPEED
79.95,-4.19,16.47,79.35,CENTER,LOW,NONE,YES,DRY,CLEAR,STRAIGHT,MAINTAIN_SPEED
136.45,0.29,1.12,88.59,RIGHT,HIGH,NONE,YES,WET,CLEAR,STRAIGHT,MAINTAIN_SPEED
104.55,-0.76,11.82,67.81,CENTER,LOW,YELLOW,NO,DRY,CLEAR,STRAIGHT,BRAKE
42.33,-0.23,4.39,16.13,CENTER,LOW,YELLOW,NO,SLIPPERY,CLEAR,LEFT,BRAKE
117.68,1.36,-5.53,162.14,CENTER,HIGH,GREEN,NO,WET,CLEAR,STRAIGHT,CHANGE_LANE_LEFT
88.12,-4.96,-6.43,61.33,CENTER,LOW,GREEN,NO,DRY,CLEAR,STRAIGHT,MAINTAIN_SPEED
64.04,2.79,11.35,153.5,CENTER,HIGH,GREEN,NO,DRY,RAIN,RIGHT,TURN_RIGHT
85.98,-1.28,-14.3,184.49,RIGHT,HIGH,GREEN,NO,DRY,CLEAR,STRAIGHT,CHANGE_LANE_LEFT
66.29,-2.39,19.6,136.18,CENTER,MEDIUM,RED,YES,DRY,CLEAR,RIGHT,STOP
99.96,-4.92,11.96,165.64,CENTER,LOW,NONE,NO,SLIPPERY,RAIN,STRAIGHT,BRAKE
8.79,-2.73,5.45,168.35,CENTER,LOW,RED,NO,DRY,CLEAR,LEFT,BRAKE
17.33,-0.71,-1.03,148.95,CENTER,MEDIUM,RED,NO,WET,CLEAR,STRAIGHT,BRAKE
126.05,-0.02,-4.96,180.62,RIGHT,MEDIUM,GREEN,NO,SLIPPERY,CLEAR,RIGHT,BRAKE
3.18,1.67,9.76,8.69,CENTER,MEDIUM,GREEN,NO,DRY,FOG,STRAIGHT,MAINTAIN_SPEED
13.81,-2.75,-5.27,45.53,CENTER,LOW,RED,NO,DRY,FOG,LEFT,BRAKE
69.06,-5.6,-6.52,109.89,CENTER,LOW,NONE,NO,DRY,RAIN,RIGHT,MAINTAIN_SPEED
100.05,1.12,-2.88,38.88,CENTER,HIGH,NONE,NO,DRY,FOG,STRAIGHT,BRAKE
30.09,0.58,-12.86,147.49,CENTER,MEDIUM,GREEN,NO,DRY,CLEAR,STRAIGHT,MAINTAIN_SPEED
139.58,-1.55,-1.06,181.57,LEFT,LOW,YELLOW,NO,DRY,CLEAR,STRAIGHT,BRAKE
86.63,-2.31,-1.01,58.94,RIGHT,HIGH,GREEN,NO,WET,CLEAR,STRAIGHT,MAINTAIN_SPEED
9.33,0.95,-17.8,170.85,CENTER,HIGH,NONE,NO,SLIPPERY,RAIN,STRAIGHT,CHANGE_LANE_LEFT
147.58,1.53,-1.0,45.6,CENTER,MEDIUM,RED,NO,DRY,CLEAR,LEFT,STOP
0.34,-1.61,-0.34,42.99,CENTER,LOW,GREEN,NO,WET,CLEAR,RIGHT,ACCELERATE
8.32,2.1,5.47,182.38,CENTER,MEDIUM,GREEN,NO,DRY,CLEAR,RIGHT,ACCELERATE
29.19,-0.42,5.62,131.26,CENTER,MEDIUM,RED,NO,DRY,CLEAR,STRAIGHT,BRAKE
124.84,-4.7,18.17,179.45,CENTER,HIGH,NONE,NO,DRY,CLEAR,STRAIGHT,CHANGE_LANE_RIGHT
45.11,0.48,13.86,81.03,CENTER,LOW,GREEN,NO,DRY,FOG,STRAIGHT,MAINTAIN_SPEED
61.29,-2.6,8.2,157.14,LEFT,MEDIUM,GREEN,NO,DRY,CLEAR,STRAIGHT,MAINTAIN_SPEED
72.54,-4.96,-4.79,145.24,LEFT,LOW,NONE,NO,SLIPPERY,CLEAR,RIGHT,BRAKE
23.36,0.59,5.07,45.81,CENTER,LOW,GREEN,NO,WET,CLEAR,STRAIGHT,MAINTAIN_SPEED
75.5,0.22,6.75,187.16,LEFT,LOW,RED,NO,DRY,RAIN,STRAIGHT,STOP
109.62,3.27,10.94,20.68,CENTER,HIGH,YELLOW,NO,DRY,CLEAR,STRAIGHT,BRAKE
113.04,2.22,-7.6,149.02,CENTER,LOW,RED,NO,WET,CLEAR,STRAIGHT,STOP
57.47,2.96,2.93,61.02,CENTER,HIGH,GREEN,NO,DRY,FOG,STRAIGHT,CHANGE_LANE_RIGHT
111.51,0.41,-10.8,148.01,CENTER,HIGH,GREEN,NO,DRY,CLEAR,RIGHT,TURN_RIGHT
5.26,2.14,-2.69,189.7,CENTER,MEDIUM,NONE,NO,DRY,CLEAR,STRAIGHT,ACCELERATE
88.65,-3.84,8.33,66.87,CENTER,LOW,GREEN,NO,SLIPPERY,CLEAR,STRAIGHT,BRAKE
86.1,3.65,-17.83,149.3,CENTER,LOW,GREEN,NO,DRY,CLEAR,STRAIGHT,MAINTAIN_SPEED
53.43,-1.84,9.22,152.49,CENTER,MEDIUM,NONE,NO,DRY,CLEAR,RIGHT,TURN_RIGHT
91.86,2.92,16.94,179.99,LEFT,MEDIUM,GREEN,NO,DRY,CLEAR,LEFT,TURN_LEFT
122.88,-3.31,-7.63,120.56,CENTER,MEDIUM,GREEN,NO,DRY,CLEAR,STRAIGHT,MAINTAIN_SPEED
84.44,-3.46,-17.05,91.82,CENTER,HIGH,GREEN,NO,DRY,CLEAR,STRAIGHT,CHANGE_LANE_LEFT
142.41,-0.17,19.6,5.41,CENTER,HIGH,GREEN,NO,DRY,CLEAR,STRAIGHT,CHANGE_LANE_RIGHT
22.16,2.06,-25.55,29.23,CENTER,LOW,GREEN,NO,DRY,CLEAR,LEFT,TURN_LEFT
108.13,0.24,-6.75,110.85,RIGHT,MEDIUM,NONE,NO,DRY,RAIN,STRAIGHT,MAINTAIN_SPEED
51.83,0.69,3.85,173.79,RIGHT,MEDIUM,YELLOW,NO,DRY,FOG,STRAIGHT,MAINTAIN_SPEED
7.42,1.92,15.68,195.11,CENTER,MEDIUM,RED,NO,DRY,CLEAR,LEFT,BRAKE
117.54,-1.44,-5.49,121.78,LEFT,MEDIUM,NONE,YES,SLIPPERY,CLEAR,STRAIGHT,BRAKE
75.09,3.4,-27.7,117.05,RIGHT,LOW,GREEN,NO,DRY,CLEAR,LEFT,TURN_LEFT
83.83,6.69,-9.54,152.71,RIGHT,LOW,YELLOW,NO,DRY,CLEAR,STRAIGHT,BRAKE
76.91,-2.89,-0.35,56.74,RIGHT,MEDIUM,YELLOW,NO,DRY,CLEAR,RIGHT,BRAKE
79.31,4.11,0.31,179.07,LEFT,HIGH,GREEN,NO,DRY,CLEAR,STRAIGHT,MAINTAIN_SPEED
123.81,0.41,0.44,66.73,CENTER,MEDIUM,GREEN,NO,DRY,CLEAR,STRAIGHT,MAINTAIN_SPEED
25.43,-2.3,-10.77,65.87,CENTER,HIGH,YELLOW,YES,DRY,CLEAR,STRAIGHT,CHANGE_LANE_LEFT
5.64,-0.74,-0.24,155.75,CENTER,HIGH,GREEN,YES,DRY,CLEAR,RIGHT,CHANGE_LANE_LEFT
59.37,-1.24,6.54,86.42,CENTER,LOW,RED,YES,WET,FOG,RIGHT,STOP
26.75,-0.33,32.67,183.16,CENTER,HIGH,NONE,NO,DRY,RAIN,STRAIGHT,CHANGE_LANE_RIGHT
48.78,-0.51,-10.81,38.28,CENTER,LOW,GREEN,NO,DRY,RAIN,STRAIGHT,MAINTAIN_SPEED
3.59,-0.7,-2.8,158.44,CENTER,MEDIUM,GREEN,NO,DRY,CLEAR,LEFT,ACCELERATE
137.48,0.01,-8.36,99.82,CENTER,LOW,GREEN,NO,DRY,CLEAR,STRAIGHT,CHANGE_LANE_LEFT
42.81,-1.06,-0.54,48.02,CENTER,LOW,NONE,NO,DRY,RAIN,RIGHT,MAINTAIN_SPEED
51.73,-2.77,-13.51,77.45,CENTER,LOW,RED,YES,DRY,FOG,RIGHT,BRAKE
2.24,4.2,0.44,160.75,RIGHT,MEDIUM,YELLOW,NO,DRY,CLEAR,LEFT,MAINTAIN_SPEED
35.23,4.46,10.06,9.78,CENTER,LOW,GREEN,NO,SLIPPERY,CLEAR,RIGHT,TURN_RIGHT
53.16,2.37,-23.31,46.3,CENTER,HIGH,GREEN,NO,DRY,CLEAR,STRAIGHT,CHANGE_LANE_LEFT
5.96,1.12,-0.68,136.88,LEFT,MEDIUM,GREEN,NO,DRY,CLEAR,STRAIGHT,ACCELERATE
20.0,-0.72,0.82,80.25,CENTER,MEDIUM,GREEN,NO,SLIPPERY,FOG,STRAIGHT,MAINTAIN_SPEED
133.48,-3.65,-8.23,157.32,CENTER,MEDIUM,GREEN,NO,SLIPPERY,CLEAR,STRAIGHT,BRAKE
53.58,2.95,-8.07,140.5,CENTER,LOW,RED,NO,DRY,CLEAR,STRAIGHT,BRAKE
15.25,-0.44,-9.14,18.47,CENTER,LOW,NONE,NO,DRY,CLEAR,STRAIGHT,MAINTAIN_SPEED
94.22,4.74,-12.04,161.99,RIGHT,HIGH,GREEN,NO,DRY,CLEAR,LEFT,TURN_LEFT
47.01,-8.72,-16.48,92.4,CENTER,MEDIUM,GREEN,NO,DRY,CLEAR,STRAIGHT,MAINTAIN_SPEED
128.57,-2.87,2.83,192.8,LEFT,LOW,GREEN,NO,SLIPPERY,RAIN,RIGHT,BRAKE
139.03,2.29,-4.53,116.85,RIGHT,LOW,GREEN,NO,DRY,CLEAR,STRAIGHT,MAINTAIN_SPEED
80.4,2.41,3.58,7.28,RIGHT,HIGH,RED,NO,DRY,RAIN,STRAIGHT,STOP
58.23,-0.01,1.05,109.75,CENTER,HIGH,GREEN,NO,DRY,CLEAR,STRAIGHT,CHANGE_LANE_RIGHT
100.98,3.41,3.26,109.79,CENTER,LOW,GREEN,NO,DRY,CLEAR,STRAIGHT,MAINTAIN_SPEED
136.84,-1.32,-4.04,124.8,RIGHT,LOW,GREEN,YES,DRY,FOG,LEFT,MAINTAIN_SPEED
24.7,1.54,-4.78,80.1,CENTER,MEDIUM,GREEN,YES,WET,FOG,RIGHT,MAINTAIN_SPEED
14.79,-0.21,3.71,171.71,CENTER,MEDIUM,YELLOW,NO,DRY,RAIN,RIGHT,MAINTAIN_SPEED
116.31,5.64,-26.85,81.68,RIGHT,MEDIUM,YELLOW,NO,DRY,CLEAR,STRAIGHT,TURN_RIGHT
96.2,-2.47,20.79,161.39,CENTER,LOW,NONE,NO,DRY,CLEAR,STRAIGHT,MAINTAIN_SPEED
131.82,1.3,-0.6,128.33,CENTER,LOW,GREEN,NO,WET,CLEAR,STRAIGHT,MAINTAIN_SPEED
79.18,2.11,11.93,133.39,CENTER,LOW,GREEN,NO,DRY,CLEAR,RIGHT,TURN_RIGHT
146.19,-0.85,-6.32,27.24,CENTER,LOW,NONE,NO,DRY,CLEAR,STRAIGHT,BRAKE
107.23,2.86,-6.44,98.55,CENTER,MEDIUM,GREEN,NO,DRY,CLEAR,STRAIGHT,MAINTAIN_SPEED
65.31,-0.01,5.66,11.28,CENTER,HIGH,NONE,NO,DRY,CLEAR,RIGHT,MAINTAIN_SPEED
147.93,-0.52,6.02,10.67,LEFT,MEDIUM,NONE,NO,DRY,CLEAR,STRAIGHT,BRAKE
21.2,-0.5,20.8,74.86,RIGHT,MEDIUM,RED,YES,DRY,CLEAR,STRAIGHT,BRAKE
7.99,-3.57,33.24,121.09,LEFT,MEDIUM,NONE,YES,DRY,CLEAR,STRAIGHT,ACCELERATE
146.0,0.88,25.33,186.6,LEFT,HIGH,NONE,NO,SLIPPERY,RAIN,STRAIGHT,BRAKE
101.37,1.14,-1.72,11.32,LEFT,LOW,GREEN,YES,DRY,FOG,STRAIGHT,BRAKE
28.49,5.53,9.07,197.99,CENTER,HIGH,RED,NO,WET,CLEAR,STRAIGHT,BRAKE
113.8,-1.55,-9.1,37.9,CENTER,MEDIUM,RED,NO,DRY,RAIN,STRAIGHT,STOP
92.14,-0.93,9.15,63.2,CENTER,LOW,GREEN,NO,DRY,CLEAR,STRAIGHT,MAINTAIN_SPEED
55.05,0.35,6.52,40.49,RIGHT,MEDIUM,GREEN,NO,DRY,CLEAR,STRAIGHT,MAINTAIN_SPEED
136.59,-3.73,9.99,143.63,LEFT,HIGH,GREEN,NO,DRY,CLEAR,STRAIGHT,MAINTAIN_SPEED
126.87,-2.23,-9.77,38.58,CENTER,LOW,GREEN,NO,DRY,RAIN,STRAIGHT,MAINTAIN_SPEED
101.6,1.65,-9.24,58.66,CENTER,MEDIUM,GREEN,YES,DRY,CLEAR,STRAIGHT,MAINTAIN_SPEED
69.49,-0.08,14.55,141.57,RIGHT,HIGH,GREEN,NO,WET,CLEAR,RIGHT,TURN_RIGHT
89.3,-1.09,-12.75,69.62,CENTER,MEDIUM,NONE,NO,DRY,RAIN,STRAIGHT,MAINTAIN_SPEED
136.21,-1.61,5.52,44.02,RIGHT,MEDIUM,GREEN,YES,DRY,CLEAR,LEFT,MAINTAIN_SPEED
32.64,2.85,-12.0,131.19,CENTER,HIGH,GREEN,NO,DRY,CLEAR,RIGHT,TURN_RIGHT
53.79,3.54,6.77,59.33,CENTER,LOW,GREEN,NO,SLIPPERY,CLEAR,STRAIGHT,BRAKE
34.25,-2.18,-1.24,65.0,LEFT,LOW,GREEN,NO,DRY,CLEAR,STRAIGHT,MAINTAIN_SPEED
130.11,-2.94,2.88,121.58,LEFT,MEDIUM,NONE,NO,DRY,RAIN,STRAIGHT,TURN_RIGHT
127.52,-2.9,8.23,154.87,LEFT,MEDIUM,NONE,NO,DRY,CLEAR,LEFT,TURN_LEFT
28.82,1.88,0.26,104.34,CENTER,MEDIUM,GREEN,NO,DRY,RAIN,RIGHT,MAINTAIN_SPEED
29.89,-0.3,3.56,109.74,LEFT,LOW,GREEN,NO,SLIPPERY,CLEAR,STRAIGHT,MAINTAIN_SPEED
10.64,0.39,27.0,6.41,LEFT,LOW,YELLOW,NO,DRY,RAIN,RIGHT,BRAKE
31.78,3.69,-24.03,87.46,LEFT,LOW,GREEN,NO,DRY,CLEAR,STRAIGHT,MAINTAIN_SPEED
106.65,1.05,20.28,77.02,CENTER,LOW,GREEN,NO,DRY,CLEAR,STRAIGHT,MAINTAIN_SPEED
27.06,2.7,-25.78,10.99,CENTER,LOW,YELLOW,NO,DRY,CLEAR,STRAIGHT,BRAKE
33.15,-0.73,14.75,134.85,CENTER,MEDIUM,GREEN,NO,DRY,CLEAR,LEFT,TURN_LEFT
60.07,0.92,-7.81,98.46,CENTER,HIGH,NONE,NO,DRY,CLEAR,STRAIGHT,CHANGE_LANE_LEFT
149.88,4.57,11.66,69.75,CENTER,LOW,NONE,NO,WET,CLEAR,LEFT,TURN_LEFT
88.81,3.57,4.4,27.51,CENTER,MEDIUM,GREEN,NO,DRY,RAIN,RIGHT,MAINTAIN_SPEED
30.11,-1.38,7.63,186.16,CENTER,HIGH,NONE,NO,DRY,CLEAR,STRAIGHT,CHANGE_LANE_RIGHT
26.07,-0.81,-22.24,148.4,CENTER,MEDIUM,GREEN,NO,SLIPPERY,CLEAR,STRAIGHT,MAINTAIN_SPEED
47.1,-2.13,-18.19,38.77,RIGHT,HIGH,YELLOW,NO,DRY,CLEAR,STRAIGHT,CHANGE_LANE_LEFT
61.6,-1.75,15.88,162.39,LEFT,MEDIUM,RED,YES,DRY,CLEAR,LEFT,STOP
96.68,-1.07,-30.46,105.61,LEFT,LOW,RED,NO,DRY,CLEAR,STRAIGHT,STOP
28.49,3.98,-26.89,171.07,CENTER,LOW,YELLOW,NO,DRY,CLEAR,STRAIGHT,MAINTAIN_SPEED
109.38,-0.59,13.14,119.21,CENTER,MEDIUM,YELLOW,NO,DRY,CLEAR,STRAIGHT,BRAKE
84.27,1.57,-0.37,104.91,CENTER,LOW,YELLOW,NO,DRY,CLEAR,STRAIGHT,BRAKE
86.71,-1.17,-2.24,101.73,RIGHT,MEDIUM,GREEN,NO,DRY,CLEAR,STRAIGHT,MAINTAIN_SPEED
146.83,-3.59,16.38,59.47,RIGHT,MEDIUM,NONE,NO,WET,CLEAR,STRAIGHT,MAINTAIN_SPEED
76.21,1.47,-12.19,164.5,CENTER,LOW,GREEN,YES,DRY,CLEAR,STRAIGHT,MAINTAIN_SPEED
101.08,1.28,-13.12,76.9,CENTER,MEDIUM,GREEN,NO,DRY,CLEAR,STRAIGHT,MAINTAIN_SPEED
52.3,1.99,1.47,90.48,CENTER,LOW,NONE,NO,WET,CLEAR,STRAIGHT,MAINTAIN_SPEED
46.0,2.46,-13.0,167.57,CENTER,LOW,YELLOW,NO,DRY,CLEAR,STRAIGHT,MAINTAIN_SPEED
53.55,-4.2,-5.6,51.48,CENTER,LOW,NONE,NO,WET,RAIN,STRAIGHT,MAINTAIN_SPEED
148.75,1.29,12.81,135.16,LEFT,HIGH,YELLOW,NO,WET,FOG,RIGHT,BRAKE
105.81,-5.09,2.02,194.6,CENTER,HIGH,GREEN,NO,DRY,FOG,STRAIGHT,CHANGE_LANE_RIGHT
23.2,2.7,-3.99,29.06,CENTER,HIGH,GREEN,NO,DRY,CLEAR,LEFT,MAINTAIN_SPEED
106.41,-0.12,19.06,170.76,CENTER,LOW,GREEN,NO,DRY,CLEAR,STRAIGHT,MAINTAIN_SPEED
7.41,-0.64,1.24,5.45,CENTER,LOW,YELLOW,NO,DRY,FOG,STRAIGHT,BRAKE
5.7,-0.7,4.63,15.82,RIGHT,MEDIUM,GREEN,NO,DRY,FOG,LEFT,MAINTAIN_SPEED
69.27,0.05,5.63,105.67,RIGHT,HIGH,RED,YES,WET,CLEAR,STRAIGHT,STOP
69.96,3.23,-16.69,121.98,CENTER,LOW,NONE,NO,DRY,CLEAR,RIGHT,TURN_RIGHT
149.96,0.49,14.82,43.59,CENTER,HIGH,GREEN,NO,WET,CLEAR,STRAIGHT,CHANGE_LANE_RIGHT
91.7,0.59,10.6,112.12,RIGHT,MEDIUM,GREEN,NO,WET,FOG,STRAIGHT,MAINTAIN_SPEED
5.97,-0.79,-19.74,86.32,LEFT,MEDIUM,NONE,NO,DRY,CLEAR,LEFT,TURN_LEFT
42.35,0.73,22.58,72.93,LEFT,MEDIUM,GREEN,NO,DRY,RAIN,STRAIGHT,MAINTAIN_SPEED
74.18,1.38,1.87,163.07,CENTER,HIGH,GREEN,NO,DRY,CLEAR,STRAIGHT,CHANGE_LANE_RIGHT
71.09,-1.92,-3.7,99.38,CENTER,HIGH,NONE,NO,DRY,CLEAR,RIGHT,CHANGE_LANE_LEFT
108.08,2.1,18.33,133.18,LEFT,MEDIUM,GREEN,NO,DRY,CLEAR,RIGHT,TURN_RIGHT
61.32,1.03,-1.89,194.9,CENTER,LOW,GREEN,YES,DRY,RAIN,LEFT,MAINTAIN_SPEED
17.42,-2.88,2.25,78.21,LEFT,MEDIUM,GREEN,NO,DRY,CLEAR,LEFT,ACCELERATE
76.51,3.0,-6.43,184.71,CENTER,MEDIUM,NONE,NO,WET,CLEAR,RIGHT,MAINTAIN_SPEED
142.8,-1.49,12.9,33.39,CENTER,MEDIUM,GREEN,NO,DRY,RAIN,STRAIGHT,BRAKE
128.79,-2.82,3.05,30.69,CENTER,HIGH,RED,YES,WET,CLEAR,STRAIGHT,STOP
42.3,-2.31,-2.31,123.98,RIGHT,MEDIUM,YELLOW,NO,WET,CLEAR,LEFT,MAINTAIN_SPEED
10.13,0.57,-28.2,18.51,CENTER,MEDIUM,GREEN,NO,DRY,RAIN,LEFT,TURN_LEFT
2.98,-0.21,10.95,50.48,CENTER,HIGH,NONE,NO,DRY,CLEAR,STRAIGHT,CHANGE_LANE_RIGHT
122.5,-2.05,-7.23,168.37,LEFT,LOW,NONE,NO,WET,FOG,RIGHT,MAINTAIN_SPEED
97.22,0.37,3.94,29.93,CENTER,HIGH,GREEN,NO,DRY,CLEAR,STRAIGHT,BRAKE
7.75,2.52,-0.05,3.36,CENTER,MEDIUM,GREEN,NO,WET,RAIN,LEFT,MAINTAIN_SPEED
85.47,2.12,-9.42,195.07,RIGHT,MEDIUM,GREEN,NO,DRY,CLEAR,STRAIGHT,MAINTAIN_SPEED
90.74,0.83,-14.74,171.07,CENTER,HIGH,GREEN,NO,DRY,CLEAR,STRAIGHT,CHANGE_LANE_LEFT
100.56,2.05,-5.33,86.17,CENTER,MEDIUM,NONE,NO,DRY,CLEAR,LEFT,MAINTAIN_SPEED
71.56,-3.62,-0.45,182.62,CENTER,LOW,GREEN,NO,SLIPPERY,CLEAR,STRAIGHT,BRAKE
33.17,-2.63,17.69,109.74,RIGHT,HIGH,GREEN,YES,WET,CLEAR,STRAIGHT,MAINTAIN_SPEED
34.64,1.54,-6.7,4.59,LEFT,LOW,GREEN,NO,DRY,RAIN,LEFT,MAINTAIN_SPEED
51.0,5.22,0.22,189.29,CENTER,HIGH,NONE,NO,DRY,CLEAR,STRAIGHT,CHANGE_LANE_RIGHT
12.89,-0.83,6.11,37.67,CENTER,LOW,RED,YES,DRY,CLEAR,STRAIGHT,BRAKE
62.8,0.41,22.84,182.06,CENTER,LOW,GREEN,NO,DRY,CLEAR,LEFT,TURN_LEFT
51.65,-5.42,-8.09,178.29,RIGHT,MEDIUM,GREEN,YES,DRY,RAIN,STRAIGHT,MAINTAIN_SPEED
138.84,1.08,9.84,187.14,CENTER,HIGH,GREEN,NO,DRY,CLEAR,STRAIGHT,CHANGE_LANE_RIGHT
75.8,-0.72,16.66,137.33,CENTER,LOW,NONE,NO,DRY,CLEAR,STRAIGHT,MAINTAIN_SPEED
133.17,-0.69,-1.29,110.24,LEFT,MEDIUM,GREEN,NO,DRY,CLEAR,STRAIGHT,MAINTAIN_SPEED
47.56,9.06,9.98,157.48,LEFT,MEDIUM,GREEN,NO,SLIPPERY,CLEAR,STRAIGHT,MAINTAIN_SPEED
76.41,-3.83,12.67,159.26,CENTER,LOW,GREEN,NO,SLIPPERY,RAIN,LEFT,BRAKE
98.91,-0.46,9.68,188.96,LEFT,MEDIUM,GREEN,YES,WET,RAIN,STRAIGHT,MAINTAIN_SPEED
21.4,3.33,-2.69,9.38,CENTER,MEDIUM,GREEN,NO,WET,CLEAR,RIGHT,MAINTAIN_SPEED
147.21,0.07,-1.82,73.99,RIGHT,LOW,RED,NO,SLIPPERY,FOG,STRAIGHT,STOP
80.74,3.35,-4.82,31.08,CENTER,LOW,YELLOW,NO,DRY,RAIN,LEFT,BRAKE
116.57,0.71,-20.46,78.31,CENTER,MEDIUM,NONE,NO,SLIPPERY,CLEAR,STRAIGHT,BRAKE
110.31,0.28,1.03,163.39,RIGHT,HIGH,GREEN,NO,DRY,CLEAR,STRAIGHT,MAINTAIN_SPEED
16.53,-2.61,-24.68,154.94,CENTER,HIGH,GREEN,NO,DRY,CLEAR,STRAIGHT,CHANGE_LANE_LEFT
118.91,2.05,-2.13,36.25,CENTER,MEDIUM,GREEN,NO,DRY,CLEAR,STRAIGHT,MAINTAIN_SPEED
25.63,0.45,7.54,63.44,CENTER,HIGH,GREEN,NO,DRY,CLEAR,STRAIGHT,CHANGE_LANE_RIGHT
64.04,-1.31,-4.73,178.81,LEFT,LOW,GREEN,NO,DRY,CLEAR,LEFT,MAINTAIN_SPEED
59.99,4.62,0.86,172.35,CENTER,LOW,GREEN,NO,SLIPPERY,CLEAR,STRAIGHT,BRAKE
62.48,-1.05,-27.91,97.56,LEFT,LOW,GREEN,NO,SLIPPERY,RAIN,STRAIGHT,BRAKE
10.43,-1.1,7.1,106.9,CENTER,MEDIUM,NONE,NO,DRY,FOG,STRAIGHT,ACCELERATE
34.95,-2.31,-11.99,63.31,CENTER,LOW,RED,NO,DRY,CLEAR,STRAIGHT,BRAKE
145.92,-0.51,3.93,153.48,CENTER,LOW,YELLOW,NO,DRY,RAIN,STRAIGHT,BRAKE
55.63,1.23,-0.57,24.58,CENTER,HIGH,NONE,NO,DRY,RAIN,STRAIGHT,MAINTAIN_SPEED
146.05,0.08,5.51,11.18,CENTER,MEDIUM,GREEN,YES,DRY,CLEAR,STRAIGHT,BRAKE
39.59,-2.92,-0.33,186.11,CENTER,HIGH,NONE,YES,DRY,CLEAR,STRAIGHT,CHANGE_LANE_LEFT
46.29,2.6,7.23,131.59,CENTER,MEDIUM,GREEN,NO,DRY,CLEAR,STRAIGHT,MAINTAIN_SPEED
131.3,0.1,-10.84,74.85,RIGHT,MEDIUM,GREEN,NO,DRY,CLEAR,STRAIGHT,MAINTAIN_SPEED
2.34,-0.06,-5.36,7.28,CENTER,MEDIUM,GREEN,NO,WET,CLEAR,STRAIGHT,MAINTAIN_SPEED
6.56,2.42,3.06,98.05,CENTER,MEDIUM,GREEN,YES,DRY,CLEAR,RIGHT,ACCELERATE
74.92,-6.01,-1.88,78.32,LEFT,HIGH,RED,YES,DRY,CLEAR,STRAIGHT,STOP
61.72,1.16,-15.22,12.92,CENTER,MEDIUM,GREEN,YES,DRY,CLEAR,RIGHT,BRAKE
78.24,-0.52,1.38,132.13,CENTER,MEDIUM,GREEN,NO,WET,CLEAR,STRAIGHT,MAINTAIN_SPEED
19.29,1.66,-4.82,87.26,CENTER,MEDIUM,GREEN,YES,DRY,CLEAR,STRAIGHT,MAINTAIN_SPEED
25.51,2.01,-6.74,122.95,RIGHT,MEDIUM,RED,NO,WET,RAIN,STRAIGHT,BRAKE
96.46,-0.37,-9.55,43.92,LEFT,MEDIUM,NONE,NO,DRY,RAIN,STRAIGHT,MAINTAIN_SPEED
106.94,3.22,1.83,140.87,RIGHT,MEDIUM,GREEN,NO,SLIPPERY,RAIN,STRAIGHT,BRAKE
143.66,-0.08,4.08,108.76,CENTER,MEDIUM,GREEN,NO,WET,CLEAR,RIGHT,CHANGE_LANE_LEFT
23.6,-0.24,-12.13,157.24,CENTER,LOW,NONE,NO,DRY,CLEAR,LEFT,TURN_LEFT
120.46,-1.61,0.49,181.55,CENTER,MEDIUM,NONE,NO,DRY,CLEAR,RIGHT,MAINTAIN_SPEED
17.81,-3.6,-11.71,148.32,CENTER,LOW,GREEN,NO,DRY,CLEAR,STRAIGHT,ACCELERATE
37.22,-0.32,-9.29,73.92,CENTER,LOW,GREEN,NO,WET,RAIN,LEFT,TURN_LEFT
40.1,-3.15,9.69,21.7,LEFT,LOW,YELLOW,NO,DRY,CLEAR,STRAIGHT,MAINTAIN_SPEED
146.01,-7.66,18.56,187.96,CENTER,MEDIUM,GREEN,YES,WET,FOG,LEFT,TURN_LEFT
20.92,-0.78,16.1,18.81,CENTER,MEDIUM,RED,YES,DRY,CLEAR,STRAIGHT,BRAKE
75.27,2.79,7.09,137.49,CENTER,HIGH,RED,NO,WET,CLEAR,STRAIGHT,STOP
130.27,-3.15,-9.36,62.27,CENTER,LOW,YELLOW,NO,WET,FOG,STRAIGHT,BRAKE
100.11,-1.91,-17.81,35.23,CENTER,LOW,RED,NO,DRY,RAIN,STRAIGHT,STOP
28.91,-0.06,-0.05,64.47,CENTER,HIGH,NONE,NO,DRY,CLEAR,STRAIGHT,CHANGE_LANE_LEFT
141.12,3.66,-9.39,156.7,LEFT,MEDIUM,YELLOW,NO,DRY,CLEAR,RIGHT,BRAKE
73.99,-1.91,9.72,80.6,CENTER,LOW,GREEN,NO,WET,CLEAR,STRAIGHT,MAINTAIN_SPEED
139.97,1.49,6.42,181.32,CENTER,HIGH,GREEN,NO,WET,CLEAR,STRAIGHT,CHANGE_LANE_RIGHT
30.59,1.88,8.36,91.1,RIGHT,LOW,GREEN,NO,DRY,CLEAR,STRAIGHT,MAINTAIN_SPEED
133.85,0.31,-19.81,188.58,LEFT,HIGH,GREEN,NO,SLIPPERY,CLEAR,RIGHT,BRAKE
53.13,-3.53,23.09,35.48,CENTER,LOW,GREEN,YES,DRY,CLEAR,LEFT,TURN_LEFT
15.47,0.6,26.43,97.47,CENTER,LOW,GREEN,NO,DRY,RAIN,STRAIGHT,ACCELERATE
96.52,-1.32,8.22,50.97,CENTER,HIGH,GREEN,NO,WET,CLEAR,LEFT,TURN_LEFT
130.65,0.48,1.57,193.16,CENTER,HIGH,YELLOW,NO,WET,CLEAR,RIGHT,BRAKE
48.63,-2.22,-7.75,190.91,RIGHT,MEDIUM,GREEN,NO,DRY,RAIN,STRAIGHT,MAINTAIN_SPEED
51.53,-2.19,-4.98,95.44,CENTER,MEDIUM,GREEN,YES,DRY,CLEAR,RIGHT,MAINTAIN_SPEED
139.26,-1.86,21.81,181.44,CENTER,LOW,GREEN,YES,DRY,CLEAR,STRAIGHT,MAINTAIN_SPEED
60.5,0.05,0.81,80.92,LEFT,HIGH,RED,NO,SLIPPERY,CLEAR,STRAIGHT,STOP
4.95,2.22,13.04,198.22,RIGHT,MEDIUM,GREEN,NO,SLIPPERY,CLEAR,STRAIGHT,ACCELERATE
135.33,-1.44,-1.11,175.89,CENTER,HIGH,YELLOW,NO,SLIPPERY,FOG,STRAIGHT,BRAKE
104.06,2.76,18.23,196.34,CENTER,HIGH,GREEN,NO,DRY,CLEAR,RIGHT,TURN_RIGHT
83.72,-2.66,30.41,82.56,RIGHT,LOW,YELLOW,NO,DRY,CLEAR,LEFT,BRAKE
119.32,-4.11,-13.91,135.31,CENTER,MEDIUM,GREEN,NO,DRY,CLEAR,STRAIGHT,MAINTAIN_SPEED
121.85,2.92,2.8,90.47,CENTER,LOW,GREEN,YES,DRY,CLEAR,STRAIGHT,MAINTAIN_SPEED
23.26,-2.51,7.31,180.84,LEFT,MEDIUM,GREEN,NO,DRY,CLEAR,STRAIGHT,MAINTAIN_SPEED
4.8,5.87,-23.88,84.28,CENTER,HIGH,GREEN,NO,DRY,CLEAR,LEFT,TURN_LEFT
99.02,4.38,5.84,152.92,RIGHT,LOW,GREEN,YES,DRY,CLEAR,STRAIGHT,MAINTAIN_SPEED
60.39,-2.24,-16.65,102.35,LEFT,HIGH,NONE,NO,SLIPPERY,FOG,STRAIGHT,BRAKE
117.34,-3.15,23.22,156.5,CENTER,MEDIUM,YELLOW,NO,WET,CLEAR,STRAIGHT,BRAKE
35.4,-4.91,19.47,154.28,RIGHT,MEDIUM,GREEN,NO,DRY,RAIN,RIGHT,TURN_RIGHT
77.25,-3.53,6.34,130.68,LEFT,MEDIUM,GREEN,YES,DRY,CLEAR,RIGHT,MAINTAIN_SPEED
87.56,-1.14,12.99,55.42,CENTER,MEDIUM,YELLOW,NO,DRY,RAIN,LEFT,BRAKE
16.35,0.19,-11.46,74.45,LEFT,MEDIUM,GREEN,NO,DRY,CLEAR,STRAIGHT,ACCELERATE
149.42,1.15,-3.45,114.76,CENTER,MEDIUM,NONE,NO,DRY,CLEAR,STRAIGHT,MAINTAIN_SPEED
120.69,-4.88,0.79,146.4,LEFT,MEDIUM,GREEN,NO,WET,CLEAR,LEFT,MAINTAIN_SPEED
113.54,2.36,-16.48,28.99,CENTER,MEDIUM,GREEN,NO,WET,CLEAR,STRAIGHT,BRAKE
65.4,1.71,13.39,24.92,CENTER,LOW,NONE,NO,DRY,RAIN,RIGHT,TURN_RIGHT
6.19,1.19,-1.5,35.32,CENTER,MEDIUM,NONE,NO,DRY,CLEAR,STRAIGHT,ACCELERATE
24.35,-3.77,-19.4,42.69,LEFT,MEDIUM,NONE,NO,DRY,RAIN,STRAIGHT,ACCELERATE
8.59,-3.28,-8.6,161.73,CENTER,HIGH,GREEN,NO,DRY,CLEAR,STRAIGHT,CHANGE_LANE_LEFT
10.06,-2.05,-16.41,22.55,LEFT,MEDIUM,GREEN,NO,DRY,RAIN,STRAIGHT,MAINTAIN_SPEED
148.59,0.98,4.09,173.6,RIGHT,HIGH,GREEN,NO,WET,RAIN,STRAIGHT,MAINTAIN_SPEED
93.57,1.76,-18.72,132.23,CENTER,MEDIUM,NONE,YES,SLIPPERY,CLEAR,RIGHT,BRAKE
8.14,-3.95,-7.89,147.51,CENTER,MEDIUM,NONE,NO,DRY,RAIN,STRAIGHT,ACCELERATE
92.11,1.42,24.99,10.06,CENTER,LOW,RED,NO,WET,CLEAR,STRAIGHT,STOP
19.17,0.26,-5.02,17.78,RIGHT,HIGH,GREEN,NO,DRY,CLEAR,STRAIGHT,MAINTAIN_SPEED
53.78,2.25,24.81,61.77,LEFT,HIGH,RED,NO,DRY,CLEAR,RIGHT,BRAKE
111.57,1.57,-1.18,153.89,RIGHT,LOW,GREEN,YES,DRY,RAIN,LEFT,MAINTAIN_SPEED
47.56,0.13,-18.16,54.92,LEFT,MEDIUM,GREEN,NO,DRY,CLEAR,LEFT,TURN_LEFT
25.7,-1.58,4.51,72.92,LEFT,HIGH,NONE,YES,DRY,CLEAR,STRAIGHT,MAINTAIN_SPEED
68.24,-3.48,1.16,142.71,CENTER,LOW,GREEN,NO,DRY,CLEAR,STRAIGHT,MAINTAIN_SPEED
88.92,4.79,11.14,168.84,CENTER,MEDIUM,NONE,NO,DRY,RAIN,STRAIGHT,MAINTAIN_SPEED
105.29,-0.6,-9.01,11.08,RIGHT,MEDIUM,GREEN,NO,DRY,CLEAR,STRAIGHT,BRAKE
110.88,2.72,-2.12,19.25,RIGHT,HIGH,GREEN,NO,WET,CLEAR,RIGHT,BRAKE
26.37,1.88,8.85,154.56,LEFT,MEDIUM,GREEN,NO,DRY,CLEAR,STRAIGHT,MAINTAIN_SPEED
140.28,-1.29,-1.54,104.87,LEFT,HIGH,GREEN,NO,DRY,CLEAR,STRAIGHT,MAINTAIN_SPEED
11.66,5.0,19.41,44.62,RIGHT,MEDIUM,GREEN,NO,SLIPPERY,CLEAR,STRAIGHT,ACCELERATE
32.97,-0.31,-12.88,23.74,CENTER,LOW,GREEN,NO,SLIPPERY,RAIN,STRAIGHT,MAINTAIN_SPEED
6.48,-5.29,5.24,67.23,CENTER,LOW,GREEN,NO,WET,CLEAR,STRAIGHT,ACCELERATE
118.42,2.99,6.68,135.29,RIGHT,LOW,GREEN,YES,DRY,CLEAR,STRAIGHT,MAINTAIN_SPEED
9.47,-3.05,16.36,82.75,CENTER,HIGH,RED,NO,DRY,CLEAR,RIGHT,CHANGE_LANE_RIGHT
2.48,-0.05,5.74,178.31,CENTER,HIGH,RED,YES,WET,RAIN,STRAIGHT,BRAKE
12.07,0.12,-15.53,6.35,RIGHT,LOW,GREEN,NO,DRY,RAIN,STRAIGHT,MAINTAIN_SPEED
6.23,-0.68,2.11,74.85,CENTER,MEDIUM,GREEN,NO,DRY,FOG,STRAIGHT,ACCELERATE
132.33,-2.13,5.97,29.88,CENTER,MEDIUM,GREEN,NO,WET,CLEAR,LEFT,BRAKE
15.95,1.13,-10.33,198.28,RIGHT,MEDIUM,NONE,NO,DRY,CLEAR,LEFT,TURN_LEFT
111.37,-0.11,2.35,194.94,CENTER,MEDIUM,GREEN,NO,DRY,CLEAR,RIGHT,MAINTAIN_SPEED
7.93,-1.08,26.0,68.27,CENTER,HIGH,YELLOW,NO,DRY,CLEAR,STRAIGHT,CHANGE_LANE_RIGHT
86.17,1.76,3.86,59.43,CENTER,HIGH,GREEN,NO,DRY,CLEAR,RIGHT,CHANGE_LANE_RIGHT
15.14,1.64,-6.07,7.45,CENTER,LOW,GREEN,NO,DRY,CLEAR,STRAIGHT,MAINTAIN_SPEED
87.99,2.51,-9.77,187.07,CENTER,MEDIUM,GREEN,YES,WET,CLEAR,STRAIGHT,MAINTAIN_SPEED
82.04,-0.07,-12.3,100.3,RIGHT,LOW,GREEN,NO,SLIPPERY,CLEAR,LEFT,BRAKE
73.15,2.05,-7.06,147.68,CENTER,MEDIUM,GREEN,NO,DRY,CLEAR,RIGHT,MAINTAIN_SPEED
130.27,-0.37,-17.89,17.98,CENTER,HIGH,YELLOW,NO,DRY,CLEAR,RIGHT,BRAKE
113.35,-0.51,-0.92,188.27,CENTER,MEDIUM,NONE,NO,SLIPPERY,FOG,STRAIGHT,BRAKE
64.03,1.67,36.41,50.56,CENTER,MEDIUM,GREEN,NO,DRY,CLEAR,STRAIGHT,MAINTAIN_SPEED
117.9,3.68,-6.41,183.53,LEFT,MEDIUM,RED,NO,WET,RAIN,STRAIGHT,STOP
25.99,2.28,-8.44,35.06,LEFT,HIGH,GREEN,NO,DRY,CLEAR,STRAIGHT,ACCELERATE
29.02,0.68,5.86,107.45,RIGHT,LOW,GREEN,YES,SLIPPERY,RAIN,STRAIGHT,MAINTAIN_SPEED
16.48,-2.76,-6.04,32.83,LEFT,LOW,GREEN,NO,DRY,RAIN,STRAIGHT,ACCELERATE
137.15,-3.41,9.65,124.56,CENTER,MEDIUM,GREEN,NO,WET,CLEAR,STRAIGHT,MAINTAIN_SPEED
61.79,-3.45,-3.76,63.26,RIGHT,LOW,NONE,YES,DRY,CLEAR,STRAIGHT,MAINTAIN_SPEED
88.63,-1.54,0.42,38.98,CENTER,MEDIUM,GREEN,NO,DRY,CLEAR,LEFT,MAINTAIN_SPEED
25.76,2.61,-5.84,187.32,CENTER,LOW,GREEN,NO,DRY,CLEAR,STRAIGHT,MAINTAIN_SPEED
136.71,4.14,-3.81,136.13,RIGHT,LOW,NONE,NO,DRY,FOG,LEFT,MAINTAIN_SPEED
79.45,-0.53,-14.44,43.46,CENTER,HIGH,GREEN,NO,SLIPPERY,CLEAR,LEFT,BRAKE
141.18,4.74,-0.35,51.87,CENTER,LOW,GREEN,NO,WET,CLEAR,STRAIGHT,MAINTAIN_SPEED
18.53,-3.89,19.12,119.29,LEFT,MEDIUM,GREEN,YES,WET,CLEAR,STRAIGHT,ACCELERATE
106.87,1.72,-11.55,180.66,CENTER,LOW,NONE,NO,WET,CLEAR,STRAIGHT,MAINTAIN_SPEED
72.19,0.34,3.8,74.57,CENTER,MEDIUM,YELLOW,NO,WET,FOG,STRAIGHT,BRAKE
36.16,-2.97,-10.85,175.8,RIGHT,LOW,GREEN,NO,DRY,RAIN,STRAIGHT,MAINTAIN_SPEED
101.73,2.91,-6.15,61.72,LEFT,LOW,GREEN,NO,DRY,CLEAR,RIGHT,MAINTAIN_SPEED
128.0,2.3,8.48,188.76,CENTER,MEDIUM,GREEN,NO,DRY,CLEAR,STRAIGHT,MAINTAIN_SPEED
17.9,-3.27,-9.46,53.0,LEFT,HIGH,GREEN,NO,DRY,CLEAR,LEFT,TURN_LEFT
78.54,0.49,-4.94,123.73,CENTER,MEDIUM,GREEN,NO,DRY,CLEAR,STRAIGHT,MAINTAIN_SPEED
136.21,0.79,-24.43,149.05,CENTER,MEDIUM,GREEN,YES,WET,RAIN,RIGHT,TURN_RIGHT
54.21,-0.69,7.03,130.58,CENTER,MEDIUM,NONE,YES,DRY,CLEAR,STRAIGHT,MAINTAIN_SPEED
106.1,-0.97,-7.88,137.61,RIGHT,LOW,GREEN,NO,WET,RAIN,RIGHT,MAINTAIN_SPEED
63.82,-3.41,14.2,8.96,CENTER,LOW,RED,NO,WET,CLEAR,STRAIGHT,STOP
8.34,-2.25,0.7,164.35,CENTER,LOW,YELLOW,NO,SLIPPERY,RAIN,RIGHT,MAINTAIN_SPEED
121.73,-1.47,-8.61,87.23,CENTER,MEDIUM,YELLOW,NO,DRY,CLEAR,STRAIGHT,BRAKE
78.95,-4.86,-3.43,93.34,CENTER,LOW,GREEN,NO,WET,RAIN,STRAIGHT,MAINTAIN_SPEED
19.55,-4.72,0.86,83.4,RIGHT,LOW,GREEN,YES,DRY,CLEAR,LEFT,ACCELERATE
14.21,-0.96,27.68,119.23,RIGHT,HIGH,GREEN,NO,DRY,CLEAR,STRAIGHT,ACCELERATE
35.92,2.14,11.39,172.37,RIGHT,HIGH,GREEN,YES,DRY,CLEAR,STRAIGHT,MAINTAIN_SPEED
140.45,-4.06,32.1,144.8,CENTER,HIGH,GREEN,YES,WET,CLEAR,STRAIGHT,CHANGE_LANE_RIGHT
78.77,-1.91,-7.01,46.64,CENTER,LOW,GREEN,NO,DRY,CLEAR,LEFT,MAINTAIN_SPEED
41.12,-2.44,-9.64,17.25,RIGHT,MEDIUM,NONE,YES,DRY,RAIN,STRAIGHT,BRAKE
7.0,-0.81,2.42,83.35,RIGHT,MEDIUM,GREEN,NO,DRY,CLEAR,STRAIGHT,ACCELERATE
138.84,-1.36,-31.76,84.38,CENTER,MEDIUM,GREEN,YES,DRY,CLEAR,LEFT,TURN_LEFT
56.75,-3.1,9.75,144.1,CENTER,HIGH,YELLOW,NO,DRY,CLEAR,LEFT,TURN_RIGHT
14.7,-2.21,12.12,43.16,RIGHT,MEDIUM,GREEN,NO,WET,CLEAR,STRAIGHT,ACCELERATE
76.02,2.31,-1.84,58.66,CENTER,LOW,GREEN,NO,DRY,CLEAR,STRAIGHT,MAINTAIN_SPEED
73.16,3.04,-1.54,33.48,RIGHT,LOW,NONE,YES,WET,RAIN,STRAIGHT,MAINTAIN_SPEED
49.97,-0.2,-0.33,136.21,CENTER,LOW,GREEN,NO,DRY,CLEAR,STRAIGHT,MAINTAIN_SPEED
14.3,3.66,17.12,127.89,RIGHT,LOW,NONE,YES,DRY,CLEAR,STRAIGHT,ACCELERATE
110.9,0.08,-5.9,160.36,LEFT,LOW,YELLOW,NO,DRY,CLEAR,STRAIGHT,BRAKE
128.32,3.45,16.63,2.36,CENTER,MEDIUM,YELLOW,NO,SLIPPERY,CLEAR,RIGHT,BRAKE
71.35,-3.32,7.67,16.08,CENTER,LOW,GREEN,NO,DRY,CLEAR,RIGHT,MAINTAIN_SPEED
149.55,-0.86,8.84,157.28,RIGHT,LOW,NONE,NO,WET,CLEAR,STRAIGHT,MAINTAIN_SPEED
24.28,1.01,4.2,87.69,CENTER,MEDIUM,RED,NO,DRY,CLEAR,RIGHT,BRAKE
80.11,0.45,-3.56,38.0,CENTER,HIGH,NONE,NO,DRY,CLEAR,LEFT,CHANGE_LANE_LEFT
115.34,2.11,-0.56,84.69,CENTER,HIGH,GREEN,NO,SLIPPERY,CLEAR,STRAIGHT,BRAKE
125.21,1.0,11.17,187.37,CENTER,HIGH,GREEN,YES,WET,RAIN,STRAIGHT,CHANGE_LANE_RIGHT
11.84,0.98,-21.91,125.0,CENTER,MEDIUM,GREEN,NO,WET,RAIN,LEFT,TURN_LEFT
141.07,-2.25,9.32,124.57,CENTER,MEDIUM,GREEN,NO,DRY,FOG,STRAIGHT,MAINTAIN_SPEED
95.91,1.04,-0.26,146.52,CENTER,LOW,GREEN,YES,DRY,CLEAR,RIGHT,MAINTAIN_SPEED
70.06,-0.78,-16.88,105.36,CENTER,HIGH,GREEN,NO,DRY,RAIN,LEFT,TURN_LEFT
69.59,2.09,11.71,100.62,CENTER,MEDIUM,GREEN,NO,WET,CLEAR,STRAIGHT,MAINTAIN_SPEED
4.51,-2.15,-8.13,143.91,CENTER,LOW,GREEN,NO,DRY,RAIN,STRAIGHT,ACCELERATE
13.53,-0.61,26.1,32.14,CENTER,LOW,GREEN,YES,DRY,FOG,STRAIGHT,ACCELERATE
33.95,-1.51,7.79,190.43,CENTER,MEDIUM,RED,NO,WET,CLEAR,LEFT,BRAKE
139.42,2.02,27.04,53.57,CENTER,MEDIUM,GREEN,YES,DRY,CLEAR,STRAIGHT,TURN_LEFT
56.6,-0.24,-38.03,63.97,CENTER,HIGH,NONE,NO,DRY,CLEAR,STRAIGHT,CHANGE_LANE_LEFT
23.65,-1.17,-7.07,70.33,LEFT,LOW,YELLOW,NO,DRY,RAIN,LEFT,MAINTAIN_SPEED
83.0,-4.36,-14.69,95.95,CENTER,LOW,GREEN,NO,DRY,CLEAR,RIGHT,TURN_RIGHT
120.11,1.42,7.3,139.33,CENTER,LOW,NONE,NO,DRY,CLEAR,RIGHT,MAINTAIN_SPEED
22.89,-1.51,0.86,139.41,LEFT,MEDIUM,GREEN,NO,DRY,CLEAR,LEFT,MAINTAIN_SPEED
149.21,-0.83,6.08,15.55,CENTER,MEDIUM,GREEN,NO,DRY,CLEAR,STRAIGHT,BRAKE
26.41,-2.26,3.94,76.65,RIGHT,MEDIUM,RED,NO,DRY,CLEAR,RIGHT,BRAKE
48.29,-0.74,19.05,178.71,CENTER,MEDIUM,RED,NO,DRY,CLEAR,STRAIGHT,BRAKE
34.82,1.45,-29.8,170.88,RIGHT,MEDIUM,NONE,NO,DRY,CLEAR,STRAIGHT,MAINTAIN_SPEED
83.75,-3.46,6.93,35.7,CENTER,MEDIUM,YELLOW,NO,DRY,CLEAR,STRAIGHT,TURN_RIGHT
75.97,0.89,-12.69,72.27,CENTER,HIGH,GREEN,NO,WET,CLEAR,STRAIGHT,CHANGE_LANE_LEFT
25.13,-2.0,5.13,2.96,LEFT,MEDIUM,GREEN,NO,WET,FOG,STRAIGHT,MAINTAIN_SPEED
86.67,-0.87,-9.55,21.5,CENTER,HIGH,NONE,NO,DRY,CLEAR,STRAIGHT,MAINTAIN_SPEED
129.87,-0.9,-13.3,84.93,CENTER,LOW,GREEN,NO,DRY,RAIN,RIGHT,STOP
98.14,-1.31,9.69,14.83,RIGHT,HIGH,GREEN,NO,DRY,CLEAR,STRAIGHT,BRAKE
146.91,-0.65,9.78,171.12,LEFT,MEDIUM,GREEN,NO,DRY,RAIN,STRAIGHT,MAINTAIN_SPEED
61.32,2.77,-12.53,191.08,CENTER,LOW,RED,NO,DRY,CLEAR,LEFT,STOP
148.25,4.46,-10.33,82.86,CENTER,HIGH,YELLOW,NO,DRY,RAIN,LEFT,BRAKE
96.77,-5.19,-8.0,122.17,CENTER,LOW,YELLOW,NO,DRY,CLEAR,LEFT,BRAKE
17.64,1.0,-4.6,55.22,LEFT,LOW,GREEN,NO,DRY,RAIN,LEFT,ACCELERATE
98.36,1.17,-20.27,32.97,LEFT,LOW,NONE,NO,DRY,CLEAR,LEFT,TURN_LEFT
116.16,-0.99,4.95,119.88,RIGHT,LOW,GREEN,NO,DRY,CLEAR,STRAIGHT,MAINTAIN_SPEED
16.11,0.08,12.33,67.28,CENTER,LOW,GREEN,YES,DRY,CLEAR,RIGHT,TURN_RIGHT
50.8,0.28,-4.42,78.35,RIGHT,MEDIUM,GREEN,NO,WET,CLEAR,LEFT,MAINTAIN_SPEED
128.23,7.16,-13.05,141.02,RIGHT,MEDIUM,RED,NO,DRY,CLEAR,STRAIGHT,STOP
79.39,3.54,0.66,37.75,CENTER,LOW,GREEN,NO,SLIPPERY,RAIN,STRAIGHT,BRAKE
89.11,2.5,15.27,91.7,CENTER,MEDIUM,RED,NO,WET,CLEAR,RIGHT,STOP
127.18,0.2,22.23,162.92,LEFT,HIGH,GREEN,NO,DRY,CLEAR,STRAIGHT,CHANGE_LANE_RIGHT
66.36,-1.17,7.96,168.62,CENTER,HIGH,GREEN,NO,WET,RAIN,STRAIGHT,CHANGE_LANE_RIGHT
115.85,1.8,10.3,176.49,RIGHT,MEDIUM,YELLOW,NO,DRY,RAIN,STRAIGHT,BRAKE
84.41,-3.17,3.53,85.52,LEFT,LOW,GREEN,YES,DRY,CLEAR,STRAIGHT,MAINTAIN_SPEED
135.26,-4.12,2.17,85.91,CENTER,MEDIUM,NONE,NO,DRY,FOG,STRAIGHT,MAINTAIN_SPEED
18.99,0.08,-8.47,187.96,LEFT,MEDIUM,YELLOW,NO,WET,CLEAR,RIGHT,TURN_RIGHT
112.91,0.46,-7.53,169.09,CENTER,HIGH,GREEN,NO,DRY,CLEAR,RIGHT,CHANGE_LANE_LEFT
122.72,-4.98,-6.46,138.44,RIGHT,LOW,YELLOW,NO,WET,FOG,RIGHT,BRAKE
100.15,0.91,16.84,188.92,CENTER,LOW,NONE,NO,SLIPPERY,CLEAR,STRAIGHT,BRAKE
74.57,0.94,0.26,130.41,RIGHT,LOW,GREEN,NO,DRY,CLEAR,LEFT,MAINTAIN_SPEED
107.24,0.32,7.81,13.92,LEFT,MEDIUM,GREEN,NO,WET,CLEAR,STRAIGHT,BRAKE
67.69,-0.98,1.03,146.6,CENTER,HIGH,GREEN,NO,DRY,RAIN,STRAIGHT,CHANGE_LANE_RIGHT
79.25,4.19,-18.35,73.92,RIGHT,HIGH,NONE,YES,DRY,CLEAR,LEFT,TURN_LEFT
60.96,3.66,-13.38,126.58,RIGHT,MEDIUM,GREEN,NO,DRY,CLEAR,RIGHT,TURN_RIGHT
44.94,-0.76,-22.41,11.06,LEFT,HIGH,YELLOW,NO,DRY,CLEAR,RIGHT,BRAKE
136.41,-1.55,-14.85,191.41,CENTER,LOW,NONE,NO,WET,CLEAR,RIGHT,TURN_RIGHT
26.79,3.18,-21.76,159.11,CENTER,MEDIUM,GREEN,NO,DRY,CLEAR,STRAIGHT,MAINTAIN_SPEED
32.69,2.52,6.35,8.82,CENTER,LOW,RED,NO,DRY,CLEAR,STRAIGHT,STOP
40.11,0.11,-7.11,136.99,LEFT,LOW,GREEN,NO,DRY,FOG,STRAIGHT,MAINTAIN_SPEED
122.25,2.56,21.67,111.72,CENTER,LOW,NONE,NO,WET,CLEAR,LEFT,TURN_LEFT
88.24,-1.51,-38.35,160.96,RIGHT,LOW,RED,NO,DRY,RAIN,STRAIGHT,STOP
27.25,-0.15,10.25,80.64,RIGHT,MEDIUM,GREEN,NO,DRY,RAIN,STRAIGHT,MAINTAIN_SPEED
59.73,-0.56,-4.86,63.42,RIGHT,HIGH,NONE,NO,DRY,RAIN,STRAIGHT,MAINTAIN_SPEED
62.28,-5.39,15.57,5.77,LEFT,HIGH,GREEN,YES,SLIPPERY,FOG,LEFT,STOP
44.25,2.73,10.78,49.0,LEFT,MEDIUM,GREEN,NO,WET,FOG,STRAIGHT,MAINTAIN_SPEED
98.97,0.67,2.12,126.1,CENTER,LOW,GREEN,NO,DRY,CLEAR,LEFT,MAINTAIN_SPEED
3.81,2.47,-12.38,133.88,CENTER,MEDIUM,RED,YES,DRY,CLEAR,STRAIGHT,BRAKE
25.05,-4.38,11.08,48.55,RIGHT,HIGH,YELLOW,NO,DRY,CLEAR,STRAIGHT,MAINTAIN_SPEED
142.01,2.86,2.17,181.78,CENTER,LOW,GREEN,YES,DRY,RAIN,RIGHT,MAINTAIN_SPEED
99.09,5.74,4.67,89.43,CENTER,MEDIUM,GREEN,NO,DRY,CLEAR,STRAIGHT,MAINTAIN_SPEED
68.2,-0.7,-5.03,86.69,CENTER,LOW,GREEN,NO,SLIPPERY,CLEAR,LEFT,MAINTAIN_SPEED
120.13,-2.36,-5.5,80.06,RIGHT,LOW,GREEN,YES,SLIPPERY,CLEAR,RIGHT,BRAKE
67.29,-2.77,-0.4,100.47,CENTER,LOW,GREEN,NO,DRY,CLEAR,RIGHT,MAINTAIN_SPEED
95.55,6.46,-0.01,9.3,CENTER,MEDIUM,NONE,YES,DRY,CLEAR,STRAIGHT,STOP
14.77,-0.96,10.32,117.9,LEFT,LOW,GREEN,NO,DRY,CLEAR,STRAIGHT,ACCELERATE
127.71,3.03,11.95,69.14,CENTER,LOW,YELLOW,NO,DRY,CLEAR,LEFT,CHANGE_LANE_RIGHT
91.42,0.44,28.25,67.75,CENTER,HIGH,GREEN,NO,WET,CLEAR,RIGHT,TURN_RIGHT
18.92,1.54,16.64,194.17,CENTER,LOW,YELLOW,NO,DRY,CLEAR,RIGHT,TURN_RIGHT
81.0,0.45,3.32,152.95,CENTER,MEDIUM,YELLOW,NO,DRY,RAIN,STRAIGHT,BRAKE
72.36,-0.67,2.1,68.78,CENTER,MEDIUM,RED,NO,WET,CLEAR,RIGHT,STOP
85.29,1.1,8.82,53.7,LEFT,LOW,YELLOW,NO,SLIPPERY,CLEAR,STRAIGHT,BRAKE
112.12,-1.15,-10.41,115.13,LEFT,LOW,GREEN,YES,WET,RAIN,STRAIGHT,MAINTAIN_SPEED
76.03,5.24,6.39,196.09,CENTER,MEDIUM,NONE,NO,SLIPPERY,CLEAR,STRAIGHT,BRAKE
34.0,1.22,-17.67,187.81,CENTER,HIGH,GREEN,NO,DRY,CLEAR,LEFT,TURN_LEFT
123.58,-2.9,-9.4,14.47,CENTER,MEDIUM,GREEN,YES,DRY,CLEAR,STRAIGHT,BRAKE
25.53,0.65,-8.38,199.0,CENTER,LOW,GREEN,YES,DRY,CLEAR,RIGHT,TURN_RIGHT
110.76,0.36,2.17,59.27,RIGHT,LOW,YELLOW,YES,DRY,RAIN,STRAIGHT,BRAKE
135.66,0.36,26.46,142.64,CENTER,MEDIUM,YELLOW,NO,DRY,CLEAR,STRAIGHT,BRAKE
91.28,-2.73,-10.72,13.15,CENTER,MEDIUM,RED,NO,DRY,RAIN,STRAIGHT,STOP
7.19,0.52,2.74,4.84,LEFT,LOW,GREEN,NO,SLIPPERY,CLEAR,RIGHT,MAINTAIN_SPEED
26.34,0.59,-28.49,51.07,CENTER,HIGH,GREEN,NO,DRY,CLEAR,LEFT,TURN_LEFT
96.91,6.79,-7.67,176.54,CENTER,MEDIUM,NONE,NO,DRY,CLEAR,STRAIGHT,MAINTAIN_SPEED
138.42,0.48,-8.9,68.34,CENTER,HIGH,GREEN,NO,WET,CLEAR,LEFT,TURN_LEFT
81.88,-5.27,-9.02,48.5,RIGHT,LOW,GREEN,NO,WET,CLEAR,RIGHT,TURN_RIGHT
11.35,5.14,-10.47,173.34,CENTER,LOW,RED,NO,WET,CLEAR,STRAIGHT,BRAKE
52.26,-0.79,12.35,198.48,CENTER,MEDIUM,YELLOW,NO,DRY,CLEAR,STRAIGHT,MAINTAIN_SPEED
98.99,-2.64,6.07,101.94,LEFT,HIGH,RED,NO,DRY,CLEAR,STRAIGHT,STOP
42.9,0.95,-9.15,13.69,CENTER,MEDIUM,YELLOW,NO,WET,FOG,STRAIGHT,BRAKE
40.59,-4.72,-8.14,126.79,CENTER,MEDIUM,GREEN,NO,WET,FOG,LEFT,TURN_LEFT
75.07,-1.62,-9.05,99.41,LEFT,MEDIUM,RED,NO,SLIPPERY,CLEAR,STRAIGHT,STOP
88.5,2.86,-0.51,178.97,LEFT,LOW,NONE,YES,DRY,CLEAR,RIGHT,MAINTAIN_SPEED
135.95,-4.01,-6.26,31.36,CENTER,LOW,GREEN,NO,DRY,CLEAR,RIGHT,BRAKE
149.62,1.59,-12.08,127.6,CENTER,HIGH,NONE,NO,WET,CLEAR,RIGHT,TURN_RIGHT
134.55,-0.61,-9.42,121.77,CENTER,HIGH,YELLOW,NO,DRY,CLEAR,STRAIGHT,BRAKE
27.41,-0.03,-3.16,141.33,LEFT,LOW,YELLOW,NO,WET,CLEAR,LEFT,MAINTAIN_SPEED
36.79,-0.7,4.09,18.9,CENTER,MEDIUM,GREEN,NO,DRY,CLEAR,STRAIGHT,MAINTAIN_SPEED
109.59,-0.76,-1.77,100.58,CENTER,MEDIUM,GREEN,NO,DRY,CLEAR,STRAIGHT,MAINTAIN_SPEED
91.82,1.58,-15.34,100.9,RIGHT,HIGH,GREEN,NO,DRY,FOG,RIGHT,TURN_RIGHT
52.42,-1.57,-6.71,132.75,CENTER,MEDIUM,GREEN,NO,DRY,CLEAR,RIGHT,MAINTAIN_SPEED
76.43,0.15,6.89,111.3,CENTER,HIGH,YELLOW,NO,DRY,CLEAR,STRAIGHT,BRAKE
135.3,1.19,-6.97,108.54,CENTER,HIGH,GREEN,NO,DRY,CLEAR,STRAIGHT,CHANGE_LANE_LEFT
84.6,1.48,-12.87,133.99,CENTER,MEDIUM,NONE,NO,DRY,RAIN,RIGHT,TURN_RIGHT
89.58,-3.07,5.7,175.31,RIGHT,LOW,RED,YES,WET,CLEAR,LEFT,STOP
32.72,-3.22,9.23,85.18,CENTER,MEDIUM,YELLOW,NO,DRY,CLEAR,STRAIGHT,MAINTAIN_SPEED
43.03,-0.85,-14.47,116.02,RIGHT,HIGH,GREEN,NO,SLIPPERY,CLEAR,STRAIGHT,CHANGE_LANE_LEFT
140.99,-2.44,18.55,81.24,CENTER,LOW,GREEN,NO,DRY,CLEAR,LEFT,TURN_LEFT
123.63,1.46,4.87,105.85,CENTER,MEDIUM,GREEN,NO,DRY,CLEAR,STRAIGHT,MAINTAIN_SPEED
129.03,-1.89,8.96,47.83,CENTER,HIGH,GREEN,NO,WET,RAIN,STRAIGHT,CHANGE_LANE_RIGHT
124.79,1.03,7.71,169.59,CENTER,LOW,GREEN,YES,DRY,CLEAR,LEFT,MAINTAIN_SPEED
121.57,1.04,-0.56,61.36,CENTER,HIGH,GREEN,NO,DRY,CLEAR,STRAIGHT,CHANGE_LANE_LEFT
131.15,-0.95,-3.41,167.31,CENTER,MEDIUM,RED,YES,DRY,CLEAR,STRAIGHT,STOP
58.33,1.26,-9.83,58.12,LEFT,MEDIUM,NONE,NO,SLIPPERY,CLEAR,RIGHT,BRAKE
141.45,-0.62,-9.58,102.62,CENTER,MEDIUM,GREEN,NO,SLIPPERY,CLEAR,STRAIGHT,BRAKE
53.34,0.51,4.93,131.52,CENTER,LOW,RED,YES,WET,CLEAR,STRAIGHT,TURN_LEFT
115.65,-4.83,-1.61,130.03,LEFT,HIGH,NONE,NO,DRY,CLEAR,LEFT,MAINTAIN_SPEED
121.43,-2.62,-16.87,47.32,CENTER,LOW,NONE,NO,DRY,CLEAR,STRAIGHT,MAINTAIN_SPEED
146.51,-1.66,4.76,198.21,CENTER,MEDIUM,NONE,NO,SLIPPERY,RAIN,STRAIGHT,BRAKE
108.13,-5.5,-5.71,160.58,CENTER,LOW,YELLOW,NO,DRY,CLEAR,STRAIGHT,BRAKE
37.54,-1.07,-9.55,24.89,CENTER,HIGH,GREEN,NO,DRY,CLEAR,STRAIGHT,MAINTAIN_SPEED
118.6,-2.74,-1.72,93.8,CENTER,HIGH,RED,NO,DRY,CLEAR,LEFT,STOP
126.8,0.11,-10.11,48.06,LEFT,MEDIUM,GREEN,NO,WET,CLEAR,STRAIGHT,MAINTAIN_SPEED
54.07,2.24,5.72,45.75,CENTER,MEDIUM,GREEN,YES,DRY,CLEAR,RIGHT,MAINTAIN_SPEED
116.05,0.14,1.7,9.87,RIGHT,MEDIUM,NONE,NO,DRY,CLEAR,STRAIGHT,BRAKE
13.66,-3.08,-6.97,110.56,LEFT,MEDIUM,GREEN,NO,DRY,FOG,STRAIGHT,ACCELERATE
10.13,0.7,-6.78,6.71,LEFT,LOW,RED,NO,DRY,CLEAR,RIGHT,STOP
2.26,1.07,12.47,13.75,CENTER,LOW,RED,NO,DRY,CLEAR,STRAIGHT,BRAKE
97.71,0.67,-9.31,115.52,CENTER,MEDIUM,NONE,NO,DRY,CLEAR,STRAIGHT,MAINTAIN_SPEED
121.7,1.9,19.84,83.23,CENTER,MEDIUM,GREEN,NO,WET,CLEAR,LEFT,TURN_LEFT
138.97,-4.62,-8.28,179.8,RIGHT,MEDIUM,GREEN,NO,DRY,CLEAR,STRAIGHT,MAINTAIN_SPEED
144.4,-2.06,0.33,156.16,CENTER,MEDIUM,GREEN,NO,DRY,CLEAR,STRAIGHT,MAINTAIN_SPEED
127.97,1.09,11.56,26.13,CENTER,LOW,GREEN,NO,DRY,CLEAR,STRAIGHT,BRAKE
61.52,-1.11,9.82,102.4,CENTER,HIGH,NONE,YES,DRY,CLEAR,RIGHT,TURN_RIGHT
43.85,1.28,5.44,186.5,CENTER,LOW,GREEN,YES,DRY,CLEAR,LEFT,MAINTAIN_SPEED
26.29,-0.73,5.32,85.3,CENTER,MEDIUM,GREEN,YES,DRY,CLEAR,LEFT,MAINTAIN_SPEED
2.8,-5.05,-6.98,3.95,LEFT,MEDIUM,GREEN,NO,SLIPPERY,CLEAR,STRAIGHT,ACCELERATE
94.04,-0.21,11.88,39.31,CENTER,MEDIUM,NONE,NO,DRY,RAIN,STRAIGHT,MAINTAIN_SPEED
107.78,0.28,-7.31,91.31,CENTER,MEDIUM,GREEN,NO,WET,CLEAR,LEFT,MAINTAIN_SPEED
64.62,1.08,24.88,27.26,CENTER,MEDIUM,GREEN,NO,DRY,RAIN,RIGHT,TURN_RIGHT
149.14,1.17,-3.23,158.51,CENTER,HIGH,GREEN,YES,DRY,CLEAR,STRAIGHT,CHANGE_LANE_LEFT
98.44,-0.26,17.74,188.94,CENTER,LOW,RED,NO,DRY,CLEAR,STRAIGHT,STOP
52.07,-1.95,-4.54,11.54,CENTER,HIGH,GREEN,NO,DRY,CLEAR,STRAIGHT,MAINTAIN_SPEED
126.78,4.42,-20.28,98.87,CENTER,HIGH,GREEN,NO,DRY,CLEAR,STRAIGHT,CHANGE_LANE_LEFT
129.97,1.85,-6.82,129.85,CENTER,MEDIUM,GREEN,NO,DRY,CLEAR,STRAIGHT,MAINTAIN_SPEED
124.5,-5.09,-21.71,115.33,LEFT,LOW,GREEN,YES,DRY,CLEAR,RIGHT,TURN_RIGHT
114.98,-0.92,4.97,73.5,LEFT,MEDIUM,RED,NO,DRY,CLEAR,STRAIGHT,STOP
24.98,4.29,4.92,148.43,CENTER,LOW,GREEN,NO,WET,RAIN,STRAIGHT,MAINTAIN_SPEED
91.11,5.51,-18.42,129.95,RIGHT,HIGH,GREEN,NO,DRY,CLEAR,STRAIGHT,CHANGE_LANE_LEFT
120.21,2.03,2.67,75.87,CENTER,MEDIUM,GREEN,NO,DRY,CLEAR,STRAIGHT,MAINTAIN_SPEED
32.13,0.76,-1.3,24.26,CENTER,LOW,RED,NO,DRY,RAIN,RIGHT,BRAKE
2.15,0.54,-4.52,121.69,CENTER,MEDIUM,RED,YES,DRY,CLEAR,STRAIGHT,BRAKE
4.27,3.46,-5.83,174.6,CENTER,HIGH,YELLOW,NO,WET,CLEAR,STRAIGHT,CHANGE_LANE_LEFT
112.23,2.26,-1.48,58.25,CENTER,LOW,YELLOW,NO,DRY,CLEAR,LEFT,BRAKE
63.89,0.43,-4.21,158.02,RIGHT,LOW,NONE,NO,DRY,RAIN,STRAIGHT,MAINTAIN_SPEED
112.2,-3.46,-14.14,147.74,LEFT,HIGH,YELLOW,NO,WET,CLEAR,LEFT,BRAKE
83.31,-2.62,-2.13,92.35,CENTER,MEDIUM,NONE,NO,DRY,CLEAR,STRAIGHT,MAINTAIN_SPEED
38.26,-2.65,15.13,145.78,CENTER,LOW,YELLOW,NO,DRY,FOG,RIGHT,TURN_RIGHT
56.68,-0.29,-9.95,130.82,LEFT,LOW,GREEN,NO,SLIPPERY,CLEAR,LEFT,BRAKE
56.64,0.82,10.95,177.35,CENTER,HIGH,GREEN,YES,WET,CLEAR,STRAIGHT,CHANGE_LANE_RIGHT
63.47,1.21,4.33,106.39,RIGHT,MEDIUM,YELLOW,NO,DRY,RAIN,STRAIGHT,BRAKE
33.67,-1.56,17.77,55.03,CENTER,MEDIUM,GREEN,NO,DRY,CLEAR,STRAIGHT,MAINTAIN_SPEED
112.24,-1.01,30.24,46.72,CENTER,HIGH,YELLOW,YES,SLIPPERY,CLEAR,LEFT,BRAKE
99.96,-2.68,-3.2,11.87,CENTER,HIGH,GREEN,NO,DRY,CLEAR,RIGHT,BRAKE
73.06,3.93,-0.46,184.68,CENTER,LOW,RED,NO,WET,CLEAR,RIGHT,STOP
145.87,3.81,-23.66,108.01,CENTER,MEDIUM,GREEN,NO,DRY,CLEAR,LEFT,TURN_LEFT
109.49,-0.2,-39.54,81.38,CENTER,MEDIUM,GREEN,NO,DRY,RAIN,STRAIGHT,MAINTAIN_SPEED
24.19,3.09,13.52,187.49,LEFT,HIGH,NONE,NO,DRY,FOG,STRAIGHT,CHANGE_LANE_RIGHT
81.57,-3.7,-4.19,22.61,CENTER,LOW,GREEN,NO,DRY,CLEAR,RIGHT,MAINTAIN_SPEED
120.41,0.14,0.1,158.3,RIGHT,MEDIUM,GREEN,NO,WET,RAIN,STRAIGHT,MAINTAIN_SPEED
60.55,3.37,2.82,57.13,CENTER,MEDIUM,YELLOW,NO,DRY,RAIN,STRAIGHT,BRAKE
7.36,3.23,5.88,40.4,CENTER,HIGH,GREEN,NO,DRY,CLEAR,STRAIGHT,CHANGE_LANE_RIGHT
22.2,-0.86,-1.03,78.88,CENTER,MEDIUM,GREEN,NO,DRY,CLEAR,STRAIGHT,MAINTAIN_SPEED
116.61,5.21,-0.57,129.06,RIGHT,MEDIUM,GREEN,NO,WET,CLEAR,STRAIGHT,MAINTAIN_SPEED
6.54,0.91,-3.65,128.87,CENTER,MEDIUM,RED,NO,DRY,CLEAR,LEFT,BRAKE
88.33,2.09,-3.75,113.67,LEFT,LOW,GREEN,NO,WET,CLEAR,STRAIGHT,MAINTAIN_SPEED
18.95,0.72,6.56,131.85,CENTER,LOW,NONE,NO,SLIPPERY,CLEAR,LEFT,MAINTAIN_SPEED
38.72,-3.6,-5.76,164.77,CENTER,LOW,YELLOW,NO,DRY,RAIN,STRAIGHT,MAINTAIN_SPEED
31.11,0.79,-3.36,63.96,CENTER,LOW,GREEN,NO,DRY,CLEAR,RIGHT,MAINTAIN_SPEED
120.63,-9.77,-20.72,157.64,CENTER,LOW,RED,NO,DRY,CLEAR,LEFT,STOP
18.96,2.53,-7.32,35.78,CENTER,HIGH,GREEN,YES,DRY,CLEAR,STRAIGHT,CHANGE_LANE_RIGHT
16.01,1.02,-3.58,50.22,LEFT,MEDIUM,GREEN,YES,DRY,CLEAR,RIGHT,ACCELERATE
99.88,1.82,-1.23,86.87,CENTER,LOW,RED,NO,DRY,CLEAR,RIGHT,BRAKE
33.57,0.9,-18.31,95.8,CENTER,LOW,NONE,NO,DRY,RAIN,STRAIGHT,MAINTAIN_SPEED
73.68,-4.53,22.23,75.55,CENTER,MEDIUM,YELLOW,NO,WET,CLEAR,STRAIGHT,BRAKE
121.03,1.61,-4.22,130.94,LEFT,HIGH,GREEN,YES,WET,CLEAR,STRAIGHT,MAINTAIN_SPEED
123.03,-0.56,-1.66,199.73,CENTER,LOW,GREEN,NO,DRY,CLEAR,STRAIGHT,MAINTAIN_SPEED
93.44,-3.75,24.55,85.8,RIGHT,HIGH,YELLOW,YES,DRY,CLEAR,STRAIGHT,BRAKE
57.25,-2.29,-6.62,80.98,RIGHT,HIGH,YELLOW,NO,DRY,RAIN,STRAIGHT,BRAKE
96.22,-0.95,-3.71,122.29,LEFT,MEDIUM,GREEN,NO,DRY,FOG,STRAIGHT,MAINTAIN_SPEED
11.38,-3.19,9.11,25.44,LEFT,LOW,GREEN,NO,DRY,FOG,STRAIGHT,ACCELERATE
126.63,3.62,27.71,15.94,RIGHT,HIGH,NONE,NO,DRY,CLEAR,STRAIGHT,BRAKE
41.13,-1.21,2.13,31.89,CENTER,HIGH,NONE,NO,DRY,FOG,LEFT,MAINTAIN_SPEED
104.05,0.41,-28.71,98.7,LEFT,HIGH,GREEN,NO,DRY,CLEAR,STRAIGHT,MAINTAIN_SPEED
126.5,3.85,15.56,114.21,CENTER,MEDIUM,GREEN,NO,WET,CLEAR,RIGHT,TURN_RIGHT
41.88,1.91,-13.69,144.66,LEFT,MEDIUM,NONE,NO,DRY,CLEAR,STRAIGHT,MAINTAIN_SPEED
114.31,0.32,-4.94,96.05,CENTER,MEDIUM,RED,NO,DRY,CLEAR,STRAIGHT,STOP
114.27,1.41,8.94,174.63,CENTER,HIGH,GREEN,NO,WET,CLEAR,STRAIGHT,CHANGE_LANE_RIGHT
16.4,1.83,-6.95,113.68,CENTER,MEDIUM,YELLOW,NO,DRY,RAIN,STRAIGHT,MAINTAIN_SPEED
71.93,-0.68,0.77,117.26,RIGHT,MEDIUM,YELLOW,NO,DRY,CLEAR,STRAIGHT,BRAKE
57.57,1.23,2.76,87.82,CENTER,HIGH,RED,NO,DRY,FOG,STRAIGHT,STOP
78.01,1.6,4.03,96.14,RIGHT,LOW,GREEN,NO,DRY,RAIN,STRAIGHT,MAINTAIN_SPEED
24.97,1.97,-6.48,85.26,CENTER,LOW,YELLOW,YES,DRY,CLEAR,STRAIGHT,MAINTAIN_SPEED
109.21,5.44,0.6,195.79,CENTER,LOW,GREEN,NO,WET,CLEAR,RIGHT,MAINTAIN_SPEED
86.84,-0.78,3.8,157.53,CENTER,LOW,GREEN,NO,WET,CLEAR,LEFT,MAINTAIN_SPEED
45.75,-0.61,-13.6,39.29,CENTER,HIGH,NONE,NO,WET,FOG,STRAIGHT,CHANGE_LANE_LEFT
23.37,2.58,28.03,53.28,CENTER,MEDIUM,NONE,NO,DRY,CLEAR,STRAIGHT,MAINTAIN_SPEED
116.62,2.75,14.58,182.52,RIGHT,MEDIUM,RED,YES,DRY,CLEAR,LEFT,STOP
20.54,5.17,-1.64,44.78,CENTER,LOW,GREEN,YES,DRY,CLEAR,LEFT,MAINTAIN_SPEED
131.88,-0.45,-17.26,55.94,LEFT,HIGH,RED,NO,DRY,CLEAR,STRAIGHT,STOP
112.28,-1.39,-3.6,84.35,LEFT,HIGH,GREEN,NO,DRY,CLEAR,LEFT,MAINTAIN_SPEED
100.63,2.35,9.12,11.98,CENTER,MEDIUM,GREEN,YES,DRY,CLEAR,RIGHT,BRAKE
114.58,0.98,7.48,149.13,CENTER,HIGH,GREEN,NO,WET,CLEAR,LEFT,CHANGE_LANE_RIGHT
81.91,2.03,9.33,158.94,CENTER,LOW,GREEN,YES,DRY,CLEAR,LEFT,TURN_LEFT
37.83,-0.66,-7.55,77.97,CENTER,MEDIUM,YELLOW,NO,DRY,CLEAR,STRAIGHT,MAINTAIN_SPEED
45.94,1.72,-12.01,63.31,CENTER,MEDIUM,NONE,NO,DRY,CLEAR,STRAIGHT,CHANGE_LANE_LEFT
4.61,1.28,1.8,9.07,CENTER,HIGH,RED,YES,DRY,CLEAR,STRAIGHT,STOP
84.39,-1.72,-17.21,179.64,LEFT,LOW,RED,NO,WET,CLEAR,STRAIGHT,STOP
3.25,-3.86,2.86,15.77,LEFT,MEDIUM,NONE,NO,WET,CLEAR,STRAIGHT,ACCELERATE
113.5,1.35,-10.28,158.93,RIGHT,MEDIUM,GREEN,NO,DRY,CLEAR,RIGHT,TURN_RIGHT
139.7,1.2,17.92,45.83,LEFT,MEDIUM,GREEN,NO,WET,CLEAR,STRAIGHT,MAINTAIN_SPEED
108.03,2.95,-7.5,123.98,CENTER,LOW,GREEN,YES,WET,CLEAR,STRAIGHT,MAINTAIN_SPEED
50.03,0.92,3.69,164.38,CENTER,MEDIUM,YELLOW,NO,DRY,CLEAR,STRAIGHT,MAINTAIN_SPEED
42.6,1.38,-19.65,32.11,LEFT,MEDIUM,GREEN,NO,DRY,CLEAR,STRAIGHT,MAINTAIN_SPEED
99.31,-2.25,-10.88,198.5,CENTER,HIGH,RED,NO,DRY,FOG,RIGHT,STOP
46.07,-0.26,-9.86,115.63,CENTER,MEDIUM,RED,NO,DRY,RAIN,STRAIGHT,BRAKE
42.86,-0.11,-3.14,143.54,RIGHT,MEDIUM,YELLOW,YES,DRY,CLEAR,STRAIGHT,MAINTAIN_SPEED
148.3,2.53,-25.86,114.39,CENTER,MEDIUM,NONE,NO,DRY,CLEAR,RIGHT,TURN_RIGHT
105.73,0.01,-16.65,85.97,CENTER,HIGH,GREEN,NO,DRY,CLEAR,STRAIGHT,CHANGE_LANE_LEFT
10.64,2.0,-3.45,46.85,CENTER,MEDIUM,NONE,NO,DRY,FOG,RIGHT,ACCELERATE
6.91,-2.66,20.87,61.34,CENTER,LOW,GREEN,NO,DRY,FOG,RIGHT,TURN_RIGHT
19.28,1.51,1.85,29.25,CENTER,LOW,GREEN,NO,WET,CLEAR,LEFT,MAINTAIN_SPEED
96.39,0.08,-12.27,175.96,CENTER,MEDIUM,NONE,NO,WET,CLEAR,RIGHT,TURN_RIGHT
74.04,1.0,-14.33,78.69,CENTER,LOW,GREEN,NO,DRY,RAIN,STRAIGHT,MAINTAIN_SPEED
120.91,1.69,12.02,66.09,RIGHT,HIGH,GREEN,NO,DRY,CLEAR,RIGHT,TURN_RIGHT
105.88,3.67,-5.67,63.12,CENTER,LOW,GREEN,NO,DRY,CLEAR,STRAIGHT,MAINTAIN_SPEED
69.44,3.06,-4.93,130.99,RIGHT,MEDIUM,GREEN,NO,DRY,CLEAR,LEFT,MAINTAIN_SPEED
100.88,-0.48,-4.08,39.17,CENTER,HIGH,GREEN,NO,DRY,CLEAR,STRAIGHT,CHANGE_LANE_LEFT
142.4,-3.15,8.89,172.01,CENTER,MEDIUM,GREEN,NO,WET,CLEAR,STRAIGHT,BRAKE
32.7,4.34,-16.67,113.36,RIGHT,LOW,NONE,NO,DRY,CLEAR,STRAIGHT,MAINTAIN_SPEED
1.04,-1.79,-8.68,150.56,CENTER,LOW,GREEN,NO,DRY,CLEAR,STRAIGHT,ACCELERATE
118.18,0.3,2.16,55.41,RIGHT,LOW,NONE,NO,WET,CLEAR,STRAIGHT,MAINTAIN_SPEED
16.84,-2.23,-0.4,107.67,RIGHT,LOW,GREEN,NO,DRY,CLEAR,LEFT,CHANGE_LANE_LEFT
25.31,-7.0,14.25,125.8,CENTER,MEDIUM,GREEN,NO,DRY,CLEAR,STRAIGHT,MAINTAIN_SPEED
119.33,2.35,-7.84,50.98,CENTER,LOW,GREEN,NO,DRY,CLEAR,STRAIGHT,MAINTAIN_SPEED
59.16,-2.62,15.05,176.56,RIGHT,MEDIUM,GREEN,NO,DRY,RAIN,STRAIGHT,MAINTAIN_SPEED
1.78,3.11,-7.14,25.82,LEFT,MEDIUM,GREEN,NO,DRY,RAIN,STRAIGHT,MAINTAIN_SPEED
93.67,1.39,-2.66,151.38,CENTER,HIGH,GREEN,NO,WET,FOG,STRAIGHT,CHANGE_LANE_LEFT
37.94,-0.05,-0.04,60.36,CENTER,HIGH,GREEN,NO,DRY,RAIN,STRAIGHT,CHANGE_LANE_LEFT
27.3,2.75,22.26,89.3,LEFT,HIGH,RED,NO,DRY,CLEAR,LEFT,BRAKE
13.08,1.22,0.3,93.05,CENTER,MEDIUM,GREEN,YES,DRY,CLEAR,STRAIGHT,ACCELERATE
14.48,0.28,5.47,151.35,RIGHT,HIGH,YELLOW,NO,DRY,CLEAR,STRAIGHT,MAINTAIN_SPEED
61.22,-2.98,28.72,162.13,RIGHT,HIGH,GREEN,NO,DRY,FOG,STRAIGHT,MAINTAIN_SPEED
139.6,0.34,7.05,19.08,CENTER,MEDIUM,GREEN,YES,WET,CLEAR,RIGHT,BRAKE
137.71,1.09,2.76,175.82,CENTER,HIGH,GREEN,NO,WET,RAIN,STRAIGHT,CHANGE_LANE_RIGHT
76.16,-2.16,-3.95,84.56,LEFT,HIGH,GREEN,YES,DRY,FOG,STRAIGHT,MAINTAIN_SPEED
142.18,-3.34,-10.48,127.82,RIGHT,LOW,GREEN,NO,DRY,CLEAR,STRAIGHT,MAINTAIN_SPEED
14.89,2.04,-5.77,190.82,RIGHT,HIGH,GREEN,YES,DRY,RAIN,RIGHT,ACCELERATE
105.19,2.81,28.6,156.2,RIGHT,MEDIUM,RED,NO,WET,CLEAR,RIGHT,STOP
140.98,-1.45,3.18,172.36,LEFT,HIGH,GREEN,NO,SLIPPERY,CLEAR,STRAIGHT,BRAKE
16.84,-0.26,-13.49,68.93,CENTER,MEDIUM,GREEN,NO,DRY,CLEAR,LEFT,TURN_LEFT
145.83,0.16,7.1,160.93,LEFT,MEDIUM,GREEN,NO,DRY,CLEAR,STRAIGHT,MAINTAIN_SPEED
135.58,2.02,11.16,27.47,CENTER,LOW,RED,NO,DRY,CLEAR,LEFT,STOP
39.63,-0.33,-16.75,135.62,CENTER,MEDIUM,NONE,NO,WET,FOG,RIGHT,TURN_RIGHT
7.34,-1.57,-1.7,37.19,CENTER,MEDIUM,YELLOW,YES,WET,CLEAR,STRAIGHT,MAINTAIN_SPEED
113.86,0.73,3.84,146.38,CENTER,HIGH,RED,NO,DRY,FOG,STRAIGHT,STOP
106.62,-0.02,1.14,95.48,RIGHT,MEDIUM,GREEN,NO,DRY,CLEAR,STRAIGHT,MAINTAIN_SPEED
69.05,-3.52,9.07,98.37,CENTER,LOW,GREEN,NO,DRY,CLEAR,LEFT,TURN_LEFT
143.38,0.92,8.84,58.45,CENTER,MEDIUM,GREEN,NO,DRY,CLEAR,LEFT,TURN_LEFT
12.5,-2.95,-3.11,143.41,CENTER,HIGH,GREEN,NO,DRY,CLEAR,STRAIGHT,CHANGE_LANE_LEFT
40.18,0.19,3.29,127.0,CENTER,LOW,GREEN,NO,DRY,RAIN,STRAIGHT,MAINTAIN_SPEED
124.16,0.79,-2.78,185.29,RIGHT,HIGH,GREEN,NO,DRY,CLEAR,STRAIGHT,MAINTAIN_SPEED
0.99,0.33,-3.26,49.4,LEFT,MEDIUM,RED,NO,DRY,CLEAR,STRAIGHT,BRAKE
0.92,-0.79,-26.55,71.95,CENTER,LOW,GREEN,YES,DRY,CLEAR,LEFT,TURN_LEFT
20.53,-0.86,14.3,137.65,CENTER,LOW,GREEN,YES,DRY,RAIN,STRAIGHT,MAINTAIN_SPEED
135.75,1.3,6.36,179.33,LEFT,MEDIUM,GREEN,NO,DRY,RAIN,STRAIGHT,MAINTAIN_SPEED
124.05,4.38,13.27,196.06,CENTER,MEDIUM,RED,NO,DRY,CLEAR,LEFT,STOP
97.88,-0.07,-26.86,109.98,CENTER,LOW,YELLOW,YES,DRY,CLEAR,STRAIGHT,BRAKE
93.54,-1.33,22.38,79.97,CENTER,LOW,GREEN,NO,DRY,CLEAR,STRAIGHT,MAINTAIN_SPEED
5.7,-1.24,9.6,183.9,CENTER,MEDIUM,NONE,YES,WET,CLEAR,STRAIGHT,ACCELERATE
23.96,-0.75,-24.55,53.9,CENTER,MEDIUM,RED,NO,WET,RAIN,RIGHT,BRAKE
15.48,1.48,-23.81,43.92,CENTER,HIGH,GREEN,NO,DRY,CLEAR,STRAIGHT,CHANGE_LANE_LEFT
43.79,-0.31,11.92,31.54,LEFT,LOW,GREEN,YES,DRY,CLEAR,STRAIGHT,MAINTAIN_SPEED
33.51,0.87,7.54,72.54,CENTER,LOW,YELLOW,NO,DRY,CLEAR,RIGHT,MAINTAIN_SPEED
49.94,-1.82,-16.55,143.83,CENTER,MEDIUM,NONE,NO,DRY,CLEAR,STRAIGHT,MAINTAIN_SPEED
118.98,-3.21,-14.2,184.82,CENTER,LOW,GREEN,NO,DRY,RAIN,LEFT,TURN_LEFT
76.44,2.78,-8.19,196.65,CENTER,LOW,GREEN,NO,DRY,CLEAR,STRAIGHT,MAINTAIN_SPEED
1.09,2.44,13.7,131.82,CENTER,LOW,GREEN,NO,DRY,RAIN,STRAIGHT,ACCELERATE
88.54,3.75,5.84,53.84,CENTER,LOW,RED,NO,DRY,RAIN,RIGHT,STOP
122.48,-0.12,11.8,52.17,CENTER,LOW,GREEN,NO,DRY,RAIN,RIGHT,TURN_RIGHT
36.61,1.67,9.19,34.23,CENTER,MEDIUM,YELLOW,NO,DRY,RAIN,RIGHT,TURN_RIGHT
28.98,1.34,-2.22,49.08,CENTER,LOW,GREEN,NO,DRY,CLEAR,LEFT,MAINTAIN_SPEED
85.84,-3.81,-3.64,6.37,CENTER,HIGH,GREEN,NO,SLIPPERY,CLEAR,STRAIGHT,BRAKE
5.11,-0.04,8.51,37.82,CENTER,MEDIUM,GREEN,NO,SLIPPERY,FOG,STRAIGHT,ACCELERATE
100.07,0.56,-1.32,140.01,RIGHT,MEDIUM,GREEN,NO,DRY,CLEAR,STRAIGHT,MAINTAIN_SPEED
76.61,0.93,-7.07,183.43,CENTER,LOW,GREEN,NO,WET,CLEAR,STRAIGHT,MAINTAIN_SPEED
127.16,1.36,7.37,52.85,CENTER,MEDIUM,RED,YES,DRY,CLEAR,STRAIGHT,STOP
14.0,-2.34,19.97,132.66,CENTER,HIGH,RED,NO,DRY,RAIN,STRAIGHT,BRAKE
130.08,1.23,-16.7,50.13,LEFT,MEDIUM,GREEN,NO,DRY,CLEAR,STRAIGHT,MAINTAIN_SPEED
79.41,-0.28,22.59,147.76,RIGHT,LOW,YELLOW,YES,DRY,FOG,STRAIGHT,BRAKE
137.1,0.23,11.53,61.27,CENTER,MEDIUM,RED,NO,WET,FOG,STRAIGHT,STOP
95.08,-4.41,-1.13,39.97,LEFT,MEDIUM,NONE,NO,DRY,CLEAR,STRAIGHT,MAINTAIN_SPEED
127.11,-3.85,-17.9,93.96,CENTER,MEDIUM,GREEN,YES,DRY,FOG,STRAIGHT,MAINTAIN_SPEED
3.41,2.21,-6.49,5.08,CENTER,HIGH,RED,NO,DRY,CLEAR,STRAIGHT,STOP
29.99,3.94,2.21,27.64,RIGHT,HIGH,GREEN,NO,DRY,FOG,RIGHT,MAINTAIN_SPEED
69.17,-2.67,-2.61,26.15,RIGHT,HIGH,GREEN,NO,DRY,RAIN,STRAIGHT,MAINTAIN_SPEED
129.53,3.37,-8.3,90.67,CENTER,LOW,GREEN,NO,DRY,CLEAR,STRAIGHT,MAINTAIN_SPEED
104.57,0.15,5.85,4.3,CENTER,LOW,GREEN,NO,WET,CLEAR,STRAIGHT,BRAKE
12.99,-1.13,-23.46,51.54,CENTER,MEDIUM,NONE,NO,DRY,FOG,RIGHT,TURN_RIGHT
139.88,3.06,-35.42,172.2,CENTER,HIGH,GREEN,NO,WET,CLEAR,STRAIGHT,CHANGE_LANE_LEFT
43.59,3.94,4.68,79.6,CENTER,LOW,GREEN,NO,DRY,RAIN,STRAIGHT,MAINTAIN_SPEED
63.08,2.39,4.74,134.1,LEFT,MEDIUM,GREEN,NO,WET,CLEAR,STRAIGHT,MAINTAIN_SPEED
110.72,0.43,7.76,29.35,CENTER,LOW,GREEN,NO,WET,CLEAR,LEFT,BRAKE
52.97,-0.79,9.05,101.21,CENTER,LOW,GREEN,NO,DRY,RAIN,RIGHT,TURN_RIGHT
23.63,0.76,-17.73,84.88,CENTER,LOW,YELLOW,YES,DRY,CLEAR,LEFT,TURN_LEFT
12.19,-1.28,6.19,85.47,CENTER,MEDIUM,NONE,NO,DRY,RAIN,STRAIGHT,ACCELERATE
108.15,2.11,6.62,36.7,RIGHT,MEDIUM,NONE,NO,SLIPPERY,CLEAR,RIGHT,BRAKE
146.12,0.9,-25.89,41.12,RIGHT,LOW,GREEN,NO,WET,RAIN,STRAIGHT,MAINTAIN_SPEED
24.82,-1.9,-0.81,41.91,CENTER,MEDIUM,GREEN,NO,DRY,CLEAR,STRAIGHT,MAINTAIN_SPEED
148.79,-2.07,-8.06,46.22,CENTER,MEDIUM,GREEN,NO,DRY,CLEAR,STRAIGHT,MAINTAIN_SPEED
97.2,2.12,-1.84,55.1,LEFT,LOW,GREEN,NO,DRY,CLEAR,RIGHT,MAINTAIN_SPEED
18.7,-1.41,-11.42,173.6,RIGHT,HIGH,GREEN,NO,DRY,CLEAR,STRAIGHT,CHANGE_LANE_LEFT
28.27,3.05,14.08,134.41,RIGHT,MEDIUM,RED,YES,WET,CLEAR,STRAIGHT,BRAKE
111.79,0.44,-13.53,179.46,RIGHT,HIGH,YELLOW,NO,DRY,CLEAR,LEFT,BRAKE
64.74,-1.61,-25.68,112.58,CENTER,LOW,YELLOW,NO,WET,RAIN,STRAIGHT,BRAKE
50.99,0.69,-13.64,195.61,CENTER,HIGH,NONE,NO,DRY,CLEAR,STRAIGHT,CHANGE_LANE_LEFT
37.29,0.08,-13.6,190.03,CENTER,MEDIUM,GREEN,NO,DRY,CLEAR,STRAIGHT,MAINTAIN_SPEED
56.74,-4.23,-14.53,176.41,CENTER,HIGH,GREEN,NO,DRY,CLEAR,STRAIGHT,CHANGE_LANE_LEFT
144.88,-0.74,-16.5,188.87,RIGHT,LOW,GREEN,NO,DRY,CLEAR,STRAIGHT,MAINTAIN_SPEED
45.58,-3.49,3.22,21.23,CENTER,MEDIUM,NONE,NO,DRY,CLEAR,STRAIGHT,MAINTAIN_SPEED
106.28,1.36,22.23,89.04,CENTER,LOW,YELLOW,NO,DRY,CLEAR,STRAIGHT,BRAKE
7.17,-0.02,12.68,175.39,RIGHT,LOW,RED,YES,WET,FOG,STRAIGHT,BRAKE
115.45,-2.39,-3.45,94.71,CENTER,MEDIUM,GREEN,NO,DRY,CLEAR,STRAIGHT,MAINTAIN_SPEED
73.92,-0.93,5.51,26.55,RIGHT,MEDIUM,RED,NO,DRY,CLEAR,RIGHT,STOP
43.22,0.71,8.69,185.1,RIGHT,LOW,GREEN,NO,SLIPPERY,CLEAR,STRAIGHT,MAINTAIN_SPEED
82.81,4.96,-6.81,87.04,CENTER,MEDIUM,GREEN,NO,DRY,CLEAR,STRAIGHT,MAINTAIN_SPEED
39.07,1.02,-0.61,127.5,CENTER,HIGH,GREEN,NO,DRY,CLEAR,LEFT,CHANGE_LANE_LEFT
100.23,-1.02,-2.43,162.78,CENTER,MEDIUM,GREEN,NO,DRY,CLEAR,STRAIGHT,MAINTAIN_SPEED
26.08,-1.84,1.43,50.79,LEFT,HIGH,RED,NO,DRY,CLEAR,STRAIGHT,BRAKE
34.07,0.16,0.55,105.19,CENTER,HIGH,GREEN,YES,DRY,CLEAR,STRAIGHT,CHANGE_LANE_RIGHT
29.81,3.18,-7.99,111.97,CENTER,LOW,GREEN,NO,DRY,CLEAR,STRAIGHT,MAINTAIN_SPEED
58.57,-3.48,5.83,3.5,RIGHT,LOW,GREEN,NO,DRY,RAIN,STRAIGHT,MAINTAIN_SPEED
65.85,1.38,-9.14,122.09,CENTER,MEDIUM,GREEN,NO,DRY,CLEAR,STRAIGHT,MAINTAIN_SPEED
116.76,-1.63,-4.16,179.22,CENTER,LOW,GREEN,NO,WET,CLEAR,LEFT,MAINTAIN_SPEED
120.6,4.44,16.71,90.19,CENTER,MEDIUM,RED,NO,SLIPPERY,CLEAR,STRAIGHT,ACCELERATE
142.52,3.73,19.26,75.24,CENTER,MEDIUM,GREEN,NO,DRY,CLEAR,LEFT,TURN_LEFT
71.04,5.95,3.23,78.9,CENTER,MEDIUM,GREEN,NO,DRY,CLEAR,LEFT,MAINTAIN_SPEED
83.17,1.8,-6.59,66.35,RIGHT,MEDIUM,YELLOW,NO,WET,CLEAR,LEFT,BRAKE
83.7,0.49,-24.36,29.07,CENTER,LOW,GREEN,YES,DRY,RAIN,STRAIGHT,BRAKE
127.84,-0.89,-12.96,115.63,CENTER,MEDIUM,GREEN,NO,WET,RAIN,STRAIGHT,MAINTAIN_SPEED
20.43,3.26,-6.63,151.31,CENTER,MEDIUM,NONE,NO,DRY,FOG,RIGHT,CHANGE_LANE_LEFT
110.23,-1.66,6.54,9.21,CENTER,LOW,YELLOW,YES,WET,RAIN,LEFT,BRAKE
143.58,6.82,1.96,196.65,CENTER,LOW,GREEN,NO,WET,CLEAR,LEFT,MAINTAIN_SPEED
5.24,1.05,-17.2,42.08,CENTER,HIGH,GREEN,NO,DRY,CLEAR,LEFT,TURN_LEFT
119.71,3.19,4.99,158.8,LEFT,MEDIUM,GREEN,NO,DRY,RAIN,STRAIGHT,MAINTAIN_SPEED
10.94,-0.65,1.93,78.14,CENTER,MEDIUM,GREEN,NO,DRY,CLEAR,STRAIGHT,ACCELERATE
36.42,1.79,-28.71,136.2,LEFT,HIGH,GREEN,NO,DRY,RAIN,STRAIGHT,MAINTAIN_SPEED
2.96,-1.98,0.6,8.95,CENTER,MEDIUM,GREEN,YES,DRY,FOG,STRAIGHT,STOP
18.62,4.53,27.11,130.38,CENTER,MEDIUM,GREEN,NO,DRY,CLEAR,RIGHT,TURN_RIGHT
53.87,-4.59,-6.44,90.54,LEFT,LOW,GREEN,NO,WET,RAIN,STRAIGHT,MAINTAIN_SPEED
126.57,1.85,-21.89,190.27,CENTER,LOW,RED,YES,DRY,CLEAR,RIGHT,STOP
143.33,1.69,-9.34,35.3,CENTER,LOW,NONE,YES,DRY,CLEAR,STRAIGHT,MAINTAIN_SPEED
16.79,3.48,15.29,77.63,RIGHT,HIGH,YELLOW,YES,SLIPPERY,CLEAR,STRAIGHT,MAINTAIN_SPEED
81.27,-0.12,4.96,79.43,LEFT,MEDIUM,GREEN,NO,DRY,CLEAR,LEFT,MAINTAIN_SPEED
1.36,-2.05,-7.72,54.09,CENTER,MEDIUM,GREEN,NO,DRY,CLEAR,STRAIGHT,ACCELERATE
46.78,-1.74,-25.72,169.54,CENTER,LOW,GREEN,NO,DRY,CLEAR,LEFT,TURN_LEFT
94.17,0.38,18.16,22.21,CENTER,LOW,RED,YES,DRY,CLEAR,STRAIGHT,STOP
111.34,-5.49,-3.58,6.24,LEFT,LOW,GREEN,NO,DRY,CLEAR,STRAIGHT,BRAKE
46.62,-3.01,-10.4,196.19,CENTER,MEDIUM,GREEN,NO,DRY,CLEAR,STRAIGHT,MAINTAIN_SPEED
10.64,1.51,1.03,65.65,CENTER,HIGH,NONE,NO,DRY,CLEAR,STRAIGHT,MAINTAIN_SPEED
34.77,2.48,-4.68,91.11,CENTER,LOW,YELLOW,NO,DRY,RAIN,RIGHT,MAINTAIN_SPEED
139.27,1.21,15.09,132.46,CENTER,MEDIUM,NONE,NO,DRY,RAIN,STRAIGHT,MAINTAIN_SPEED
53.47,-3.97,-22.85,150.3,LEFT,MEDIUM,GREEN,YES,WET,CLEAR,LEFT,TURN_LEFT
23.27,-0.07,-24.93,60.59,CENTER,MEDIUM,NONE,NO,DRY,CLEAR,STRAIGHT,MAINTAIN_SPEED
20.55,-0.2,19.31,85.91,RIGHT,MEDIUM,RED,YES,DRY,CLEAR,STRAIGHT,BRAKE
106.42,-2.76,4.44,159.43,CENTER,LOW,GREEN,NO,DRY,RAIN,RIGHT,MAINTAIN_SPEED
144.14,-3.15,-18.39,86.12,CENTER,MEDIUM,GREEN,NO,DRY,CLEAR,RIGHT,TURN_RIGHT
54.94,1.93,4.0,156.29,CENTER,MEDIUM,RED,YES,DRY,CLEAR,LEFT,BRAKE
132.72,-0.78,12.7,15.8,RIGHT,LOW,GREEN,NO,DRY,FOG,STRAIGHT,BRAKE
2.35,-2.16,13.64,133.86,LEFT,LOW,GREEN,NO,DRY,RAIN,RIGHT,TURN_RIGHT
56.66,-1.4,-1.9,165.55,RIGHT,MEDIUM,YELLOW,YES,DRY,CLEAR,LEFT,BRAKE
94.83,-1.82,-9.48,142.18,RIGHT,MEDIUM,GREEN,YES,DRY,FOG,LEFT,BRAKE
143.09,-1.61,-5.24,120.89,LEFT,HIGH,GREEN,NO,DRY,CLEAR,LEFT,MAINTAIN_SPEED
98.78,1.37,3.1,168.3,CENTER,MEDIUM,YELLOW,NO,DRY,RAIN,STRAIGHT,BRAKE
9.21,-6.66,-15.8,89.99,RIGHT,MEDIUM,NONE,NO,WET,CLEAR,RIGHT,TURN_RIGHT
61.28,0.22,-18.91,37.34,CENTER,MEDIUM,GREEN,NO,SLIPPERY,CLEAR,STRAIGHT,BRAKE
140.28,-2.19,-29.35,181.36,CENTER,LOW,NONE,YES,DRY,CLEAR,LEFT,TURN_LEFT
122.64,-0.64,-6.29,173.39,CENTER,MEDIUM,GREEN,NO,DRY,RAIN,STRAIGHT,MAINTAIN_SPEED
112.52,3.05,-3.57,10.61,RIGHT,HIGH,GREEN,NO,DRY,FOG,LEFT,BRAKE
132.29,0.03,3.89,5.95,CENTER,HIGH,GREEN,NO,DRY,CLEAR,STRAIGHT,BRAKE
61.81,-2.44,-5.81,64.81,LEFT,LOW,GREEN,YES,DRY,CLEAR,RIGHT,MAINTAIN_SPEED
113.16,-6.45,32.39,130.72,CENTER,MEDIUM,GREEN,NO,DRY,RAIN,RIGHT,TURN_RIGHT
88.46,-2.75,4.34,145.78,CENTER,LOW,NONE,NO,DRY,CLEAR,RIGHT,MAINTAIN_SPEED
123.25,-0.34,-9.05,49.62,CENTER,HIGH,GREEN,YES,DRY,CLEAR,LEFT,TURN_LEFT
84.86,0.01,-1.72,68.93,CENTER,HIGH,YELLOW,YES,WET,CLEAR,STRAIGHT,BRAKE
27.74,2.95,15.17,143.05,CENTER,LOW,NONE,NO,WET,CLEAR,LEFT,TURN_LEFT
105.43,1.45,5.32,140.92,CENTER,LOW,GREEN,NO,SLIPPERY,RAIN,RIGHT,BRAKE
126.07,-6.15,6.82,68.09,CENTER,LOW,GREEN,NO,SLIPPERY,RAIN,STRAIGHT,BRAKE
94.48,-0.03,-12.18,175.51,LEFT,MEDIUM,NONE,NO,WET,CLEAR,STRAIGHT,MAINTAIN_SPEED
24.28,3.56,-18.28,196.64,LEFT,LOW,YELLOW,NO,DRY,CLEAR,STRAIGHT,MAINTAIN_SPEED
86.97,-8.4,-8.37,175.7,CENTER,MEDIUM,GREEN,NO,WET,CLEAR,STRAIGHT,TURN_LEFT
147.98,0.2,2.81,69.68,CENTER,MEDIUM,GREEN,YES,DRY,CLEAR,LEFT,MAINTAIN_SPEED
148.65,-2.04,-1.62,84.86,LEFT,HIGH,RED,NO,DRY,CLEAR,LEFT,STOP
105.06,-4.03,2.53,144.57,LEFT,MEDIUM,NONE,NO,DRY,FOG,RIGHT,MAINTAIN_SPEED
130.03,1.87,-4.26,71.72,RIGHT,HIGH,GREEN,NO,DRY,CLEAR,STRAIGHT,MAINTAIN_SPEED
96.62,0.32,-19.47,53.63,LEFT,MEDIUM,GREEN,YES,DRY,CLEAR,STRAIGHT,MAINTAIN_SPEED
137.26,1.16,-10.1,112.81,CENTER,HIGH,GREEN,NO,SLIPPERY,CLEAR,STRAIGHT,BRAKE
49.13,2.23,8.39,137.47,LEFT,MEDIUM,YELLOW,NO,DRY,CLEAR,RIGHT,TURN_RIGHT
110.25,1.82,9.7,66.06,CENTER,MEDIUM,RED,NO,DRY,CLEAR,STRAIGHT,STOP
37.04,4.88,15.73,76.95,LEFT,HIGH,GREEN,NO,DRY,RAIN,STRAIGHT,CHANGE_LANE_RIGHT
94.11,-2.51,-2.55,173.68,CENTER,LOW,GREEN,NO,DRY,CLEAR,STRAIGHT,MAINTAIN_SPEED
37.93,-0.1,-12.58,76.2,RIGHT,HIGH,GREEN,NO,DRY,CLEAR,STRAIGHT,ACCELERATE
98.71,-3.56,-16.51,186.18,CENTER,LOW,GREEN,NO,WET,CLEAR,LEFT,TURN_LEFT
89.3,-0.78,7.76,164.45,CENTER,MEDIUM,GREEN,NO,WET,CLEAR,STRAIGHT,MAINTAIN_SPEED
38.53,5.34,-4.72,154.54,RIGHT,MEDIUM,GREEN,NO,WET,CLEAR,STRAIGHT,MAINTAIN_SPEED
142.14,0.41,1.04,181.03,LEFT,MEDIUM,NONE,NO,DRY,CLEAR,RIGHT,MAINTAIN_SPEED
94.84,-1.12,-7.44,55.52,LEFT,LOW,YELLOW,NO,DRY,CLEAR,LEFT,BRAKE
55.11,-1.36,13.6,30.22,CENTER,MEDIUM,GREEN,NO,WET,CLEAR,LEFT,TURN_LEFT
132.08,0.32,-2.88,124.72,CENTER,MEDIUM,NONE,NO,WET,CLEAR,STRAIGHT,MAINTAIN_SPEED
22.63,0.79,-17.12,157.52,CENTER,LOW,GREEN,NO,DRY,CLEAR,RIGHT,TURN_RIGHT
137.79,2.76,-6.09,94.07,RIGHT,LOW,GREEN,YES,WET,CLEAR,RIGHT,MAINTAIN_SPEED
81.77,6.43,-5.91,178.15,LEFT,LOW,GREEN,NO,WET,RAIN,STRAIGHT,MAINTAIN_SPEED
81.48,-2.16,18.18,95.74,LEFT,HIGH,GREEN,NO,DRY,CLEAR,STRAIGHT,CHANGE_LANE_RIGHT
86.92,1.4,-8.9,106.15,CENTER,MEDIUM,YELLOW,NO,WET,CLEAR,STRAIGHT,BRAKE
146.61,1.66,-15.82,140.66,RIGHT,MEDIUM,GREEN,NO,DRY,CLEAR,RIGHT,TURN_RIGHT
88.04,-1.53,-20.45,45.38,CENTER,MEDIUM,YELLOW,NO,DRY,CLEAR,LEFT,BRAKE
60.55,2.04,-8.8,144.24,CENTER,LOW,GREEN,YES,DRY,CLEAR,LEFT,TURN_LEFT
3.82,-0.77,-3.44,30.39,CENTER,LOW,YELLOW,NO,DRY,CLEAR,RIGHT,MAINTAIN_SPEED
127.02,-0.1,8.67,196.45,CENTER,MEDIUM,GREEN,NO,DRY,CLEAR,STRAIGHT,MAINTAIN_SPEED
130.51,-0.85,-14.31,115.41,RIGHT,HIGH,GREEN,NO,WET,CLEAR,STRAIGHT,CHANGE_LANE_LEFT
137.18,0.59,3.41,175.14,CENTER,HIGH,RED,NO,DRY,CLEAR,STRAIGHT,STOP
30.13,0.71,20.41,104.69,CENTER,LOW,GREEN,YES,WET,CLEAR,STRAIGHT,MAINTAIN_SPEED
11.49,2.01,-4.64,77.82,CENTER,MEDIUM,GREEN,NO,DRY,CLEAR,RIGHT,ACCELERATE
78.58,0.07,11.74,68.54,RIGHT,MEDIUM,YELLOW,NO,DRY,CLEAR,LEFT,BRAKE
87.73,1.6,-14.03,139.75,LEFT,HIGH,GREEN,YES,DRY,CLEAR,STRAIGHT,MAINTAIN_SPEED
126.83,6.97,0.78,24.44,CENTER,MEDIUM,NONE,NO,DRY,CLEAR,RIGHT,ACCELERATE
107.24,-1.66,30.58,63.73,CENTER,HIGH,GREEN,NO,DRY,RAIN,LEFT,TURN_LEFT
142.12,0.29,24.65,130.67,LEFT,MEDIUM,NONE,NO,DRY,FOG,STRAIGHT,MAINTAIN_SPEED
62.42,2.55,-12.3,11.41,CENTER,MEDIUM,GREEN,NO,WET,RAIN,STRAIGHT,MAINTAIN_SPEED
105.95,0.73,4.93,12.69,CENTER,MEDIUM,NONE,NO,DRY,CLEAR,STRAIGHT,BRAKE
116.31,-2.41,-2.87,8.31,LEFT,MEDIUM,GREEN,NO,SLIPPERY,RAIN,STRAIGHT,BRAKE
88.98,2.24,14.8,161.3,CENTER,HIGH,GREEN,YES,DRY,CLEAR,LEFT,TURN_LEFT
122.9,-4.13,11.35,105.35,RIGHT,LOW,GREEN,NO,SLIPPERY,FOG,RIGHT,BRAKE
133.41,-4.1,4.23,185.72,CENTER,HIGH,GREEN,NO,DRY,CLEAR,LEFT,CHANGE_LANE_RIGHT
21.51,0.79,13.23,174.51,CENTER,LOW,GREEN,NO,DRY,RAIN,STRAIGHT,MAINTAIN_SPEED
19.77,0.97,-15.55,130.32,LEFT,MEDIUM,GREEN,YES,DRY,CLEAR,RIGHT,TURN_RIGHT
129.8,0.03,9.66,104.51,CENTER,MEDIUM,YELLOW,YES,SLIPPERY,FOG,RIGHT,BRAKE
3.02,-4.16,-20.8,32.33,CENTER,MEDIUM,GREEN,NO,DRY,CLEAR,RIGHT,TURN_RIGHT
20.88,0.83,6.34,99.11,CENTER,MEDIUM,GREEN,NO,DRY,FOG,STRAIGHT,MAINTAIN_SPEED
8.02,2.67,-12.85,105.02,CENTER,LOW,GREEN,NO,DRY,CLEAR,STRAIGHT,ACCELERATE
114.26,3.64,3.93,114.17,LEFT,LOW,GREEN,NO,DRY,FOG,RIGHT,MAINTAIN_SPEED
6.78,1.59,-12.43,89.72,CENTER,HIGH,RED,NO,WET,CLEAR,LEFT,BRAKE
86.98,0.36,0.02,168.8,CENTER,HIGH,GREEN,NO,DRY,CLEAR,STRAIGHT,CHANGE_LANE_RIGHT
134.51,1.79,15.11,105.28,RIGHT,LOW,NONE,NO,DRY,CLEAR,RIGHT,TURN_RIGHT
4.79,-0.31,-8.2,72.62,LEFT,MEDIUM,GREEN,NO,DRY,FOG,LEFT,TURN_LEFT
43.2,-0.31,8.86,97.94,LEFT,MEDIUM,GREEN,NO,DRY,CLEAR,STRAIGHT,MAINTAIN_SPEED
50.52,-3.3,-4.86,24.34,CENTER,MEDIUM,GREEN,NO,DRY,FOG,STRAIGHT,MAINTAIN_SPEED
108.13,-0.37,2.19,165.76,RIGHT,MEDIUM,GREEN,NO,DRY,RAIN,LEFT,MAINTAIN_SPEED
14.79,4.08,-2.09,188.78,LEFT,HIGH,RED,YES,WET,CLEAR,STRAIGHT,BRAKE
56.63,-3.52,5.12,131.88,CENTER,LOW,GREEN,YES,DRY,CLEAR,LEFT,MAINTAIN_SPEED
88.36,-5.39,4.69,10.71,CENTER,MEDIUM,GREEN,NO,DRY,CLEAR,STRAIGHT,MAINTAIN_SPEED
10.2,-2.1,4.7,39.14,LEFT,MEDIUM,GREEN,NO,DRY,CLEAR,LEFT,ACCELERATE
99.68,-0.08,-20.67,164.96,LEFT,MEDIUM,GREEN,NO,DRY,RAIN,STRAIGHT,MAINTAIN_SPEED
37.03,-1.2,-1.57,116.48,CENTER,MEDIUM,GREEN,NO,DRY,RAIN,RIGHT,MAINTAIN_SPEED
82.19,1.7,8.32,126.46,CENTER,HIGH,GREEN,NO,DRY,CLEAR,STRAIGHT,CHANGE_LANE_RIGHT
110.68,-2.87,-10.07,137.13,LEFT,MEDIUM,NONE,NO,DRY,RAIN,STRAIGHT,MAINTAIN_SPEED
11.71,-5.02,-0.13,90.73,RIGHT,MEDIUM,RED,YES,WET,CLEAR,STRAIGHT,BRAKE
37.32,-4.78,2.54,70.07,CENTER,MEDIUM,YELLOW,NO,DRY,RAIN,STRAIGHT,MAINTAIN_SPEED
72.41,3.07,-0.6,35.88,CENTER,MEDIUM,NONE,YES,WET,CLEAR,STRAIGHT,TURN_RIGHT
43.33,-4.45,-15.37,72.29,CENTER,MEDIUM,NONE,NO,WET,RAIN,STRAIGHT,MAINTAIN_SPEED
41.17,1.57,9.2,60.28,LEFT,LOW,RED,NO,WET,CLEAR,STRAIGHT,BRAKE
145.77,-2.43,7.41,67.1,RIGHT,MEDIUM,GREEN,YES,DRY,FOG,LEFT,MAINTAIN_SPEED
7.56,2.14,5.13,167.46,CENTER,MEDIUM,RED,NO,DRY,RAIN,RIGHT,BRAKE
61.54,-2.18,-0.48,126.47,LEFT,MEDIUM,YELLOW,NO,DRY,CLEAR,STRAIGHT,BRAKE
67.31,0.92,-11.86,21.64,LEFT,LOW,GREEN,NO,DRY,CLEAR,STRAIGHT,MAINTAIN_SPEED
141.24,-1.72,1.56,143.03,CENTER,HIGH,GREEN,NO,WET,CLEAR,STRAIGHT,CHANGE_LANE_RIGHT
87.57,3.08,-2.09,18.77,CENTER,HIGH,GREEN,NO,DRY,CLEAR,STRAIGHT,MAINTAIN_SPEED
12.2,0.76,0.56,44.59,CENTER,HIGH,GREEN,YES,DRY,RAIN,STRAIGHT,CHANGE_LANE_RIGHT
96.53,-1.65,2.69,26.75,RIGHT,HIGH,GREEN,NO,DRY,CLEAR,STRAIGHT,BRAKE
141.86,-2.99,-14.07,20.06,CENTER,HIGH,RED,NO,DRY,CLEAR,STRAIGHT,STOP
123.42,-0.77,10.52,84.16,LEFT,LOW,YELLOW,NO,DRY,RAIN,RIGHT,BRAKE
83.31,-4.4,-6.01,12.73,CENTER,MEDIUM,NONE,NO,DRY,CLEAR,STRAIGHT,MAINTAIN_SPEED
92.67,-1.81,1.95,175.44,RIGHT,HIGH,NONE,NO,DRY,CLEAR,STRAIGHT,MAINTAIN_SPEED
54.16,-3.52,-15.71,116.98,CENTER,HIGH,YELLOW,NO,DRY,RAIN,LEFT,TURN_LEFT
18.12,2.07,-5.85,51.09,CENTER,MEDIUM,NONE,NO,DRY,CLEAR,STRAIGHT,MAINTAIN_SPEED
115.1,2.63,-1.7,86.8,LEFT,LOW,RED,NO,DRY,RAIN,STRAIGHT,STOP
71.19,-2.27,6.04,188.91,LEFT,MEDIUM,GREEN,NO,DRY,CLEAR,STRAIGHT,MAINTAIN_SPEED
108.33,1.17,-11.2,100.88,LEFT,MEDIUM,GREEN,YES,DRY,CLEAR,STRAIGHT,MAINTAIN_SPEED
77.98,-3.15,22.3,107.64,CENTER,HIGH,RED,NO,DRY,CLEAR,LEFT,STOP
4.0,0.29,4.81,185.51,RIGHT,LOW,NONE,NO,DRY,CLEAR,RIGHT,ACCELERATE
143.28,1.35,-14.5,171.74,CENTER,HIGH,RED,NO,WET,CLEAR,RIGHT,STOP
98.83,-0.19,-13.38,167.97,LEFT,HIGH,NONE,NO,SLIPPERY,CLEAR,RIGHT,BRAKE
101.89,5.07,-18.55,97.77,RIGHT,MEDIUM,RED,NO,DRY,CLEAR,STRAIGHT,STOP
35.52,-0.38,11.11,179.85,CENTER,HIGH,GREEN,NO,DRY,RAIN,LEFT,TURN_LEFT
140.27,-3.89,5.53,60.58,RIGHT,MEDIUM,GREEN,NO,DRY,CLEAR,RIGHT,MAINTAIN_SPEED
140.32,0.88,-17.4,21.17,CENTER,LOW,YELLOW,NO,DRY,RAIN,STRAIGHT,BRAKE
53.91,3.95,11.85,182.53,LEFT,LOW,NONE,NO,DRY,CLEAR,STRAIGHT,MAINTAIN_SPEED
73.35,1.98,-18.16,90.88,LEFT,LOW,GREEN,NO,DRY,RAIN,LEFT,TURN_LEFT
59.29,-0.96,5.74,195.54,LEFT,LOW,NONE,YES,SLIPPERY,CLEAR,STRAIGHT,BRAKE
109.02,-3.27,-2.73,126.67,CENTER,MEDIUM,GREEN,NO,SLIPPERY,FOG,STRAIGHT,BRAKE
88.85,-1.91,-9.14,196.62,CENTER,LOW,GREEN,NO,SLIPPERY,CLEAR,STRAIGHT,BRAKE
66.9,2.17,24.32,199.49,RIGHT,HIGH,YELLOW,NO,DRY,CLEAR,STRAIGHT,BRAKE
37.19,1.26,24.54,36.41,LEFT,LOW,GREEN,NO,WET,CLEAR,RIGHT,TURN_RIGHT
117.73,-0.03,5.78,123.3,CENTER,MEDIUM,GREEN,NO,DRY,RAIN,STRAIGHT,MAINTAIN_SPEED
47.6,-2.1,-22.91,152.0,CENTER,MEDIUM,YELLOW,NO,WET,CLEAR,STRAIGHT,MAINTAIN_SPEED
139.38,-0.88,10.22,124.03,CENTER,HIGH,GREEN,YES,WET,FOG,RIGHT,STOP
132.39,-0.93,-23.28,148.78,LEFT,LOW,GREEN,NO,DRY,RAIN,STRAIGHT,MAINTAIN_SPEED
39.59,2.1,11.41,61.63,CENTER,HIGH,RED,NO,WET,CLEAR,STRAIGHT,BRAKE
101.57,-1.47,-23.87,104.47,CENTER,HIGH,NONE,NO,DRY,CLEAR,LEFT,TURN_LEFT
44.4,0.58,2.89,156.23,CENTER,LOW,NONE,NO,WET,CLEAR,STRAIGHT,MAINTAIN_SPEED
27.48,-1.83,-3.21,110.11,CENTER,MEDIUM,GREEN,NO,WET,FOG,STRAIGHT,MAINTAIN_SPEED
43.25,0.71,-9.49,163.18,CENTER,HIGH,GREEN,NO,DRY,FOG,STRAIGHT,CHANGE_LANE_LEFT
18.82,-2.69,-8.96,85.79,CENTER,MEDIUM,GREEN,NO,WET,CLEAR,STRAIGHT,MAINTAIN_SPEED
145.56,-0.82,8.24,157.69,RIGHT,HIGH,GREEN,NO,SLIPPERY,CLEAR,LEFT,BRAKE
38.45,0.35,-5.86,116.53,RIGHT,LOW,RED,NO,WET,CLEAR,LEFT,BRAKE
96.29,3.96,-8.34,137.44,RIGHT,LOW,GREEN,NO,SLIPPERY,CLEAR,LEFT,BRAKE
21.37,3.27,-6.73,25.15,CENTER,LOW,YELLOW,YES,DRY,CLEAR,STRAIGHT,BRAKE
136.52,2.33,2.56,62.22,LEFT,HIGH,GREEN,NO,SLIPPERY,CLEAR,LEFT,BRAKE
32.51,2.41,3.91,196.94,LEFT,LOW,GREEN,NO,DRY,CLEAR,STRAIGHT,MAINTAIN_SPEED
118.87,-1.85,3.76,100.13,RIGHT,HIGH,GREEN,NO,DRY,CLEAR,LEFT,MAINTAIN_SPEED
106.72,4.2,-20.89,73.33,RIGHT,MEDIUM,GREEN,NO,WET,CLEAR,RIGHT,TURN_RIGHT
84.26,-1.73,9.71,102.21,CENTER,MEDIUM,RED,NO,DRY,CLEAR,STRAIGHT,STOP
15.46,3.22,-16.72,46.95,RIGHT,MEDIUM,YELLOW,NO,DRY,RAIN,STRAIGHT,MAINTAIN_SPEED
112.72,-0.15,-0.23,60.18,RIGHT,HIGH,NONE,YES,DRY,CLEAR,RIGHT,MAINTAIN_SPEED
68.62,2.3,27.26,135.08,LEFT,HIGH,GREEN,YES,DRY,CLEAR,STRAIGHT,CHANGE_LANE_RIGHT
145.54,2.51,9.49,38.21,LEFT,HIGH,GREEN,NO,DRY,CLEAR,STRAIGHT,MAINTAIN_SPEED
94.32,-0.74,-7.89,185.36,CENTER,LOW,GREEN,NO,DRY,CLEAR,LEFT,MAINTAIN_SPEED
20.68,1.77,-1.76,97.26,RIGHT,LOW,GREEN,YES,DRY,CLEAR,STRAIGHT,MAINTAIN_SPEED
140.41,5.36,8.45,152.19,CENTER,MEDIUM,NONE,NO,SLIPPERY,RAIN,RIGHT,BRAKE
40.06,5.3,21.88,60.15,CENTER,LOW,GREEN,NO,SLIPPERY,CLEAR,STRAIGHT,MAINTAIN_SPEED
72.08,-2.36,5.36,95.14,LEFT,MEDIUM,NONE,NO,WET,CLEAR,RIGHT,MAINTAIN_SPEED
75.56,-2.15,0.86,159.88,CENTER,LOW,GREEN,NO,DRY,CLEAR,STRAIGHT,MAINTAIN_SPEED
57.26,-2.39,0.93,80.46,CENTER,LOW,GREEN,NO,DRY,CLEAR,LEFT,MAINTAIN_SPEED
65.22,1.05,-3.02,142.67,CENTER,HIGH,GREEN,NO,DRY,CLEAR,STRAIGHT,CHANGE_LANE_LEFT
46.3,0.23,-6.53,132.79,CENTER,MEDIUM,GREEN,NO,DRY,CLEAR,STRAIGHT,MAINTAIN_SPEED
40.97,-2.05,-13.14,34.15,CENTER,MEDIUM,YELLOW,NO,DRY,CLEAR,STRAIGHT,MAINTAIN_SPEED
59.65,1.3,-1.12,176.51,CENTER,LOW,GREEN,NO,DRY,CLEAR,STRAIGHT,MAINTAIN_SPEED
126.81,-1.56,-4.02,11.36,LEFT,LOW,GREEN,YES,WET,CLEAR,STRAIGHT,BRAKE
49.67,-0.65,3.19,94.48,CENTER,MEDIUM,GREEN,NO,WET,CLEAR,STRAIGHT,MAINTAIN_SPEED
59.79,-0.18,-5.75,101.91,RIGHT,HIGH,GREEN,NO,DRY,CLEAR,STRAIGHT,MAINTAIN_SPEED
12.66,0.15,2.06,154.94,CENTER,LOW,GREEN,NO,DRY,CLEAR,STRAIGHT,ACCELERATE
21.94,5.99,-3.39,7.03,CENTER,LOW,GREEN,NO,DRY,CLEAR,RIGHT,MAINTAIN_SPEED
117.61,-4.47,-31.79,10.67,RIGHT,MEDIUM,GREEN,YES,WET,CLEAR,STRAIGHT,BRAKE
16.18,2.17,-8.53,155.84,LEFT,LOW,NONE,NO,DRY,CLEAR,STRAIGHT,ACCELERATE
25.91,1.85,0.87,192.66,RIGHT,LOW,NONE,NO,SLIPPERY,CLEAR,STRAIGHT,MAINTAIN_SPEED
140.71,-1.18,3.3,155.47,LEFT,HIGH,NONE,NO,DRY,CLEAR,RIGHT,MAINTAIN_SPEED
53.81,-0.36,4.65,181.83,CENTER,HIGH,RED,YES,DRY,CLEAR,STRAIGHT,BRAKE
68.16,2.67,-7.97,85.51,CENTER,HIGH,GREEN,NO,WET,RAIN,RIGHT,CHANGE_LANE_LEFT
111.0,2.92,-44.47,134.61,LEFT,LOW,RED,YES,DRY,FOG,STRAIGHT,STOP
112.54,-1.42,-2.32,178.6,CENTER,MEDIUM,GREEN,NO,WET,CLEAR,STRAIGHT,MAINTAIN_SPEED
56.53,-0.38,8.81,161.29,LEFT,MEDIUM,GREEN,NO,DRY,FOG,STRAIGHT,MAINTAIN_SPEED
29.19,-1.27,-5.9,158.38,RIGHT,HIGH,NONE,NO,DRY,FOG,RIGHT,MAINTAIN_SPEED
59.69,4.92,16.24,95.27,RIGHT,LOW,GREEN,YES,DRY,RAIN,STRAIGHT,MAINTAIN_SPEED
9.03,-2.17,-16.69,127.71,CENTER,LOW,GREEN,NO,DRY,CLEAR,STRAIGHT,ACCELERATE
54.22,0.49,10.46,142.37,LEFT,LOW,GREEN,NO,DRY,CLEAR,RIGHT,TURN_RIGHT
20.83,-2.36,4.85,34.43,LEFT,HIGH,GREEN,NO,WET,CLEAR,LEFT,MAINTAIN_SPEED
38.57,1.83,-19.99,45.44,RIGHT,MEDIUM,NONE,NO,DRY,CLEAR,STRAIGHT,MAINTAIN_SPEED
9.68,-3.03,-30.56,181.5,CENTER,MEDIUM,NONE,NO,DRY,CLEAR,STRAIGHT,ACCELERATE
99.13,0.42,6.61,15.33,CENTER,HIGH,NONE,NO,DRY,RAIN,STRAIGHT,BRAKE
125.64,-2.82,-0.65,42.87,LEFT,HIGH,YELLOW,NO,WET,CLEAR,LEFT,BRAKE
5.69,-1.64,3.43,46.97,LEFT,HIGH,NONE,YES,DRY,CLEAR,STRAIGHT,ACCELERATE
6.87,1.58,-15.89,114.76,RIGHT,MEDIUM,GREEN,YES,DRY,CLEAR,STRAIGHT,ACCELERATE
92.35,0.51,-0.71,146.42,CENTER,MEDIUM,NONE,NO,DRY,RAIN,LEFT,MAINTAIN_SPEED
12.2,2.33,-22.78,98.69,CENTER,LOW,GREEN,NO,DRY,RAIN,STRAIGHT,ACCELERATE
16.09,-3.16,0.35,168.77,LEFT,HIGH,YELLOW,NO,DRY,CLEAR,STRAIGHT,ACCELERATE
108.8,5.2,-10.93,86.62,CENTER,MEDIUM,GREEN,NO,DRY,RAIN,RIGHT,TURN_RIGHT
1.19,-1.76,1.71,28.58,CENTER,MEDIUM,NONE,NO,DRY,CLEAR,STRAIGHT,MAINTAIN_SPEED
40.97,0.93,-13.84,43.91,LEFT,HIGH,RED,YES,DRY,CLEAR,RIGHT,BRAKE
81.1,0.08,2.76,178.32,CENTER,LOW,YELLOW,NO,WET,CLEAR,STRAIGHT,BRAKE
29.43,4.06,-1.07,80.41,LEFT,HIGH,YELLOW,NO,DRY,RAIN,STRAIGHT,MAINTAIN_SPEED
0.79,-2.76,15.22,73.18,CENTER,HIGH,RED,NO,DRY,CLEAR,LEFT,BRAKE
113.69,-1.91,-16.81,96.33,CENTER,LOW,NONE,YES,DRY,CLEAR,RIGHT,TURN_RIGHT
27.97,0.98,-2.57,107.91,CENTER,HIGH,GREEN,NO,DRY,RAIN,STRAIGHT,CHANGE_LANE_LEFT
40.21,-1.75,-4.43,116.47,RIGHT,MEDIUM,YELLOW,NO,DRY,CLEAR,STRAIGHT,MAINTAIN_SPEED
137.08,-1.64,-16.14,175.46,CENTER,MEDIUM,GREEN,NO,SLIPPERY,CLEAR,STRAIGHT,BRAKE
50.25,0.98,8.56,75.13,CENTER,LOW,YELLOW,NO,DRY,RAIN,RIGHT,TURN_RIGHT
36.77,-3.45,15.95,188.65,LEFT,LOW,RED,NO,DRY,CLEAR,STRAIGHT,BRAKE
60.11,4.3,20.54,145.77,LEFT,HIGH,GREEN,NO,DRY,CLEAR,RIGHT,TURN_RIGHT
62.04,0.63,5.23,25.55,CENTER,LOW,GREEN,NO,WET,FOG,RIGHT,MAINTAIN_SPEED
46.86,1.83,18.22,92.98,RIGHT,MEDIUM,RED,NO,DRY,CLEAR,LEFT,BRAKE
91.39,4.63,-7.05,95.5,CENTER,MEDIUM,NONE,NO,DRY,CLEAR,STRAIGHT,MAINTAIN_SPEED
55.22,1.87,7.64,128.97,CENTER,HIGH,NONE,NO,DRY,CLEAR,STRAIGHT,CHANGE_LANE_RIGHT
143.87,0.78,-11.82,95.2,CENTER,HIGH,RED,NO,DRY,CLEAR,STRAIGHT,STOP
20.01,-4.56,-0.37,147.61,CENTER,MEDIUM,GREEN,NO,SLIPPERY,CLEAR,STRAIGHT,ACCELERATE
26.16,-1.84,2.29,31.79,RIGHT,LOW,RED,NO,DRY,CLEAR,STRAIGHT,BRAKE
5.28,2.25,7.54,191.5,CENTER,MEDIUM,GREEN,NO,DRY,FOG,STRAIGHT,ACCELERATE
3.18,-0.2,-13.18,155.21,RIGHT,LOW,GREEN,NO,DRY,RAIN,STRAIGHT,ACCELERATE
135.54,0.1,7.18,140.02,CENTER,LOW,GREEN,NO,DRY,CLEAR,STRAIGHT,MAINTAIN_SPEED
41.98,3.02,-22.87,161.33,LEFT,MEDIUM,YELLOW,NO,DRY,CLEAR,STRAIGHT,MAINTAIN_SPEED
47.31,-2.59,-10.57,115.25,RIGHT,MEDIUM,NONE,NO,DRY,CLEAR,RIGHT,TURN_RIGHT
36.9,2.92,-17.67,101.81,CENTER,HIGH,GREEN,NO,DRY,FOG,STRAIGHT,CHANGE_LANE_LEFT
96.85,1.9,-6.08,71.73,CENTER,MEDIUM,GREEN,YES,SLIPPERY,CLEAR,STRAIGHT,BRAKE
29.83,0.11,-6.75,129.33,RIGHT,LOW,RED,NO,DRY,CLEAR,RIGHT,BRAKE
109.84,0.69,2.39,47.95,CENTER,LOW,GREEN,NO,DRY,CLEAR,LEFT,MAINTAIN_SPEED
79.8,2.71,-4.72,120.75,RIGHT,HIGH,GREEN,NO,DRY,CLEAR,LEFT,MAINTAIN_SPEED
143.14,2.84,2.12,27.0,LEFT,HIGH,GREEN,NO,DRY,FOG,STRAIGHT,BRAKE
100.76,0.69,16.05,55.07,LEFT,LOW,GREEN,NO,DRY,FOG,STRAIGHT,MAINTAIN_SPEED
73.66,-2.33,2.95,175.39,LEFT,LOW,GREEN,NO,DRY,CLEAR,STRAIGHT,MAINTAIN_SPEED
49.01,2.6,7.43,26.22,LEFT,HIGH,GREEN,NO,DRY,CLEAR,STRAIGHT,MAINTAIN_SPEED
66.95,1.56,9.35,4.91,RIGHT,HIGH,GREEN,NO,DRY,CLEAR,RIGHT,TURN_RIGHT
8.99,-0.56,19.76,133.14,LEFT,LOW,GREEN,YES,DRY,RAIN,STRAIGHT,ACCELERATE
33.95,1.75,17.51,34.88,RIGHT,MEDIUM,NONE,NO,DRY,RAIN,LEFT,TURN_LEFT
122.27,-2.28,19.67,75.62,RIGHT,HIGH,YELLOW,NO,DRY,RAIN,STRAIGHT,BRAKE
111.84,-1.56,-4.95,124.59,CENTER,LOW,GREEN,NO,DRY,CLEAR,STRAIGHT,MAINTAIN_SPEED
3.15,1.13,-16.41,62.63,RIGHT,HIGH,GREEN,NO,DRY,CLEAR,RIGHT,TURN_RIGHT
49.66,1.99,10.48,133.19,CENTER,HIGH,GREEN,YES,DRY,CLEAR,STRAIGHT,CHANGE_LANE_RIGHT
111.23,-1.12,20.82,136.01,RIGHT,MEDIUM,GREEN,NO,DRY,CLEAR,RIGHT,TURN_RIGHT
12.27,1.16,2.24,142.57,CENTER,MEDIUM,GREEN,NO,DRY,CLEAR,LEFT,ACCELERATE
54.65,0.27,-5.75,32.48,LEFT,MEDIUM,GREEN,NO,DRY,CLEAR,STRAIGHT,MAINTAIN_SPEED
11.82,-1.45,11.71,142.42,CENTER,MEDIUM,GREEN,YES,DRY,CLEAR,RIGHT,TURN_RIGHT
64.12,2.25,19.37,178.96,CENTER,HIGH,GREEN,YES,WET,CLEAR,LEFT,TURN_LEFT
102.71,-2.03,-31.78,23.1,CENTER,LOW,RED,NO,WET,CLEAR,LEFT,STOP
105.84,-0.11,-21.23,133.59,RIGHT,LOW,RED,NO,DRY,CLEAR,STRAIGHT,STOP
106.34,2.93,-11.47,168.78,CENTER,LOW,GREEN,NO,DRY,FOG,STRAIGHT,MAINTAIN_SPEED
80.58,-3.34,-7.31,94.48,CENTER,MEDIUM,GREEN,NO,DRY,CLEAR,RIGHT,MAINTAIN_SPEED
89.27,-0.59,-6.52,91.13,LEFT,LOW,GREEN,NO,DRY,RAIN,STRAIGHT,MAINTAIN_SPEED
121.52,0.2,-12.05,117.65,CENTER,HIGH,GREEN,NO,DRY,RAIN,STRAIGHT,CHANGE_LANE_LEFT
75.32,-0.39,5.43,113.57,CENTER,HIGH,RED,NO,SLIPPERY,CLEAR,RIGHT,STOP
57.73,-2.72,0.6,55.88,LEFT,HIGH,GREEN,YES,DRY,CLEAR,STRAIGHT,MAINTAIN_SPEED
130.98,-1.6,1.96,105.09,CENTER,HIGH,RED,NO,DRY,RAIN,LEFT,STOP
113.76,0.17,-13.06,163.48,CENTER,LOW,NONE,NO,WET,RAIN,RIGHT,TURN_RIGHT
1.97,-3.27,31.76,63.63,CENTER,MEDIUM,GREEN,NO,WET,CLEAR,LEFT,TURN_LEFT
116.05,-4.05,20.41,101.42,CENTER,LOW,NONE,NO,WET,CLEAR,STRAIGHT,MAINTAIN_SPEED
130.85,1.6,-2.88,23.09,CENTER,LOW,GREEN,YES,DRY,CLEAR,RIGHT,BRAKE
133.81,-2.17,7.7,97.4,LEFT,HIGH,RED,NO,WET,CLEAR,LEFT,STOP
10.55,3.2,-23.08,69.88,LEFT,LOW,GREEN,NO,WET,RAIN,STRAIGHT,ACCELERATE
60.63,-2.16,10.57,110.48,RIGHT,HIGH,GREEN,NO,WET,CLEAR,STRAIGHT,MAINTAIN_SPEED
114.03,3.16,-0.37,152.97,CENTER,MEDIUM,GREEN,NO,WET,CLEAR,STRAIGHT,MAINTAIN_SPEED
121.08,-0.2,-2.29,125.38,LEFT,LOW,GREEN,NO,DRY,CLEAR,STRAIGHT,MAINTAIN_SPEED
37.52,-2.16,-0.18,158.62,CENTER,MEDIUM,GREEN,NO,DRY,CLEAR,STRAIGHT,MAINTAIN_SPEED
124.63,2.95,-7.9,114.42,CENTER,LOW,RED,YES,SLIPPERY,RAIN,STRAIGHT,STOP
105.74,-3.29,-3.41,146.14,CENTER,LOW,GREEN,NO,WET,CLEAR,LEFT,MAINTAIN_SPEED
77.48,-1.76,1.08,43.94,CENTER,LOW,GREEN,NO,WET,CLEAR,STRAIGHT,MAINTAIN_SPEED
65.36,-1.22,-10.38,38.54,CENTER,LOW,GREEN,YES,DRY,CLEAR,STRAIGHT,ACCELERATE
108.15,4.29,2.05,136.14,CENTER,MEDIUM,GREEN,YES,DRY,CLEAR,STRAIGHT,MAINTAIN_SPEED
38.76,0.59,10.8,89.72,LEFT,LOW,GREEN,NO,SLIPPERY,CLEAR,STRAIGHT,MAINTAIN_SPEED
124.89,4.28,20.78,6.75,RIGHT,MEDIUM,GREEN,NO,DRY,CLEAR,RIGHT,TURN_RIGHT
61.8,-0.31,-11.98,122.05,RIGHT,MEDIUM,YELLOW,NO,DRY,RAIN,STRAIGHT,BRAKE
96.12,-3.59,14.4,111.2,RIGHT,MEDIUM,GREEN,YES,DRY,CLEAR,STRAIGHT,MAINTAIN_SPEED
138.84,-2.99,-0.07,136.55,CENTER,LOW,GREEN,NO,DRY,FOG,LEFT,MAINTAIN_SPEED
123.2,0.51,-4.33,74.96,CENTER,LOW,NONE,YES,DRY,CLEAR,LEFT,MAINTAIN_SPEED
60.73,3.57,12.69,71.23,LEFT,LOW,NONE,NO,DRY,CLEAR,LEFT,TURN_LEFT
8.45,-2.8,-10.66,147.98,RIGHT,HIGH,GREEN,NO,DRY,RAIN,LEFT,TURN_LEFT
147.72,3.86,-12.6,192.51,LEFT,LOW,NONE,NO,DRY,CLEAR,LEFT,TURN_LEFT
75.15,-0.54,4.01,43.98,CENTER,LOW,GREEN,NO,DRY,CLEAR,STRAIGHT,MAINTAIN_SPEED
107.41,-2.18,-28.49,180.22,LEFT,MEDIUM,GREEN,NO,DRY,CLEAR,STRAIGHT,MAINTAIN_SPEED
103.74,-0.01,0.06,177.48,CENTER,HIGH,NONE,NO,DRY,CLEAR,STRAIGHT,CHANGE_LANE_RIGHT
65.54,-3.43,-4.71,76.24,CENTER,HIGH,NONE,NO,WET,CLEAR,STRAIGHT,CHANGE_LANE_LEFT
62.8,1.84,-10.08,72.65,CENTER,LOW,GREEN,NO,DRY,CLEAR,STRAIGHT,MAINTAIN_SPEED
92.91,-2.14,29.0,83.35,CENTER,LOW,GREEN,NO,WET,CLEAR,LEFT,TURN_LEFT
27.97,-0.01,22.96,14.44,CENTER,HIGH,GREEN,NO,DRY,CLEAR,STRAIGHT,MAINTAIN_SPEED
107.89,-3.1,17.82,143.65,LEFT,HIGH,NONE,YES,DRY,RAIN,STRAIGHT,CHANGE_LANE_RIGHT
37.04,0.89,-2.09,111.93,CENTER,MEDIUM,GREEN,NO,WET,CLEAR,STRAIGHT,MAINTAIN_SPEED
101.43,0.63,8.15,148.82,RIGHT,LOW,GREEN,NO,SLIPPERY,CLEAR,RIGHT,BRAKE
6.08,-4.56,10.37,185.35,LEFT,LOW,GREEN,NO,DRY,RAIN,RIGHT,TURN_RIGHT
16.23,0.22,1.69,101.58,CENTER,LOW,NONE,NO,DRY,CLEAR,RIGHT,ACCELERATE
19.95,0.21,2.55,38.67,RIGHT,LOW,GREEN,NO,DRY,CLEAR,STRAIGHT,MAINTAIN_SPEED
119.29,-0.46,9.62,148.53,CENTER,MEDIUM,NONE,NO,DRY,CLEAR,STRAIGHT,MAINTAIN_SPEED
38.44,-0.55,11.72,57.96,CENTER,LOW,GREEN,YES,DRY,CLEAR,STRAIGHT,MAINTAIN_SPEED
57.16,-2.48,12.29,13.55,RIGHT,HIGH,NONE,NO,WET,CLEAR,STRAIGHT,MAINTAIN_SPEED
80.33,3.38,-13.75,58.64,CENTER,MEDIUM,GREEN,YES,WET,RAIN,STRAIGHT,MAINTAIN_SPEED
21.29,1.99,-22.03,81.56,CENTER,MEDIUM,GREEN,NO,DRY,CLEAR,RIGHT,TURN_RIGHT
127.84,0.94,1.38,17.64,RIGHT,MEDIUM,NONE,NO,DRY,CLEAR,STRAIGHT,BRAKE
100.2,3.21,-1.28,43.68,CENTER,LOW,GREEN,NO,DRY,FOG,STRAIGHT,BRAKE
93.96,-3.82,-13.14,122.45,RIGHT,LOW,RED,NO,DRY,CLEAR,STRAIGHT,STOP
127.97,-1.66,6.58,29.73,RIGHT,LOW,YELLOW,NO,DRY,CLEAR,STRAIGHT,BRAKE
29.5,-0.31,-24.82,41.1,RIGHT,HIGH,GREEN,NO,DRY,RAIN,STRAIGHT,CHANGE_LANE_LEFT
117.54,2.69,-6.91,58.04,RIGHT,MEDIUM,GREEN,NO,DRY,CLEAR,STRAIGHT,MAINTAIN_SPEED
123.34,-3.23,-20.18,194.02,RIGHT,LOW,RED,NO,DRY,FOG,LEFT,STOP
149.12,-1.98,-11.41,196.54,LEFT,HIGH,GREEN,NO,DRY,CLEAR,STRAIGHT,MAINTAIN_SPEED
19.66,-1.35,-10.87,3.59,CENTER,MEDIUM,NONE,NO,DRY,CLEAR,STRAIGHT,MAINTAIN_SPEED
116.76,-2.92,-20.4,89.41,CENTER,HIGH,GREEN,NO,DRY,CLEAR,STRAIGHT,CHANGE_LANE_LEFT
120.94,-4.25,5.4,77.77,CENTER,HIGH,NONE,NO,DRY,RAIN,STRAIGHT,CHANGE_LANE_RIGHT
88.31,-5.27,1.62,168.41,RIGHT,MEDIUM,GREEN,YES,DRY,CLEAR,STRAIGHT,MAINTAIN_SPEED
108.91,-0.25,23.69,62.97,CENTER,MEDIUM,RED,NO,SLIPPERY,CLEAR,STRAIGHT,STOP
10.64,-2.31,21.57,39.94,CENTER,HIGH,GREEN,YES,DRY,CLEAR,STRAIGHT,CHANGE_LANE_RIGHT
132.13,0.91,20.98,168.78,CENTER,HIGH,NONE,NO,DRY,RAIN,RIGHT,TURN_RIGHT
54.52,-5.13,-0.45,190.1,CENTER,LOW,RED,NO,DRY,RAIN,STRAIGHT,BRAKE
46.44,-3.4,-13.48,49.28,CENTER,HIGH,GREEN,NO,DRY,CLEAR,STRAIGHT,CHANGE_LANE_LEFT
111.44,-1.12,2.0,136.03,RIGHT,LOW,RED,NO,WET,CLEAR,STRAIGHT,STOP
6.33,-1.39,-12.47,104.77,CENTER,MEDIUM,GREEN,YES,DRY,CLEAR,RIGHT,TURN_RIGHT
17.54,-3.27,-0.6,38.76,CENTER,LOW,GREEN,NO,DRY,RAIN,STRAIGHT,ACCELERATE
65.0,-1.28,-25.3,19.36,CENTER,HIGH,RED,YES,WET,CLEAR,STRAIGHT,STOP
12.27,1.48,-5.44,37.07,CENTER,MEDIUM,NONE,NO,DRY,CLEAR,STRAIGHT,ACCELERATE
111.8,4.5,-10.08,32.33,CENTER,HIGH,NONE,NO,DRY,CLEAR,LEFT,TURN_LEFT
87.18,0.78,-23.34,188.22,CENTER,LOW,NONE,NO,SLIPPERY,RAIN,STRAIGHT,BRAKE
49.21,-3.07,4.69,107.89,CENTER,HIGH,GREEN,NO,SLIPPERY,CLEAR,LEFT,CHANGE_LANE_RIGHT
94.48,-1.96,14.12,10.67,CENTER,LOW,NONE,NO,DRY,RAIN,RIGHT,TURN_RIGHT
127.58,-1.94,23.33,73.95,CENTER,LOW,NONE,NO,DRY,CLEAR,STRAIGHT,MAINTAIN_SPEED
1.03,-4.52,12.47,58.64,RIGHT,MEDIUM,GREEN,YES,DRY,CLEAR,STRAIGHT,ACCELERATE
36.62,-2.06,-14.73,131.54,RIGHT,HIGH,GREEN,YES,DRY,RAIN,LEFT,TURN_LEFT
138.16,2.99,26.04,177.39,CENTER,LOW,GREEN,NO,DRY,CLEAR,STRAIGHT,MAINTAIN_SPEED
109.46,1.01,34.74,59.24,CENTER,HIGH,GREEN,NO,WET,CLEAR,STRAIGHT,CHANGE_LANE_RIGHT
120.12,4.74,-18.3,81.83,CENTER,MEDIUM,GREEN,NO,DRY,CLEAR,STRAIGHT,MAINTAIN_SPEED
147.88,0.93,22.22,151.66,RIGHT,MEDIUM,GREEN,YES,SLIPPERY,CLEAR,LEFT,BRAKE
96.66,3.09,-6.38,190.53,CENTER,LOW,NONE,NO,DRY,CLEAR,STRAIGHT,MAINTAIN_SPEED
99.57,0.04,-8.68,125.31,RIGHT,MEDIUM,GREEN,NO,DRY,FOG,STRAIGHT,MAINTAIN_SPEED
16.57,0.77,-33.58,177.03,RIGHT,LOW,RED,NO,DRY,RAIN,LEFT,BRAKE
72.5,-2.07,-4.95,142.44,RIGHT,LOW,GREEN,NO,DRY,CLEAR,LEFT,MAINTAIN_SPEED
97.47,0.29,-24.36,64.34,CENTER,MEDIUM,GREEN,NO,DRY,RAIN,RIGHT,TURN_RIGHT
17.51,-2.6,24.26,194.72,LEFT,MEDIUM,NONE,NO,DRY,CLEAR,LEFT,TURN_LEFT
75.85,-1.81,-3.64,181.27,CENTER,MEDIUM,GREEN,NO,SLIPPERY,CLEAR,STRAIGHT,BRAKE
145.78,-1.36,12.8,199.37,LEFT,HIGH,GREEN,NO,DRY,CLEAR,STRAIGHT,CHANGE_LANE_RIGHT
89.51,1.83,8.9,56.25,CENTER,LOW,GREEN,YES,DRY,CLEAR,LEFT,TURN_LEFT
111.05,-3.27,35.71,58.8,LEFT,MEDIUM,GREEN,NO,WET,RAIN,STRAIGHT,MAINTAIN_SPEED
40.7,-0.44,-26.18,109.32,RIGHT,MEDIUM,GREEN,NO,DRY,CLEAR,STRAIGHT,MAINTAIN_SPEED
135.15,-4.26,-0.91,46.36,RIGHT,MEDIUM,RED,NO,WET,CLEAR,LEFT,STOP
97.08,-4.2,3.14,113.88,CENTER,MEDIUM,GREEN,NO,DRY,RAIN,RIGHT,MAINTAIN_SPEED
147.54,0.99,3.62,67.5,LEFT,LOW,GREEN,NO,SLIPPERY,RAIN,RIGHT,BRAKE
3.61,-0.05,-0.29,25.27,LEFT,LOW,GREEN,NO,DRY,CLEAR,STRAIGHT,MAINTAIN_SPEED
55.4,0.6,22.5,92.68,LEFT,MEDIUM,NONE,NO,DRY,RAIN,STRAIGHT,MAINTAIN_SPEED
14.47,-1.04,-15.02,189.61,CENTER,HIGH,YELLOW,NO,DRY,CLEAR,LEFT,TURN_LEFT
15.48,2.45,6.48,10.36,CENTER,MEDIUM,GREEN,NO,DRY,CLEAR,STRAIGHT,MAINTAIN_SPEED
29.29,-2.99,2.27,170.02,RIGHT,MEDIUM,GREEN,NO,DRY,CLEAR,LEFT,MAINTAIN_SPEED
114.24,0.15,-21.22,198.18,CENTER,HIGH,GREEN,YES,DRY,CLEAR,RIGHT,TURN_RIGHT
66.15,-0.82,-33.89,125.41,LEFT,MEDIUM,GREEN,NO,DRY,RAIN,STRAIGHT,MAINTAIN_SPEED
83.83,-0.43,21.88,147.95,CENTER,LOW,GREEN,NO,DRY,CLEAR,STRAIGHT,MAINTAIN_SPEED
129.03,-3.38,-10.19,173.53,CENTER,LOW,NONE,NO,DRY,RAIN,LEFT,TURN_LEFT
57.81,-0.88,0.31,54.19,CENTER,MEDIUM,YELLOW,NO,DRY,RAIN,STRAIGHT,BRAKE
128.77,4.47,-8.45,33.27,CENTER,HIGH,GREEN,NO,SLIPPERY,CLEAR,STRAIGHT,BRAKE
50.11,-2.8,11.32,53.09,CENTER,HIGH,GREEN,NO,DRY,CLEAR,STRAIGHT,CHANGE_LANE_RIGHT
99.82,-3.3,30.27,105.15,CENTER,MEDIUM,GREEN,NO,DRY,RAIN,LEFT,TURN_LEFT
76.42,2.69,8.77,98.91,CENTER,MEDIUM,RED,NO,DRY,CLEAR,LEFT,STOP
55.47,-1.23,-4.95,185.19,CENTER,LOW,NONE,NO,WET,CLEAR,LEFT,MAINTAIN_SPEED
125.51,-3.8,-5.39,187.49,RIGHT,MEDIUM,NONE,NO,DRY,CLEAR,STRAIGHT,MAINTAIN_SPEED
145.21,-2.58,14.03,23.22,LEFT,LOW,GREEN,NO,DRY,CLEAR,RIGHT,TURN_RIGHT
51.73,-1.25,-27.09,73.75,CENTER,HIGH,RED,NO,SLIPPERY,CLEAR,STRAIGHT,BRAKE
101.47,-3.37,9.67,27.07,LEFT,LOW,NONE,YES,DRY,FOG,STRAIGHT,BRAKE
130.66,1.06,-7.52,116.89,CENTER,LOW,NONE,NO,DRY,CLEAR,LEFT,MAINTAIN_SPEED
67.88,2.19,21.62,24.59,CENTER,MEDIUM,NONE,NO,DRY,CLEAR,STRAIGHT,MAINTAIN_SPEED
124.61,1.79,3.58,9.96,CENTER,MEDIUM,GREEN,NO,SLIPPERY,RAIN,STRAIGHT,BRAKE
143.6,3.42,5.67,96.62,CENTER,LOW,YELLOW,NO,DRY,CLEAR,RIGHT,BRAKE
15.93,-2.08,4.01,153.79,RIGHT,MEDIUM,YELLOW,NO,DRY,CLEAR,LEFT,MAINTAIN_SPEED
126.21,2.15,16.33,13.09,CENTER,MEDIUM,GREEN,NO,DRY,FOG,STRAIGHT,BRAKE
6.7,0.05,-3.88,71.39,RIGHT,HIGH,GREEN,YES,DRY,CLEAR,LEFT,ACCELERATE
71.96,2.82,-33.24,60.32,CENTER,MEDIUM,GREEN,NO,DRY,CLEAR,STRAIGHT,MAINTAIN_SPEED
145.19,1.31,4.19,4.02,CENTER,HIGH,RED,NO,WET,RAIN,LEFT,STOP
42.45,-0.66,-1.34,152.0,RIGHT,MEDIUM,GREEN,NO,DRY,CLEAR,STRAIGHT,MAINTAIN_SPEED
117.2,-3.86,-7.55,29.49,RIGHT,LOW,GREEN,YES,WET,CLEAR,STRAIGHT,BRAKE
89.61,3.17,6.12,45.22,CENTER,HIGH,YELLOW,NO,DRY,CLEAR,STRAIGHT,BRAKE
132.42,1.62,4.58,2.99,CENTER,LOW,GREEN,NO,DRY,RAIN,RIGHT,BRAKE
103.38,-4.0,-2.93,113.02,CENTER,LOW,GREEN,NO,DRY,FOG,STRAIGHT,MAINTAIN_SPEED
95.64,1.62,-3.3,156.82,LEFT,LOW,GREEN,NO,DRY,CLEAR,LEFT,MAINTAIN_SPEED
40.54,1.65,18.12,5.23,LEFT,MEDIUM,RED,NO,DRY,CLEAR,RIGHT,STOP
95.84,-2.15,-4.61,4.56,CENTER,LOW,NONE,NO,WET,CLEAR,STRAIGHT,BRAKE
60.98,1.57,-2.13,80.3,LEFT,MEDIUM,RED,NO,DRY,RAIN,RIGHT,STOP
79.9,0.43,19.54,127.47,RIGHT,MEDIUM,NONE,NO,WET,CLEAR,STRAIGHT,MAINTAIN_SPEED
124.95,0.26,10.86,51.73,CENTER,LOW,NONE,NO,DRY,CLEAR,LEFT,TURN_LEFT
56.87,-4.42,0.43,127.68,RIGHT,MEDIUM,GREEN,NO,DRY,CLEAR,STRAIGHT,MAINTAIN_SPEED
58.12,-3.5,-7.6,151.16,CENTER,LOW,GREEN,NO,DRY,CLEAR,STRAIGHT,MAINTAIN_SPEED
136.65,-1.8,-5.56,17.51,LEFT,MEDIUM,NONE,NO,WET,RAIN,LEFT,BRAKE
28.0,-1.69,14.11,107.73,CENTER,HIGH,RED,NO,DRY,RAIN,STRAIGHT,BRAKE
103.22,6.82,-16.07,108.34,LEFT,HIGH,GREEN,NO,DRY,CLEAR,LEFT,TURN_LEFT
54.72,-2.73,-22.51,138.98,CENTER,HIGH,NONE,NO,DRY,CLEAR,STRAIGHT,CHANGE_LANE_LEFT
117.19,-3.42,12.27,185.99,CENTER,MEDIUM,GREEN,YES,DRY,RAIN,STRAIGHT,MAINTAIN_SPEED
131.12,2.97,1.08,145.88,CENTER,LOW,YELLOW,NO,WET,CLEAR,STRAIGHT,BRAKE
124.45,3.21,26.07,21.96,LEFT,HIGH,GREEN,YES,DRY,CLEAR,RIGHT,CHANGE_LANE_RIGHT
110.95,0.18,-4.94,155.96,CENTER,MEDIUM,RED,NO,DRY,CLEAR,STRAIGHT,STOP
49.17,-5.64,-6.28,134.24,RIGHT,MEDIUM,NONE,YES,DRY,CLEAR,STRAIGHT,MAINTAIN_SPEED
31.84,2.74,-1.64,22.51,CENTER,LOW,GREEN,NO,DRY,FOG,LEFT,MAINTAIN_SPEED
63.93,-4.71,30.98,113.48,CENTER,HIGH,RED,NO,DRY,CLEAR,STRAIGHT,STOP
7.92,3.12,-0.78,73.17,CENTER,LOW,NONE,YES,SLIPPERY,CLEAR,STRAIGHT,ACCELERATE
3.72,-2.05,20.77,95.31,LEFT,LOW,GREEN,YES,DRY,CLEAR,STRAIGHT,ACCELERATE
18.38,0.92,-12.95,113.21,RIGHT,MEDIUM,GREEN,YES,WET,CLEAR,LEFT,TURN_LEFT
92.28,3.34,3.9,14.74,CENTER,LOW,GREEN,YES,WET,RAIN,RIGHT,BRAKE
84.63,3.19,-17.42,157.59,CENTER,MEDIUM,GREEN,NO,DRY,CLEAR,LEFT,TURN_LEFT
94.35,-1.14,6.73,137.35,CENTER,MEDIUM,NONE,YES,WET,CLEAR,STRAIGHT,MAINTAIN_SPEED
117.36,0.7,-23.98,81.5,CENTER,HIGH,GREEN,NO,DRY,CLEAR,LEFT,TURN_LEFT
103.81,-1.07,8.3,68.11,LEFT,HIGH,RED,NO,WET,FOG,STRAIGHT,STOP
116.42,-2.1,-5.98,19.72,RIGHT,LOW,GREEN,NO,DRY,CLEAR,STRAIGHT,BRAKE
96.27,5.52,3.24,183.2,CENTER,LOW,NONE,NO,DRY,CLEAR,RIGHT,MAINTAIN_SPEED
129.34,0.22,12.53,171.94,CENTER,HIGH,GREEN,NO,DRY,CLEAR,LEFT,TURN_LEFT
127.65,-4.41,4.28,31.56,LEFT,HIGH,GREEN,NO,DRY,CLEAR,STRAIGHT,BRAKE
69.31,-4.56,-0.4,22.8,CENTER,LOW,GREEN,NO,DRY,RAIN,STRAIGHT,MAINTAIN_SPEED
98.17,2.88,-27.95,45.14,LEFT,HIGH,RED,YES,WET,CLEAR,STRAIGHT,STOP
133.61,1.15,-3.36,62.85,CENTER,HIGH,NONE,NO,DRY,CLEAR,STRAIGHT,CHANGE_LANE_LEFT
134.24,2.66,20.54,62.78,LEFT,LOW,GREEN,YES,WET,RAIN,RIGHT,TURN_RIGHT
114.01,1.42,7.81,36.84,LEFT,MEDIUM,GREEN,YES,DRY,RAIN,STRAIGHT,MAINTAIN_SPEED
148.01,1.42,1.52,137.36,RIGHT,LOW,YELLOW,NO,DRY,RAIN,RIGHT,BRAKE
43.64,-0.63,0.65,99.21,CENTER,MEDIUM,GREEN,NO,DRY,CLEAR,STRAIGHT,MAINTAIN_SPEED
66.55,4.01,10.96,164.22,CENTER,LOW,GREEN,YES,WET,CLEAR,LEFT,TURN_LEFT
61.34,-2.12,0.53,143.44,RIGHT,MEDIUM,RED,NO,DRY,CLEAR,STRAIGHT,STOP
118.62,-1.77,2.05,161.49,RIGHT,LOW,RED,NO,WET,CLEAR,RIGHT,STOP
104.32,-1.93,4.35,170.05,RIGHT,LOW,YELLOW,NO,SLIPPERY,CLEAR,STRAIGHT,BRAKE
50.74,0.17,-8.29,122.14,RIGHT,LOW,GREEN,NO,WET,CLEAR,RIGHT,TURN_RIGHT
128.33,0.54,2.98,166.16,CENTER,HIGH,GREEN,NO,DRY,FOG,STRAIGHT,CHANGE_LANE_RIGHT
143.38,-1.52,-17.81,164.98,LEFT,LOW,NONE,YES,DRY,CLEAR,STRAIGHT,MAINTAIN_SPEED
143.86,-3.71,14.26,17.87,CENTER,HIGH,GREEN,NO,DRY,CLEAR,RIGHT,TURN_RIGHT
81.26,-2.9,-0.82,124.49,LEFT,LOW,RED,NO,SLIPPERY,CLEAR,STRAIGHT,STOP
127.5,-1.62,-15.34,10.56,CENTER,MEDIUM,GREEN,YES,DRY,CLEAR,STRAIGHT,BRAKE
27.24,2.43,-8.81,65.77,CENTER,LOW,NONE,NO,DRY,CLEAR,LEFT,TURN_LEFT
23.04,-3.12,16.75,48.28,CENTER,MEDIUM,GREEN,NO,DRY,CLEAR,STRAIGHT,ACCELERATE
31.94,0.0,1.39,178.66,RIGHT,MEDIUM,NONE,NO,DRY,CLEAR,STRAIGHT,MAINTAIN_SPEED
79.42,3.28,-9.36,170.38,CENTER,MEDIUM,YELLOW,NO,WET,CLEAR,LEFT,BRAKE
79.44,-0.95,-33.14,86.02,CENTER,LOW,NONE,NO,WET,CLEAR,LEFT,TURN_LEFT
19.56,0.69,-0.87,76.21,CENTER,LOW,GREEN,NO,WET,CLEAR,STRAIGHT,MAINTAIN_SPEED
84.03,-0.88,-20.19,96.44,CENTER,MEDIUM,RED,NO,DRY,CLEAR,LEFT,STOP
97.12,-4.63,8.98,154.14,LEFT,MEDIUM,GREEN,YES,WET,CLEAR,LEFT,TURN_LEFT
26.57,0.71,-11.18,197.38,CENTER,LOW,GREEN,NO,DRY,CLEAR,STRAIGHT,MAINTAIN_SPEED
58.26,-4.02,10.89,48.82,CENTER,HIGH,GREEN,NO,DRY,CLEAR,LEFT,TURN_LEFT
37.9,-1.26,2.1,173.75,CENTER,MEDIUM,NONE,NO,WET,CLEAR,STRAIGHT,MAINTAIN_SPEED
117.35,-1.01,-14.63,73.45,CENTER,HIGH,GREEN,NO,WET,CLEAR,STRAIGHT,CHANGE_LANE_LEFT
141.13,-0.25,-2.78,108.45,CENTER,MEDIUM,NONE,NO,DRY,FOG,STRAIGHT,MAINTAIN_SPEED
126.86,0.6,-1.42,8.89,LEFT,MEDIUM,GREEN,NO,DRY,CLEAR,STRAIGHT,BRAKE
113.36,-1.65,14.22,158.89,CENTER,HIGH,NONE,YES,DRY,RAIN,LEFT,TURN_LEFT
12.48,1.96,13.47,55.09,LEFT,MEDIUM,GREEN,NO,DRY,RAIN,STRAIGHT,ACCELERATE
38.8,-3.45,8.76,21.95,RIGHT,LOW,GREEN,NO,DRY,CLEAR,STRAIGHT,MAINTAIN_SPEED
7.81,-2.81,-14.89,59.32,CENTER,MEDIUM,GREEN,NO,DRY,CLEAR,STRAIGHT,ACCELERATE
64.16,-2.79,-16.26,2.26,CENTER,MEDIUM,GREEN,NO,WET,CLEAR,RIGHT,TURN_RIGHT
15.95,2.46,-2.33,52.39,CENTER,LOW,YELLOW,NO,DRY,CLEAR,STRAIGHT,MAINTAIN_SPEED
86.17,1.03,5.35,69.64,RIGHT,MEDIUM,GREEN,NO,DRY,CLEAR,LEFT,MAINTAIN_SPEED
49.54,-1.68,-18.44,108.18,CENTER,HIGH,GREEN,NO,DRY,CLEAR,STRAIGHT,CHANGE_LANE_LEFT
44.07,3.17,13.9,154.33,CENTER,MEDIUM,NONE,NO,DRY,CLEAR,STRAIGHT,MAINTAIN_SPEED
129.97,1.99,-29.71,21.17,CENTER,LOW,GREEN,NO,DRY,CLEAR,RIGHT,TURN_RIGHT
137.02,-1.65,14.0,179.92,RIGHT,LOW,GREEN,YES,WET,CLEAR,STRAIGHT,MAINTAIN_SPEED
43.96,5.02,15.5,198.04,CENTER,HIGH,GREEN,NO,DRY,RAIN,RIGHT,TURN_RIGHT
81.32,0.03,-0.4,131.51,LEFT,MEDIUM,GREEN,NO,WET,CLEAR,STRAIGHT,MAINTAIN_SPEED
125.77,-1.85,-1.22,69.08,CENTER,HIGH,NONE,NO,DRY,FOG,STRAIGHT,TURN_LEFT
90.63,7.47,17.57,115.91,CENTER,MEDIUM,GREEN,NO,WET,CLEAR,LEFT,TURN_LEFT
65.49,-1.88,-0.56,72.75,RIGHT,LOW,NONE,NO,DRY,CLEAR,STRAIGHT,MAINTAIN_SPEED
38.14,2.39,-13.47,180.62,RIGHT,MEDIUM,RED,NO,DRY,FOG,LEFT,BRAKE
61.89,-0.81,-8.67,17.89,RIGHT,MEDIUM,GREEN,NO,DRY,CLEAR,STRAIGHT,MAINTAIN_SPEED
92.69,2.7,4.09,179.41,RIGHT,HIGH,RED,NO,WET,RAIN,RIGHT,STOP
127.04,1.13,-6.06,18.54,CENTER,HIGH,YELLOW,NO,WET,RAIN,RIGHT,BRAKE
101.32,-0.49,4.51,148.29,RIGHT,MEDIUM,RED,NO,DRY,CLEAR,RIGHT,STOP
64.12,-0.79,8.19,45.64,CENTER,LOW,GREEN,NO,DRY,CLEAR,STRAIGHT,MAINTAIN_SPEED
135.96,2.34,23.07,2.73,CENTER,MEDIUM,GREEN,NO,DRY,CLEAR,STRAIGHT,BRAKE
126.52,0.25,19.45,112.36,CENTER,HIGH,GREEN,NO,DRY,CLEAR,LEFT,TURN_LEFT
147.96,0.04,5.21,76.13,RIGHT,MEDIUM,GREEN,NO,WET,CLEAR,STRAIGHT,MAINTAIN_SPEED
26.54,3.12,7.17,74.81,RIGHT,MEDIUM,NONE,NO,DRY,RAIN,STRAIGHT,MAINTAIN_SPEED
20.8,1.94,-17.21,10.04,CENTER,HIGH,GREEN,NO,DRY,FOG,STRAIGHT,MAINTAIN_SPEED
57.27,-2.94,-0.6,29.51,RIGHT,LOW,GREEN,NO,DRY,CLEAR,STRAIGHT,MAINTAIN_SPEED
121.87,0.04,1.66,49.94,RIGHT,LOW,GREEN,NO,DRY,CLEAR,STRAIGHT,MAINTAIN_SPEED
104.25,2.05,5.75,66.26,LEFT,LOW,GREEN,NO,SLIPPERY,CLEAR,STRAIGHT,BRAKE
97.47,-1.12,-6.16,93.31,CENTER,LOW,GREEN,NO,DRY,RAIN,STRAIGHT,MAINTAIN_SPEED
82.25,-1.69,-14.59,144.67,CENTER,MEDIUM,YELLOW,NO,WET,CLEAR,STRAIGHT,BRAKE
75.42,1.01,-2.66,180.32,RIGHT,HIGH,YELLOW,NO,SLIPPERY,FOG,STRAIGHT,TURN_RIGHT
76.69,3.15,3.62,94.06,LEFT,MEDIUM,GREEN,YES,WET,CLEAR,RIGHT,BRAKE
70.47,-2.81,-8.31,110.06,LEFT,HIGH,GREEN,NO,DRY,CLEAR,STRAIGHT,MAINTAIN_SPEED
55.28,2.23,1.0,156.3,CENTER,MEDIUM,GREEN,NO,DRY,FOG,STRAIGHT,MAINTAIN_SPEED
92.24,-0.11,13.91,153.25,CENTER,LOW,GREEN,NO,DRY,CLEAR,STRAIGHT,MAINTAIN_SPEED
131.34,-0.78,24.64,57.65,LEFT,MEDIUM,GREEN,NO,DRY,CLEAR,STRAIGHT,MAINTAIN_SPEED
40.92,-1.66,1.35,48.51,CENTER,MEDIUM,YELLOW,NO,DRY,RAIN,LEFT,MAINTAIN_SPEED
45.36,0.66,-10.67,151.94,RIGHT,LOW,GREEN,YES,DRY,CLEAR,RIGHT,TURN_RIGHT
63.84,1.4,20.11,121.49,CENTER,MEDIUM,GREEN,NO,DRY,CLEAR,LEFT,CHANGE_LANE_LEFT
22.13,-1.36,0.49,105.4,RIGHT,MEDIUM,NONE,NO,DRY,CLEAR,LEFT,MAINTAIN_SPEED
102.4,-0.21,8.84,193.37,LEFT,HIGH,GREEN,NO,DRY,FOG,STRAIGHT,MAINTAIN_SPEED
31.57,0.18,25.28,149.97,LEFT,MEDIUM,RED,NO,DRY,RAIN,STRAIGHT,BRAKE
85.18,4.18,-16.78,61.47,CENTER,MEDIUM,GREEN,NO,DRY,RAIN,STRAIGHT,MAINTAIN_SPEED
130.64,-2.31,-7.18,18.54,RIGHT,HIGH,NONE,NO,DRY,RAIN,RIGHT,MAINTAIN_SPEED
61.25,-0.02,-2.39,42.82,RIGHT,LOW,RED,NO,WET,CLEAR,RIGHT,STOP
36.7,3.33,4.54,112.42,CENTER,MEDIUM,GREEN,YES,DRY,CLEAR,STRAIGHT,MAINTAIN_SPEED
133.43,0.76,10.02,22.27,RIGHT,HIGH,GREEN,NO,WET,CLEAR,RIGHT,TURN_RIGHT
133.69,2.18,-9.68,151.46,CENTER,MEDIUM,GREEN,NO,WET,CLEAR,STRAIGHT,MAINTAIN_SPEED
41.52,0.08,22.97,120.29,RIGHT,MEDIUM,GREEN,NO,DRY,CLEAR,STRAIGHT,MAINTAIN_SPEED
66.23,3.42,8.89,9.76,CENTER,MEDIUM,GREEN,NO,DRY,RAIN,STRAIGHT,MAINTAIN_SPEED
58.26,-1.46,-15.45,46.42,RIGHT,LOW,GREEN,YES,DRY,FOG,LEFT,TURN_LEFT
40.61,0.43,8.73,51.35,CENTER,MEDIUM,YELLOW,NO,DRY,CLEAR,STRAIGHT,MAINTAIN_SPEED
53.79,-4.29,3.94,49.3,CENTER,MEDIUM,GREEN,NO,DRY,CLEAR,RIGHT,MAINTAIN_SPEED
11.38,1.43,-0.36,68.56,CENTER,MEDIUM,GREEN,NO,WET,CLEAR,RIGHT,ACCELERATE
120.68,0.93,4.94,138.59,CENTER,HIGH,GREEN,NO,DRY,CLEAR,STRAIGHT,CHANGE_LANE_RIGHT
120.39,0.25,-6.03,186.35,CENTER,MEDIUM,GREEN,NO,DRY,FOG,STRAIGHT,MAINTAIN_SPEED
8.74,6.6,-2.62,185.49,CENTER,HIGH,NONE,NO,DRY,CLEAR,RIGHT,CHANGE_LANE_LEFT
122.51,0.02,-12.83,86.56,CENTER,MEDIUM,YELLOW,NO,WET,CLEAR,RIGHT,BRAKE
113.18,1.21,-3.87,103.6,CENTER,MEDIUM,GREEN,NO,DRY,CLEAR,LEFT,MAINTAIN_SPEED
10.05,1.23,5.35,110.32,RIGHT,LOW,GREEN,NO,DRY,CLEAR,STRAIGHT,ACCELERATE
130.01,0.76,-17.76,34.2,CENTER,MEDIUM,NONE,NO,DRY,CLEAR,STRAIGHT,BRAKE
88.58,1.62,-2.58,151.51,LEFT,LOW,GREEN,NO,WET,CLEAR,STRAIGHT,MAINTAIN_SPEED
106.94,0.27,1.15,94.02,RIGHT,MEDIUM,GREEN,NO,DRY,CLEAR,LEFT,MAINTAIN_SPEED
48.35,-0.83,35.83,87.21,LEFT,MEDIUM,GREEN,NO,SLIPPERY,CLEAR,STRAIGHT,MAINTAIN_SPEED
100.1,-2.07,-6.71,121.75,CENTER,HIGH,YELLOW,NO,DRY,RAIN,STRAIGHT,BRAKE
129.55,1.93,-8.51,142.82,CENTER,HIGH,NONE,YES,WET,CLEAR,RIGHT,TURN_RIGHT
119.4,-3.26,-5.68,13.63,CENTER,HIGH,NONE,NO,DRY,RAIN,STRAIGHT,BRAKE
72.82,-0.11,0.43,85.71,RIGHT,LOW,GREEN,NO,DRY,CLEAR,RIGHT,MAINTAIN_SPEED
24.01,-1.76,-2.79,195.23,CENTER,MEDIUM,NONE,NO,WET,CLEAR,STRAIGHT,MAINTAIN_SPEED
95.11,2.74,4.27,184.95,CENTER,HIGH,GREEN,NO,DRY,CLEAR,STRAIGHT,CHANGE_LANE_RIGHT
56.2,0.8,9.77,84.39,CENTER,MEDIUM,GREEN,NO,DRY,RAIN,STRAIGHT,MAINTAIN_SPEED
26.1,4.55,0.09,50.28,CENTER,MEDIUM,YELLOW,NO,WET,CLEAR,STRAIGHT,MAINTAIN_SPEED
77.34,5.94,-2.5,10.59,LEFT,HIGH,GREEN,YES,DRY,CLEAR,STRAIGHT,BRAKE
15.0,4.5,-0.16,199.23,CENTER,MEDIUM,GREEN,NO,DRY,CLEAR,RIGHT,ACCELERATE
42.14,0.88,5.82,92.34,RIGHT,LOW,RED,YES,DRY,RAIN,LEFT,BRAKE
122.52,6.07,-15.66,116.76,CENTER,LOW,GREEN,NO,DRY,CLEAR,LEFT,TURN_LEFT
76.16,0.81,27.03,111.8,CENTER,HIGH,RED,NO,SLIPPERY,CLEAR,RIGHT,STOP
68.04,-5.64,13.58,22.55,CENTER,LOW,GREEN,NO,WET,CLEAR,LEFT,TURN_LEFT
79.17,-1.74,10.9,16.51,CENTER,MEDIUM,NONE,YES,DRY,FOG,STRAIGHT,BRAKE
43.75,0.15,-3.45,166.69,CENTER,MEDIUM,GREEN,NO,DRY,CLEAR,STRAIGHT,MAINTAIN_SPEED
127.24,2.23,5.97,172.29,CENTER,MEDIUM,NONE,NO,DRY,CLEAR,STRAIGHT,MAINTAIN_SPEED
34.51,-0.14,16.56,115.57,CENTER,HIGH,GREEN,NO,DRY,CLEAR,RIGHT,TURN_RIGHT
38.7,1.86,-15.29,65.49,LEFT,LOW,GREEN,NO,DRY,CLEAR,STRAIGHT,MAINTAIN_SPEED
13.06,0.92,9.24,89.06,RIGHT,MEDIUM,RED,NO,DRY,RAIN,STRAIGHT,BRAKE
109.46,-2.39,4.38,190.47,RIGHT,HIGH,NONE,NO,DRY,CLEAR,RIGHT,MAINTAIN_SPEED
30.56,5.59,5.1,111.59,CENTER,HIGH,GREEN,NO,DRY,CLEAR,STRAIGHT,CHANGE_LANE_RIGHT
137.29,-2.77,1.82,55.2,RIGHT,MEDIUM,GREEN,NO,DRY,RAIN,STRAIGHT,MAINTAIN_SPEED
118.94,0.66,-10.45,90.87,CENTER,LOW,RED,NO,DRY,FOG,STRAIGHT,STOP
69.5,-2.5,1.97,134.31,CENTER,LOW,GREEN,NO,DRY,CLEAR,RIGHT,MAINTAIN_SPEED
54.36,-1.34,6.16,56.82,CENTER,MEDIUM,GREEN,NO,DRY,FOG,STRAIGHT,MAINTAIN_SPEED
28.67,0.13,13.52,154.78,CENTER,LOW,NONE,NO,DRY,RAIN,LEFT,TURN_LEFT
43.17,2.02,8.0,50.53,CENTER,LOW,RED,NO,DRY,CLEAR,STRAIGHT,BRAKE
66.3,0.75,-5.1,119.85,LEFT,LOW,NONE,NO,WET,CLEAR,LEFT,MAINTAIN_SPEED
69.4,-0.99,-3.64,185.66,LEFT,MEDIUM,NONE,NO,DRY,RAIN,STRAIGHT,MAINTAIN_SPEED
96.19,-3.63,-15.22,49.35,CENTER,LOW,GREEN,NO,DRY,CLEAR,LEFT,TURN_LEFT
127.51,-6.62,5.61,37.52,RIGHT,MEDIUM,YELLOW,NO,DRY,CLEAR,STRAIGHT,BRAKE
46.05,-1.63,2.09,27.45,LEFT,MEDIUM,GREEN,NO,DRY,CLEAR,RIGHT,MAINTAIN_SPEED
96.72,-2.83,7.85,54.65,CENTER,LOW,NONE,NO,WET,CLEAR,STRAIGHT,MAINTAIN_SPEED
49.42,5.58,0.23,167.94,LEFT,MEDIUM,NONE,NO,DRY,CLEAR,STRAIGHT,MAINTAIN_SPEED
116.11,2.9,-13.38,179.95,RIGHT,MEDIUM,GREEN,NO,DRY,CLEAR,STRAIGHT,MAINTAIN_SPEED
80.8,-2.74,-14.9,148.82,CENTER,HIGH,YELLOW,NO,DRY,FOG,RIGHT,BRAKE
23.24,0.85,-12.14,127.05,LEFT,LOW,GREEN,NO,DRY,CLEAR,STRAIGHT,MAINTAIN_SPEED
24.63,-0.95,-23.44,42.58,LEFT,LOW,RED,NO,DRY,CLEAR,STRAIGHT,BRAKE
16.51,1.2,4.67,27.24,CENTER,HIGH,GREEN,YES,DRY,RAIN,STRAIGHT,BRAKE
126.09,-4.25,-6.66,81.75,LEFT,HIGH,YELLOW,NO,DRY,CLEAR,STRAIGHT,BRAKE
3.05,2.76,0.13,154.34,CENTER,MEDIUM,NONE,NO,DRY,CLEAR,RIGHT,ACCELERATE
17.76,0.41,28.15,155.35,LEFT,HIGH,GREEN,NO,WET,CLEAR,LEFT,TURN_LEFT
102.08,0.15,-3.37,122.57,CENTER,HIGH,GREEN,NO,DRY,CLEAR,STRAIGHT,CHANGE_LANE_LEFT
81.81,-4.28,-1.13,129.68,CENTER,LOW,NONE,NO,WET,RAIN,STRAIGHT,MAINTAIN_SPEED
139.68,1.85,-19.7,81.7,LEFT,LOW,NONE,NO,DRY,CLEAR,STRAIGHT,MAINTAIN_SPEED
2.54,-2.94,-3.05,56.41,CENTER,MEDIUM,YELLOW,NO,DRY,CLEAR,STRAIGHT,MAINTAIN_SPEED
127.22,1.98,-12.26,102.5,LEFT,MEDIUM,GREEN,NO,DRY,CLEAR,STRAIGHT,MAINTAIN_SPEED
141.41,3.63,2.83,44.55,CENTER,LOW,RED,NO,DRY,CLEAR,STRAIGHT,STOP
95.29,-0.19,-3.63,106.65,CENTER,MEDIUM,GREEN,NO,DRY,CLEAR,STRAIGHT,MAINTAIN_SPEED
28.45,4.83,2.15,65.88,RIGHT,HIGH,GREEN,NO,DRY,RAIN,STRAIGHT,MAINTAIN_SPEED
96.79,-3.49,24.14,131.57,CENTER,LOW,NONE,NO,WET,CLEAR,STRAIGHT,MAINTAIN_SPEED
51.69,-1.19,-35.13,48.2,LEFT,HIGH,GREEN,NO,DRY,CLEAR,LEFT,TURN_LEFT
52.5,-2.1,-1.8,83.15,CENTER,LOW,GREEN,YES,DRY,CLEAR,LEFT,MAINTAIN_SPEED
27.04,-1.78,17.77,30.6,CENTER,LOW,GREEN,NO,DRY,CLEAR,LEFT,TURN_LEFT
94.19,1.22,-1.3,29.51,LEFT,MEDIUM,GREEN,NO,DRY,RAIN,STRAIGHT,MAINTAIN_SPEED
103.93,3.79,8.31,123.36,RIGHT,HIGH,RED,NO,WET,CLEAR,LEFT,STOP
42.65,2.79,21.37,64.05,CENTER,LOW,GREEN,YES,DRY,CLEAR,STRAIGHT,MAINTAIN_SPEED
48.39,-3.05,13.28,85.37,RIGHT,LOW,GREEN,NO,WET,CLEAR,STRAIGHT,MAINTAIN_SPEED
116.79,-3.56,24.6,12.75,CENTER,LOW,GREEN,NO,DRY,CLEAR,STRAIGHT,BRAKE
82.04,5.39,-11.85,132.07,CENTER,MEDIUM,GREEN,NO,DRY,CLEAR,LEFT,TURN_LEFT
146.69,2.1,-10.49,13.71,LEFT,LOW,RED,NO,DRY,FOG,STRAIGHT,STOP
89.2,1.14,9.22,133.29,RIGHT,MEDIUM,GREEN,NO,DRY,CLEAR,RIGHT,TURN_RIGHT
65.88,0.69,7.58,58.8,CENTER,HIGH,GREEN,NO,WET,CLEAR,STRAIGHT,CHANGE_LANE_RIGHT
143.21,0.55,22.66,27.92,CENTER,MEDIUM,GREEN,NO,DRY,CLEAR,STRAIGHT,BRAKE
79.02,-2.05,-6.18,142.67,CENTER,MEDIUM,NONE,NO,WET,RAIN,STRAIGHT,MAINTAIN_SPEED
28.8,-0.19,28.56,150.05,CENTER,HIGH,GREEN,NO,DRY,CLEAR,RIGHT,TURN_RIGHT
104.07,-3.63,-4.61,31.19,CENTER,MEDIUM,GREEN,NO,DRY,RAIN,RIGHT,BRAKE
125.32,1.08,12.78,101.61,CENTER,MEDIUM,NONE,YES,DRY,RAIN,LEFT,TURN_LEFT
99.53,-0.07,5.1,183.85,CENTER,HIGH,RED,NO,DRY,CLEAR,RIGHT,STOP
129.72,-1.04,10.56,177.71,RIGHT,MEDIUM,GREEN,NO,DRY,CLEAR,STRAIGHT,MAINTAIN_SPEED
79.33,1.59,-9.62,125.78,CENTER,HIGH,RED,NO,DRY,CLEAR,STRAIGHT,STOP
110.09,-2.86,14.36,116.78,LEFT,LOW,YELLOW,NO,DRY,CLEAR,STRAIGHT,BRAKE
3.24,1.35,-0.08,8.39,CENTER,MEDIUM,GREEN,NO,DRY,CLEAR,LEFT,MAINTAIN_SPEED
143.46,1.39,-26.63,127.36,CENTER,LOW,YELLOW,NO,SLIPPERY,RAIN,RIGHT,BRAKE
58.17,-2.97,-0.01,68.75,CENTER,MEDIUM,GREEN,YES,DRY,CLEAR,LEFT,MAINTAIN_SPEED
70.66,-1.95,13.66,158.52,LEFT,MEDIUM,GREEN,NO,WET,CLEAR,STRAIGHT,MAINTAIN_SPEED
21.85,-2.23,-1.74,16.09,CENTER,LOW,RED,NO,WET,RAIN,RIGHT,BRAKE
94.3,3.11,6.99,179.21,CENTER,MEDIUM,GREEN,NO,DRY,CLEAR,STRAIGHT,MAINTAIN_SPEED
108.83,2.6,29.32,83.66,RIGHT,HIGH,NONE,NO,WET,CLEAR,STRAIGHT,MAINTAIN_SPEED
77.35,1.59,9.99,37.11,CENTER,MEDIUM,YELLOW,NO,WET,CLEAR,RIGHT,BRAKE
106.47,-0.04,-13.55,188.82,CENTER,HIGH,YELLOW,YES,DRY,CLEAR,RIGHT,BRAKE
0.3,-4.5,9.51,63.82,CENTER,MEDIUM,GREEN,NO,DRY,CLEAR,STRAIGHT,ACCELERATE
40.14,0.28,-2.72,91.56,LEFT,MEDIUM,GREEN,NO,DRY,FOG,STRAIGHT,MAINTAIN_SPEED
108.39,-1.33,-21.53,31.75,RIGHT,LOW,GREEN,YES,DRY,RAIN,RIGHT,TURN_RIGHT
65.4,0.89,-25.5,179.71,CENTER,LOW,GREEN,NO,WET,CLEAR,STRAIGHT,MAINTAIN_SPEED
100.77,-1.98,-16.82,177.52,CENTER,HIGH,RED,NO,DRY,CLEAR,RIGHT,STOP
77.79,-2.96,11.49,122.59,LEFT,LOW,GREEN,NO,DRY,RAIN,LEFT,TURN_LEFT
39.85,2.6,11.83,138.55,CENTER,LOW,GREEN,YES,WET,CLEAR,STRAIGHT,MAINTAIN_SPEED
40.74,5.5,-19.89,185.63,CENTER,HIGH,GREEN,YES,DRY,CLEAR,STRAIGHT,CHANGE_LANE_LEFT
80.35,-0.19,-10.5,17.5,CENTER,MEDIUM,GREEN,YES,SLIPPERY,RAIN,STRAIGHT,BRAKE
126.55,-0.98,8.01,132.62,LEFT,LOW,RED,NO,DRY,CLEAR,STRAIGHT,STOP
29.79,1.74,8.79,111.2,CENTER,HIGH,YELLOW,NO,DRY,RAIN,STRAIGHT,CHANGE_LANE_RIGHT
23.85,-2.3,17.62,85.66,RIGHT,MEDIUM,GREEN,NO,DRY,CLEAR,STRAIGHT,MAINTAIN_SPEED
126.34,3.71,-9.53,152.73,CENTER,LOW,YELLOW,YES,DRY,CLEAR,LEFT,BRAKE
125.65,3.54,16.97,43.9,LEFT,LOW,GREEN,NO,DRY,CLEAR,STRAIGHT,MAINTAIN_SPEED
11.22,2.36,-30.94,160.78,RIGHT,MEDIUM,YELLOW,NO,DRY,CLEAR,STRAIGHT,MAINTAIN_SPEED
107.15,-0.75,-12.75,176.84,CENTER,LOW,NONE,NO,DRY,CLEAR,LEFT,TURN_LEFT
3.59,-0.97,-24.19,162.65,RIGHT,MEDIUM,GREEN,NO,DRY,CLEAR,LEFT,TURN_LEFT
117.7,-6.68,2.23,168.18,CENTER,LOW,GREEN,NO,DRY,CLEAR,STRAIGHT,MAINTAIN_SPEED
66.28,-2.0,10.92,150.15,LEFT,LOW,GREEN,YES,DRY,CLEAR,STRAIGHT,MAINTAIN_SPEED
71.08,2.12,13.56,187.2,CENTER,HIGH,GREEN,NO,DRY,CLEAR,STRAIGHT,CHANGE_LANE_RIGHT
56.25,-2.47,44.02,178.32,RIGHT,LOW,NONE,NO,WET,CLEAR,LEFT,TURN_LEFT
29.19,-4.2,-1.92,125.7,LEFT,LOW,GREEN,YES,DRY,RAIN,STRAIGHT,MAINTAIN_SPEED
45.7,1.04,18.89,152.83,CENTER,LOW,NONE,NO,WET,CLEAR,LEFT,TURN_LEFT
40.51,3.32,17.81,134.67,RIGHT,LOW,GREEN,NO,SLIPPERY,CLEAR,RIGHT,TURN_RIGHT
47.71,0.48,-26.93,19.81,CENTER,LOW,GREEN,NO,DRY,CLEAR,STRAIGHT,MAINTAIN_SPEED
2.8,0.84,-8.12,172.02,CENTER,HIGH,YELLOW,NO,WET,CLEAR,RIGHT,TURN_RIGHT
16.73,4.8,0.6,7.63,CENTER,HIGH,NONE,YES,DRY,CLEAR,LEFT,STOP
13.64,5.11,5.33,104.08,CENTER,MEDIUM,GREEN,NO,DRY,RAIN,STRAIGHT,ACCELERATE
89.66,-0.65,-12.03,95.34,RIGHT,MEDIUM,GREEN,NO,DRY,CLEAR,STRAIGHT,BRAKE
129.47,-0.99,-24.16,93.52,LEFT,LOW,NONE,NO,DRY,CLEAR,STRAIGHT,MAINTAIN_SPEED
133.0,0.09,7.96,124.9,LEFT,MEDIUM,GREEN,NO,SLIPPERY,CLEAR,STRAIGHT,BRAKE
17.21,0.16,-0.18,15.78,CENTER,LOW,NONE,YES,DRY,CLEAR,RIGHT,BRAKE
121.09,-4.03,-8.88,82.09,CENTER,LOW,RED,YES,DRY,CLEAR,LEFT,STOP
140.67,-4.2,-0.09,48.57,CENTER,HIGH,RED,NO,DRY,CLEAR,STRAIGHT,STOP
77.71,3.28,-15.44,157.33,CENTER,LOW,YELLOW,NO,DRY,CLEAR,STRAIGHT,BRAKE
58.38,-0.93,17.64,184.2,CENTER,LOW,NONE,NO,DRY,RAIN,STRAIGHT,MAINTAIN_SPEED
0.65,4.05,6.07,167.59,CENTER,HIGH,YELLOW,NO,DRY,CLEAR,STRAIGHT,CHANGE_LANE_RIGHT
4.74,0.11,-3.41,184.71,RIGHT,HIGH,GREEN,NO,SLIPPERY,CLEAR,STRAIGHT,ACCELERATE
95.12,3.04,3.93,2.0,LEFT,LOW,NONE,NO,DRY,CLEAR,RIGHT,BRAKE
78.5,3.64,-17.39,24.94,CENTER,MEDIUM,NONE,NO,DRY,CLEAR,STRAIGHT,MAINTAIN_SPEED
32.11,0.28,16.31,170.56,CENTER,MEDIUM,GREEN,NO,DRY,RAIN,RIGHT,TURN_RIGHT
74.9,0.9,0.73,166.09,LEFT,LOW,GREEN,NO,DRY,CLEAR,LEFT,MAINTAIN_SPEED
140.23,-0.2,6.05,171.43,CENTER,HIGH,NONE,YES,DRY,CLEAR,STRAIGHT,CHANGE_LANE_RIGHT
148.26,-0.67,-17.13,38.77,CENTER,HIGH,NONE,YES,DRY,FOG,RIGHT,BRAKE
29.65,1.77,-14.7,144.2,CENTER,HIGH,GREEN,YES,DRY,CLEAR,LEFT,TURN_LEFT
22.14,1.84,0.84,119.4,CENTER,HIGH,NONE,NO,WET,RAIN,RIGHT,CHANGE_LANE_RIGHT
65.91,-4.01,-5.62,82.79,CENTER,LOW,GREEN,YES,DRY,CLEAR,STRAIGHT,MAINTAIN_SPEED
91.16,-2.73,-17.75,159.42,LEFT,LOW,GREEN,NO,DRY,CLEAR,STRAIGHT,MAINTAIN_SPEED
49.33,-4.44,13.23,98.14,CENTER,HIGH,NONE,YES,DRY,FOG,STRAIGHT,CHANGE_LANE_RIGHT
65.23,2.44,-9.87,60.43,CENTER,MEDIUM,RED,NO,DRY,CLEAR,LEFT,STOP
94.05,-0.78,-11.79,168.74,LEFT,MEDIUM,GREEN,NO,DRY,RAIN,LEFT,TURN_LEFT
147.51,-2.55,10.14,106.62,CENTER,HIGH,NONE,NO,DRY,CLEAR,LEFT,TURN_LEFT
45.51,1.51,-8.37,46.17,RIGHT,MEDIUM,NONE,YES,WET,CLEAR,STRAIGHT,MAINTAIN_SPEED
90.42,0.44,-3.55,101.8,CENTER,LOW,YELLOW,NO,DRY,CLEAR,LEFT,BRAKE
54.66,4.92,-12.51,87.3,LEFT,MEDIUM,NONE,NO,WET,CLEAR,STRAIGHT,MAINTAIN_SPEED
34.9,1.41,-5.95,24.39,CENTER,MEDIUM,NONE,NO,DRY,RAIN,STRAIGHT,MAINTAIN_SPEED
114.26,-0.34,-12.93,76.34,CENTER,MEDIUM,GREEN,YES,DRY,CLEAR,RIGHT,TURN_RIGHT
28.0,-1.1,0.54,172.26,RIGHT,LOW,GREEN,NO,DRY,CLEAR,LEFT,MAINTAIN_SPEED
63.65,-2.76,5.98,131.03,LEFT,LOW,GREEN,NO,DRY,RAIN,STRAIGHT,MAINTAIN_SPEED
17.23,1.51,7.57,63.68,LEFT,MEDIUM,GREEN,NO,WET,CLEAR,STRAIGHT,ACCELERATE
102.61,-3.05,28.89,45.91,CENTER,LOW,YELLOW,NO,SLIPPERY,RAIN,STRAIGHT,BRAKE
68.04,-0.23,4.65,2.74,LEFT,HIGH,YELLOW,NO,DRY,FOG,STRAIGHT,BRAKE
71.06,4.95,-7.25,175.9,CENTER,HIGH,GREEN,NO,SLIPPERY,CLEAR,STRAIGHT,BRAKE
87.86,-0.21,6.05,43.67,RIGHT,HIGH,GREEN,YES,WET,CLEAR,STRAIGHT,MAINTAIN_SPEED
146.81,1.48,-22.83,190.96,CENTER,LOW,RED,NO,DRY,CLEAR,STRAIGHT,STOP
39.82,-3.19,-3.61,112.28,CENTER,LOW,GREEN,NO,SLIPPERY,CLEAR,STRAIGHT,MAINTAIN_SPEED
77.2,-2.26,-5.81,86.05,LEFT,LOW,GREEN,NO,DRY,CLEAR,RIGHT,MAINTAIN_SPEED
26.54,6.88,-9.34,84.02,CENTER,MEDIUM,GREEN,NO,DRY,RAIN,STRAIGHT,MAINTAIN_SPEED
61.3,2.47,-3.81,122.17,CENTER,HIGH,YELLOW,NO,DRY,RAIN,STRAIGHT,BRAKE
133.95,1.92,11.01,161.26,CENTER,MEDIUM,GREEN,NO,WET,CLEAR,STRAIGHT,MAINTAIN_SPEED
29.33,-1.36,3.51,63.76,LEFT,LOW,NONE,YES,DRY,RAIN,LEFT,MAINTAIN_SPEED
95.94,-0.87,9.22,166.54,CENTER,MEDIUM,GREEN,NO,SLIPPERY,RAIN,STRAIGHT,BRAKE
70.56,0.94,8.5,125.84,CENTER,HIGH,GREEN,NO,DRY,RAIN,STRAIGHT,CHANGE_LANE_RIGHT
21.39,0.63,-10.11,24.51,RIGHT,MEDIUM,NONE,NO,DRY,RAIN,STRAIGHT,MAINTAIN_SPEED
95.54,0.35,9.82,126.95,RIGHT,LOW,GREEN,NO,SLIPPERY,CLEAR,STRAIGHT,BRAKE
91.1,-2.69,19.87,59.54,LEFT,LOW,GREEN,YES,DRY,CLEAR,RIGHT,TURN_RIGHT
97.35,4.11,3.79,193.6,LEFT,MEDIUM,RED,NO,DRY,CLEAR,STRAIGHT,STOP
34.54,-4.05,-3.17,45.45,RIGHT,MEDIUM,RED,NO,WET,FOG,STRAIGHT,BRAKE
132.78,4.01,12.29,181.29,LEFT,MEDIUM,NONE,NO,WET,RAIN,LEFT,TURN_LEFT
10.53,-1.36,-12.97,42.29,CENTER,MEDIUM,GREEN,NO,SLIPPERY,CLEAR,STRAIGHT,ACCELERATE
11.19,3.27,8.93,61.11,CENTER,LOW,GREEN,NO,DRY,CLEAR,STRAIGHT,ACCELERATE
8.78,4.62,10.81,104.31,RIGHT,MEDIUM,GREEN,YES,WET,CLEAR,RIGHT,TURN_RIGHT
76.9,-3.16,27.18,32.21,CENTER,MEDIUM,RED,NO,SLIPPERY,CLEAR,LEFT,STOP
78.5,-0.17,18.6,133.73,LEFT,LOW,NONE,NO,DRY,CLEAR,STRAIGHT,MAINTAIN_SPEED
99.48,-1.68,-1.59,195.71,RIGHT,HIGH,RED,NO,WET,CLEAR,RIGHT,STOP
46.13,-0.55,8.0,73.68,CENTER,HIGH,GREEN,YES,WET,RAIN,STRAIGHT,CHANGE_LANE_RIGHT
55.25,-3.22,7.61,79.84,RIGHT,HIGH,GREEN,NO,WET,RAIN,STRAIGHT,MAINTAIN_SPEED
42.57,1.91,-5.13,28.36,CENTER,MEDIUM,YELLOW,NO,WET,RAIN,STRAIGHT,MAINTAIN_SPEED
49.55,-0.09,13.15,21.29,LEFT,LOW,GREEN,NO,DRY,CLEAR,RIGHT,TURN_RIGHT
89.1,2.75,2.57,22.91,RIGHT,LOW,GREEN,YES,DRY,RAIN,STRAIGHT,BRAKE
97.59,-1.32,11.11,15.04,CENTER,MEDIUM,RED,NO,DRY,CLEAR,STRAIGHT,STOP
17.03,1.32,9.22,10.59,CENTER,MEDIUM,GREEN,NO,WET,CLEAR,STRAIGHT,MAINTAIN_SPEED
67.26,-0.14,34.72,93.04,LEFT,LOW,GREEN,NO,DRY,RAIN,STRAIGHT,MAINTAIN_SPEED
103.06,-0.76,0.9,20.06,CENTER,MEDIUM,GREEN,NO,DRY,CLEAR,LEFT,BRAKE
17.01,-2.23,-18.85,70.38,CENTER,HIGH,GREEN,YES,DRY,CLEAR,STRAIGHT,CHANGE_LANE_LEFT
127.5,0.19,9.73,109.09,RIGHT,MEDIUM,NONE,NO,DRY,CLEAR,STRAIGHT,MAINTAIN_SPEED
16.47,-0.71,17.0,100.57,CENTER,MEDIUM,RED,NO,WET,RAIN,RIGHT,BRAKE
99.64,0.99,-1.03,51.01,RIGHT,MEDIUM,GREEN,NO,DRY,CLEAR,STRAIGHT,MAINTAIN_SPEED
146.31,-0.3,-10.05,86.7,CENTER,HIGH,NONE,YES,DRY,CLEAR,STRAIGHT,CHANGE_LANE_LEFT
90.07,1.29,-16.08,57.67,CENTER,MEDIUM,GREEN,YES,WET,CLEAR,LEFT,TURN_LEFT
32.37,1.52,13.81,127.34,CENTER,LOW,GREEN,NO,WET,RAIN,RIGHT,TURN_RIGHT
135.05,1.49,-27.73,59.68,LEFT,MEDIUM,YELLOW,NO,WET,CLEAR,LEFT,BRAKE
86.17,-1.66,-7.38,160.32,CENTER,LOW,GREEN,NO,SLIPPERY,RAIN,LEFT,BRAKE
65.74,-4.6,-14.33,103.42,LEFT,HIGH,RED,NO,DRY,FOG,STRAIGHT,STOP
46.65,-0.34,5.49,71.01,RIGHT,MEDIUM,NONE,NO,DRY,CLEAR,STRAIGHT,MAINTAIN_SPEED
15.29,-2.28,-5.08,88.85,LEFT,LOW,GREEN,YES,DRY,RAIN,RIGHT,ACCELERATE
69.39,-0.96,9.64,19.61,CENTER,MEDIUM,GREEN,NO,DRY,CLEAR,LEFT,TURN_LEFT
12.81,-3.98,-5.68,190.36,CENTER,HIGH,GREEN,NO,DRY,RAIN,STRAIGHT,CHANGE_LANE_LEFT
12.64,0.67,12.8,144.1,CENTER,LOW,GREEN,YES,DRY,RAIN,STRAIGHT,ACCELERATE
25.15,1.56,-19.55,168.88,LEFT,LOW,GREEN,NO,DRY,CLEAR,RIGHT,TURN_RIGHT
4.32,-0.41,16.94,3.79,LEFT,LOW,GREEN,YES,SLIPPERY,CLEAR,RIGHT,STOP
69.06,-2.09,-6.43,65.53,CENTER,LOW,GREEN,NO,DRY,RAIN,STRAIGHT,MAINTAIN_SPEED
103.42,-5.6,-15.27,113.61,LEFT,LOW,GREEN,NO,DRY,CLEAR,RIGHT,TURN_RIGHT
45.18,2.53,-3.65,89.7,CENTER,HIGH,NONE,NO,DRY,CLEAR,STRAIGHT,CHANGE_LANE_LEFT
49.62,0.88,-10.02,39.06,CENTER,LOW,GREEN,NO,DRY,RAIN,LEFT,TURN_LEFT
51.27,-1.73,-15.83,63.6,CENTER,HIGH,NONE,NO,DRY,CLEAR,RIGHT,TURN_RIGHT
41.37,-1.82,30.26,47.89,CENTER,MEDIUM,YELLOW,NO,SLIPPERY,CLEAR,STRAIGHT,MAINTAIN_SPEED
80.26,-2.54,10.2,198.95,CENTER,LOW,GREEN,NO,DRY,RAIN,STRAIGHT,MAINTAIN_SPEED
89.4,0.74,1.04,124.89,CENTER,MEDIUM,GREEN,NO,DRY,RAIN,STRAIGHT,MAINTAIN_SPEED
91.88,1.77,-3.79,26.35,CENTER,LOW,YELLOW,NO,DRY,CLEAR,STRAIGHT,BRAKE
39.52,0.48,-17.68,114.59,RIGHT,MEDIUM,RED,NO,DRY,CLEAR,STRAIGHT,BRAKE
85.6,0.72,2.32,29.45,CENTER,LOW,RED,NO,DRY,CLEAR,STRAIGHT,STOP
136.12,-4.45,1.87,168.6,CENTER,MEDIUM,YELLOW,NO,DRY,CLEAR,STRAIGHT,BRAKE
50.1,4.23,6.06,2.58,CENTER,MEDIUM,GREEN,NO,SLIPPERY,CLEAR,LEFT,BRAKE
78.12,-0.39,-0.42,95.11,LEFT,LOW,GREEN,NO,DRY,CLEAR,STRAIGHT,MAINTAIN_SPEED
112.73,2.07,8.36,47.75,CENTER,LOW,GREEN,NO,DRY,CLEAR,STRAIGHT,MAINTAIN_SPEED
37.09,-0.92,-15.96,146.1,RIGHT,MEDIUM,GREEN,NO,DRY,CLEAR,RIGHT,TURN_RIGHT
93.85,-0.89,-17.34,41.39,CENTER,MEDIUM,GREEN,NO,SLIPPERY,CLEAR,LEFT,BRAKE
143.99,5.93,22.37,136.66,CENTER,LOW,NONE,NO,SLIPPERY,CLEAR,LEFT,BRAKE
45.21,-0.07,9.01,114.54,RIGHT,HIGH,GREEN,YES,DRY,CLEAR,STRAIGHT,MAINTAIN_SPEED
123.54,-0.95,-0.46,156.45,LEFT,MEDIUM,GREEN,NO,DRY,CLEAR,LEFT,MAINTAIN_SPEED
4.23,2.46,6.75,66.21,CENTER,HIGH,RED,NO,SLIPPERY,FOG,STRAIGHT,BRAKE
28.82,1.47,-15.63,67.71,CENTER,LOW,GREEN,NO,DRY,CLEAR,RIGHT,TURN_RIGHT
65.69,0.17,9.32,145.79,CENTER,HIGH,YELLOW,NO,DRY,CLEAR,RIGHT,BRAKE
132.83,3.92,-8.92,16.79,LEFT,HIGH,GREEN,NO,DRY,CLEAR,LEFT,TURN_LEFT
53.48,-1.76,11.74,104.49,LEFT,MEDIUM,GREEN,NO,DRY,CLEAR,RIGHT,TURN_RIGHT
134.17,-0.78,9.94,17.26,RIGHT,LOW,GREEN,NO,WET,CLEAR,STRAIGHT,BRAKE
55.12,-1.35,16.46,124.54,CENTER,LOW,GREEN,NO,WET,RAIN,RIGHT,TURN_RIGHT
145.82,2.42,3.83,141.74,CENTER,HIGH,GREEN,NO,DRY,CLEAR,STRAIGHT,CHANGE_LANE_RIGHT
121.61,0.59,-9.84,4.13,RIGHT,MEDIUM,YELLOW,NO,DRY,CLEAR,STRAIGHT,BRAKE
132.77,-2.33,0.53,41.72,CENTER,MEDIUM,NONE,YES,DRY,CLEAR,STRAIGHT,MAINTAIN_SPEED
77.26,0.88,-9.7,40.18,LEFT,MEDIUM,GREEN,NO,WET,RAIN,STRAIGHT,MAINTAIN_SPEED
34.14,-0.31,9.9,66.88,CENTER,LOW,NONE,NO,DRY,RAIN,STRAIGHT,MAINTAIN_SPEED
101.8,4.31,-4.6,103.28,CENTER,HIGH,GREEN,NO,WET,CLEAR,LEFT,CHANGE_LANE_LEFT
75.17,-2.52,14.07,72.78,LEFT,HIGH,NONE,YES,DRY,FOG,STRAIGHT,CHANGE_LANE_RIGHT
85.92,1.61,2.89,73.83,RIGHT,LOW,NONE,NO,WET,RAIN,STRAIGHT,MAINTAIN_SPEED
129.43,-1.82,-9.2,162.13,CENTER,MEDIUM,NONE,YES,WET,CLEAR,STRAIGHT,MAINTAIN_SPEED
43.66,-4.92,-38.0,60.98,LEFT,LOW,GREEN,NO,DRY,CLEAR,STRAIGHT,MAINTAIN_SPEED
24.97,-0.12,0.93,154.01,CENTER,LOW,NONE,NO,DRY,CLEAR,RIGHT,MAINTAIN_SPEED
44.32,0.72,27.98,184.8,CENTER,HIGH,GREEN,YES,SLIPPERY,CLEAR,LEFT,TURN_LEFT
16.41,-0.2,-1.75,183.51,CENTER,LOW,GREEN,NO,DRY,CLEAR,LEFT,ACCELERATE
104.46,3.13,1.55,57.09,CENTER,MEDIUM,GREEN,NO,SLIPPERY,CLEAR,STRAIGHT,BRAKE
91.55,0.47,8.34,93.63,LEFT,HIGH,GREEN,NO,WET,CLEAR,STRAIGHT,MAINTAIN_SPEED
92.06,-4.6,15.19,187.35,CENTER,MEDIUM,GREEN,NO,DRY,CLEAR,STRAIGHT,MAINTAIN_SPEED
11.87,-0.38,7.79,138.35,CENTER,MEDIUM,NONE,NO,DRY,CLEAR,RIGHT,ACCELERATE
51.71,-0.33,-16.75,193.51,LEFT,HIGH,GREEN,NO,WET,CLEAR,STRAIGHT,MAINTAIN_SPEED
73.86,-0.54,6.63,89.6,CENTER,MEDIUM,GREEN,YES,DRY,CLEAR,RIGHT,MAINTAIN_SPEED
97.72,3.36,-2.48,186.34,CENTER,LOW,NONE,YES,DRY,CLEAR,RIGHT,MAINTAIN_SPEED
38.83,4.28,-4.32,152.34,CENTER,MEDIUM,RED,NO,DRY,CLEAR,STRAIGHT,BRAKE
78.88,1.27,-0.75,27.98,CENTER,HIGH,GREEN,NO,SLIPPERY,CLEAR,STRAIGHT,BRAKE
30.22,-1.5,-10.36,67.48,CENTER,LOW,GREEN,NO,DRY,CLEAR,STRAIGHT,MAINTAIN_SPEED
86.34,3.39,16.07,121.01,CENTER,LOW,NONE,NO,WET,CLEAR,RIGHT,TURN_RIGHT
30.44,1.23,-5.82,117.56,CENTER,MEDIUM,NONE,NO,DRY,CLEAR,STRAIGHT,MAINTAIN_SPEED
21.46,0.03,2.5,128.44,CENTER,MEDIUM,GREEN,YES,DRY,CLEAR,STRAIGHT,MAINTAIN_SPEED
85.57,2.79,1.2,22.02,RIGHT,MEDIUM,GREEN,NO,SLIPPERY,CLEAR,LEFT,BRAKE
101.83,0.8,-3.87,96.31,CENTER,MEDIUM,RED,NO,DRY,CLEAR,STRAIGHT,STOP
26.22,3.3,2.47,52.43,RIGHT,MEDIUM,GREEN,YES,DRY,CLEAR,STRAIGHT,MAINTAIN_SPEED
139.52,3.42,-7.17,186.36,RIGHT,LOW,YELLOW,NO,DRY,CLEAR,LEFT,BRAKE
45.34,-3.87,-6.6,76.02,CENTER,LOW,GREEN,NO,DRY,CLEAR,LEFT,MAINTAIN_SPEED
67.53,1.55,21.81,18.92,CENTER,LOW,GREEN,NO,DRY,CLEAR,LEFT,TURN_LEFT
57.89,-0.39,-10.9,26.17,RIGHT,MEDIUM,GREEN,NO,DRY,RAIN,RIGHT,TURN_RIGHT
148.64,-6.61,-4.15,16.04,CENTER,LOW,GREEN,NO,DRY,CLEAR,STRAIGHT,BRAKE
65.62,4.73,2.96,75.65,RIGHT,LOW,GREEN,NO,DRY,CLEAR,RIGHT,MAINTAIN_SPEED
106.63,-0.65,10.68,126.66,CENTER,LOW,GREEN,NO,WET,RAIN,STRAIGHT,MAINTAIN_SPEED
100.1,6.21,-24.84,11.67,CENTER,HIGH,GREEN,NO,WET,CLEAR,STRAIGHT,BRAKE
17.27,-0.84,-35.48,40.86,CENTER,HIGH,GREEN,NO,WET,FOG,LEFT,TURN_LEFT
26.63,-1.82,-4.04,58.92,LEFT,LOW,GREEN,NO,DRY,CLEAR,RIGHT,MAINTAIN_SPEED
106.65,-1.51,-2.55,34.5,RIGHT,LOW,YELLOW,NO,DRY,CLEAR,STRAIGHT,BRAKE
148.74,-0.23,-16.75,183.43,CENTER,MEDIUM,YELLOW,NO,DRY,CLEAR,STRAIGHT,BRAKE
24.71,1.23,18.84,191.3,CENTER,HIGH,GREEN,NO,WET,RAIN,STRAIGHT,CHANGE_LANE_RIGHT
83.9,-2.34,-5.57,91.23,CENTER,MEDIUM,NONE,NO,DRY,RAIN,STRAIGHT,MAINTAIN_SPEED
34.13,0.29,22.39,40.56,CENTER,HIGH,GREEN,NO,SLIPPERY,CLEAR,RIGHT,TURN_RIGHT
9.12,-2.91,4.67,146.52,CENTER,HIGH,GREEN,NO,DRY,RAIN,STRAIGHT,CHANGE_LANE_RIGHT
5.83,-2.7,11.58,37.87,CENTER,MEDIUM,RED,NO,WET,CLEAR,RIGHT,BRAKE
26.83,-1.55,15.03,85.93,CENTER,HIGH,GREEN,NO,WET,RAIN,STRAIGHT,CHANGE_LANE_RIGHT
28.37,-0.25,3.1,15.15,RIGHT,LOW,RED,NO,WET,CLEAR,RIGHT,BRAKE
134.79,-0.52,13.43,98.27,CENTER,MEDIUM,YELLOW,YES,DRY,CLEAR,RIGHT,BRAKE
45.19,2.89,15.7,26.9,CENTER,MEDIUM,GREEN,NO,DRY,FOG,STRAIGHT,MAINTAIN_SPEED
83.15,2.79,-9.65,196.38,LEFT,MEDIUM,YELLOW,YES,WET,FOG,LEFT,BRAKE
113.43,6.5,9.72,172.82,CENTER,LOW,RED,YES,DRY,CLEAR,LEFT,STOP
119.54,1.48,-26.92,193.75,RIGHT,HIGH,NONE,YES,WET,CLEAR,STRAIGHT,CHANGE_LANE_LEFT
120.45,2.05,16.79,182.09,CENTER,HIGH,GREEN,YES,DRY,CLEAR,LEFT,TURN_LEFT
45.23,-0.87,3.17,113.05,CENTER,HIGH,GREEN,NO,DRY,CLEAR,STRAIGHT,CHANGE_LANE_RIGHT
55.8,-2.01,2.61,198.96,CENTER,MEDIUM,GREEN,NO,DRY,CLEAR,STRAIGHT,MAINTAIN_SPEED
133.93,0.25,3.29,184.29,CENTER,LOW,YELLOW,NO,WET,CLEAR,STRAIGHT,BRAKE
9.67,-1.42,-13.45,182.54,CENTER,MEDIUM,GREEN,NO,WET,CLEAR,STRAIGHT,ACCELERATE
102.11,1.71,-10.82,156.5,CENTER,LOW,GREEN,NO,DRY,CLEAR,STRAIGHT,MAINTAIN_SPEED
49.25,-2.31,23.09,144.09,LEFT,MEDIUM,GREEN,NO,DRY,RAIN,RIGHT,TURN_RIGHT
77.25,2.83,5.08,181.61,RIGHT,MEDIUM,GREEN,YES,DRY,CLEAR,STRAIGHT,MAINTAIN_SPEED
147.21,-4.82,16.39,100.95,CENTER,LOW,RED,NO,DRY,RAIN,STRAIGHT,STOP
94.29,-0.58,-5.58,133.63,RIGHT,HIGH,NONE,YES,DRY,CLEAR,STRAIGHT,MAINTAIN_SPEED
99.29,0.73,12.87,140.51,CENTER,MEDIUM,YELLOW,YES,DRY,FOG,RIGHT,BRAKE
54.67,2.31,14.89,75.67,RIGHT,MEDIUM,NONE,YES,DRY,CLEAR,STRAIGHT,MAINTAIN_SPEED
104.07,6.48,2.1,158.64,RIGHT,HIGH,GREEN,NO,DRY,CLEAR,RIGHT,MAINTAIN_SPEED
47.03,-3.16,-23.19,110.97,CENTER,HIGH,GREEN,NO,DRY,CLEAR,STRAIGHT,CHANGE_LANE_LEFT
71.03,-2.19,16.3,50.7,RIGHT,HIGH,GREEN,NO,DRY,RAIN,RIGHT,TURN_RIGHT
126.28,-0.68,-1.64,4.56,LEFT,HIGH,NONE,YES,DRY,FOG,STRAIGHT,STOP
30.63,-3.43,-11.26,139.1,RIGHT,HIGH,GREEN,NO,WET,CLEAR,STRAIGHT,CHANGE_LANE_LEFT
103.47,1.3,0.99,150.98,CENTER,LOW,GREEN,NO,DRY,CLEAR,STRAIGHT,MAINTAIN_SPEED
91.05,-0.64,-15.95,118.94,RIGHT,HIGH,GREEN,YES,DRY,CLEAR,STRAIGHT,CHANGE_LANE_LEFT
20.91,-2.81,1.53,183.75,LEFT,LOW,NONE,NO,SLIPPERY,RAIN,STRAIGHT,MAINTAIN_SPEED
124.76,-6.37,-25.42,155.13,LEFT,LOW,GREEN,NO,DRY,CLEAR,STRAIGHT,MAINTAIN_SPEED
9.49,-1.13,6.38,17.77,RIGHT,HIGH,RED,NO,DRY,FOG,RIGHT,BRAKE
144.12,-0.87,-16.47,49.77,LEFT,MEDIUM,GREEN,NO,DRY,FOG,RIGHT,TURN_RIGHT
62.94,-5.08,15.16,84.77,CENTER,HIGH,GREEN,NO,WET,CLEAR,RIGHT,TURN_RIGHT
146.61,-4.1,1.31,195.09,CENTER,MEDIUM,GREEN,NO,WET,RAIN,STRAIGHT,MAINTAIN_SPEED
62.3,1.57,-19.35,191.06,RIGHT,MEDIUM,RED,NO,DRY,CLEAR,STRAIGHT,STOP
64.78,2.28,7.41,196.16,CENTER,MEDIUM,GREEN,NO,WET,CLEAR,STRAIGHT,MAINTAIN_SPEED
134.18,-0.93,10.19,157.35,RIGHT,HIGH,RED,NO,DRY,CLEAR,LEFT,STOP
2.16,0.18,6.95,164.91,CENTER,MEDIUM,GREEN,NO,DRY,CLEAR,STRAIGHT,ACCELERATE
89.4,-0.04,-12.95,38.51,RIGHT,HIGH,YELLOW,NO,DRY,CLEAR,STRAIGHT,BRAKE
103.49,0.7,-1.45,101.51,LEFT,HIGH,GREEN,YES,DRY,CLEAR,LEFT,MAINTAIN_SPEED
104.76,-0.54,15.05,11.38,CENTER,HIGH,GREEN,NO,WET,CLEAR,LEFT,TURN_LEFT
127.38,3.06,-10.05,46.99,LEFT,MEDIUM,GREEN,NO,WET,CLEAR,STRAIGHT,MAINTAIN_SPEED
95.05,0.73,-4.66,14.17,CENTER,HIGH,GREEN,NO,DRY,CLEAR,STRAIGHT,BRAKE
11.75,3.54,12.86,190.87,LEFT,LOW,GREEN,NO,WET,FOG,STRAIGHT,ACCELERATE
125.62,2.22,-12.92,176.58,RIGHT,HIGH,GREEN,NO,WET,CLEAR,RIGHT,TURN_RIGHT
70.44,2.85,5.08,79.33,CENTER,LOW,YELLOW,YES,WET,CLEAR,STRAIGHT,BRAKE
108.5,-3.43,12.99,132.26,RIGHT,LOW,YELLOW,NO,WET,CLEAR,LEFT,BRAKE
70.95,-4.44,-10.75,80.67,RIGHT,LOW,RED,NO,WET,FOG,LEFT,STOP
26.71,-0.2,11.66,28.04,CENTER,MEDIUM,GREEN,NO,DRY,CLEAR,RIGHT,TURN_RIGHT
54.35,-1.09,-3.49,34.21,LEFT,MEDIUM,RED,NO,DRY,RAIN,LEFT,BRAKE
3.82,-2.32,1.22,27.02,RIGHT,HIGH,YELLOW,YES,DRY,RAIN,RIGHT,BRAKE
84.69,0.91,3.19,174.98,CENTER,HIGH,YELLOW,NO,WET,CLEAR,STRAIGHT,BRAKE
43.22,-2.18,-31.25,144.04,CENTER,HIGH,GREEN,YES,DRY,CLEAR,STRAIGHT,CHANGE_LANE_LEFT
57.99,-2.13,7.32,145.09,RIGHT,HIGH,RED,YES,DRY,CLEAR,RIGHT,STOP
79.32,-3.44,-7.36,131.11,CENTER,MEDIUM,YELLOW,YES,DRY,CLEAR,LEFT,BRAKE
129.08,-4.6,14.06,65.64,LEFT,MEDIUM,GREEN,NO,WET,CLEAR,STRAIGHT,MAINTAIN_SPEED
140.89,1.49,-7.0,56.88,CENTER,MEDIUM,NONE,NO,DRY,CLEAR,STRAIGHT,MAINTAIN_SPEED
78.93,-0.56,-13.79,152.7,RIGHT,MEDIUM,GREEN,NO,DRY,CLEAR,LEFT,TURN_LEFT
122.82,-2.47,-4.74,170.38,RIGHT,HIGH,GREEN,NO,DRY,CLEAR,RIGHT,MAINTAIN_SPEED
86.31,2.53,2.29,76.99,CENTER,HIGH,NONE,NO,DRY,CLEAR,STRAIGHT,CHANGE_LANE_RIGHT
39.96,2.33,-7.35,60.05,CENTER,LOW,NONE,NO,DRY,CLEAR,STRAIGHT,MAINTAIN_SPEED
149.67,3.8,41.5,42.84,CENTER,HIGH,GREEN,YES,DRY,RAIN,STRAIGHT,CHANGE_LANE_RIGHT
89.75,0.58,8.73,140.6,LEFT,MEDIUM,GREEN,NO,WET,CLEAR,LEFT,TURN_LEFT
127.89,4.6,-12.49,101.34,CENTER,HIGH,GREEN,NO,SLIPPERY,CLEAR,STRAIGHT,BRAKE
84.66,-1.95,16.83,75.07,CENTER,MEDIUM,NONE,NO,DRY,CLEAR,RIGHT,TURN_RIGHT
30.06,-2.99,8.67,156.07,CENTER,HIGH,GREEN,NO,WET,CLEAR,STRAIGHT,CHANGE_LANE_RIGHT
122.48,-2.78,-10.13,68.59,CENTER,HIGH,NONE,NO,DRY,CLEAR,STRAIGHT,CHANGE_LANE_LEFT
74.21,1.88,-10.04,49.36,RIGHT,LOW,YELLOW,YES,DRY,FOG,RIGHT,BRAKE
60.33,0.82,-26.99,52.42,LEFT,HIGH,GREEN,NO,DRY,CLEAR,STRAIGHT,MAINTAIN_SPEED
30.88,-3.31,3.0,102.85,CENTER,HIGH,NONE,NO,DRY,CLEAR,STRAIGHT,CHANGE_LANE_RIGHT
41.94,-3.97,-10.71,62.46,CENTER,LOW,NONE,NO,WET,CLEAR,STRAIGHT,MAINTAIN_SPEED
29.42,-4.08,8.83,57.67,CENTER,MEDIUM,GREEN,NO,DRY,RAIN,LEFT,TURN_LEFT
52.08,3.33,25.43,68.97,LEFT,MEDIUM,GREEN,NO,WET,RAIN,LEFT,TURN_LEFT
76.98,-2.91,1.38,9.14,CENTER,LOW,GREEN,NO,DRY,RAIN,LEFT,MAINTAIN_SPEED
4.84,2.93,6.1,16.84,RIGHT,MEDIUM,GREEN,NO,WET,CLEAR,LEFT,MAINTAIN_SPEED
56.34,0.2,11.18,144.92,CENTER,LOW,NONE,NO,DRY,RAIN,STRAIGHT,MAINTAIN_SPEED
10.42,1.7,-13.48,55.98,CENTER,LOW,YELLOW,NO,SLIPPERY,RAIN,LEFT,TURN_LEFT
11.01,-2.62,4.09,153.12,CENTER,LOW,GREEN,NO,DRY,CLEAR,STRAIGHT,ACCELERATE
106.27,-1.31,-0.6,198.7,CENTER,MEDIUM,GREEN,NO,DRY,CLEAR,STRAIGHT,MAINTAIN_SPEED
61.86,-0.35,-4.74,192.46,CENTER,HIGH,NONE,NO,DRY,CLEAR,STRAIGHT,CHANGE_LANE_LEFT
24.48,-0.63,-0.71,71.93,RIGHT,MEDIUM,GREEN,NO,DRY,CLEAR,STRAIGHT,MAINTAIN_SPEED
57.11,0.45,-14.33,27.48,LEFT,LOW,NONE,NO,DRY,CLEAR,STRAIGHT,MAINTAIN_SPEED
46.19,-2.72,12.99,97.2,CENTER,MEDIUM,YELLOW,YES,SLIPPERY,CLEAR,LEFT,TURN_LEFT
23.63,5.94,-14.93,148.5,RIGHT,MEDIUM,GREEN,NO,DRY,CLEAR,LEFT,TURN_LEFT
113.73,-1.24,21.17,42.23,RIGHT,LOW,GREEN,NO,SLIPPERY,CLEAR,RIGHT,BRAKE
124.88,2.62,6.39,161.09,CENTER,HIGH,GREEN,NO,DRY,RAIN,STRAIGHT,CHANGE_LANE_RIGHT
36.43,2.24,15.9,3.68,CENTER,MEDIUM,GREEN,YES,DRY,RAIN,RIGHT,STOP
82.79,1.91,12.72,154.83,CENTER,HIGH,GREEN,NO,SLIPPERY,RAIN,STRAIGHT,BRAKE
139.36,-3.73,-7.74,17.81,RIGHT,MEDIUM,YELLOW,YES,WET,CLEAR,STRAIGHT,BRAKE
15.76,-0.98,-5.31,107.55,CENTER,MEDIUM,RED,NO,SLIPPERY,FOG,STRAIGHT,BRAKE
111.22,1.53,-30.39,46.96,CENTER,LOW,YELLOW,NO,DRY,CLEAR,STRAIGHT,BRAKE
68.36,1.81,-7.07,54.35,CENTER,LOW,GREEN,NO,DRY,CLEAR,RIGHT,MAINTAIN_SPEED
140.1,3.89,17.7,74.42,LEFT,HIGH,GREEN,NO,DRY,CLEAR,STRAIGHT,CHANGE_LANE_RIGHT
58.41,-4.57,13.13,146.96,CENTER,LOW,GREEN,NO,DRY,CLEAR,STRAIGHT,MAINTAIN_SPEED
136.36,-2.97,6.68,60.95,CENTER,LOW,GREEN,YES,DRY,RAIN,STRAIGHT,MAINTAIN_SPEED
60.58,-0.34,16.69,2.04,CENTER,LOW,GREEN,NO,DRY,CLEAR,RIGHT,TURN_RIGHT
108.76,-0.55,3.92,90.24,RIGHT,LOW,GREEN,NO,WET,CLEAR,LEFT,MAINTAIN_SPEED
61.69,-1.4,14.07,55.18,CENTER,MEDIUM,GREEN,NO,DRY,CLEAR,STRAIGHT,MAINTAIN_SPEED
149.15,1.76,-20.39,109.43,LEFT,LOW,GREEN,NO,SLIPPERY,RAIN,LEFT,BRAKE
53.96,2.32,-19.89,43.44,CENTER,MEDIUM,GREEN,NO,DRY,CLEAR,RIGHT,TURN_RIGHT
99.45,3.56,-16.84,18.36,CENTER,MEDIUM,GREEN,NO,SLIPPERY,CLEAR,LEFT,BRAKE
111.03,-3.63,-25.16,192.95,CENTER,MEDIUM,GREEN,YES,DRY,CLEAR,LEFT,TURN_LEFT
4.74,3.45,-4.63,23.01,CENTER,LOW,GREEN,NO,DRY,RAIN,STRAIGHT,MAINTAIN_SPEED
119.55,-3.91,-23.14,88.04,CENTER,LOW,NONE,NO,SLIPPERY,CLEAR,LEFT,BRAKE
149.74,7.6,-3.43,176.77,LEFT,MEDIUM,NONE,NO,WET,CLEAR,STRAIGHT,MAINTAIN_SPEED
45.86,-2.32,9.66,129.98,CENTER,HIGH,GREEN,NO,DRY,CLEAR,STRAIGHT,CHANGE_LANE_RIGHT
7.77,-1.74,-11.33,72.14,CENTER,MEDIUM,GREEN,NO,SLIPPERY,RAIN,STRAIGHT,ACCELERATE
60.08,0.85,-8.04,167.99,RIGHT,MEDIUM,GREEN,NO,SLIPPERY,CLEAR,STRAIGHT,BRAKE
125.3,0.75,11.4,117.87,RIGHT,MEDIUM,GREEN,NO,SLIPPERY,CLEAR,LEFT,BRAKE
39.42,3.04,-11.45,167.06,CENTER,HIGH,GREEN,NO,DRY,CLEAR,STRAIGHT,CHANGE_LANE_LEFT
39.19,-3.42,-15.46,88.08,CENTER,HIGH,GREEN,NO,DRY,CLEAR,RIGHT,TURN_RIGHT
97.35,1.0,11.75,186.41,CENTER,LOW,GREEN,NO,DRY,CLEAR,STRAIGHT,MAINTAIN_SPEED
147.63,-4.17,9.34,27.48,CENTER,MEDIUM,GREEN,NO,DRY,RAIN,LEFT,TURN_LEFT
64.8,0.24,0.85,60.7,CENTER,HIGH,NONE,NO,DRY,CLEAR,STRAIGHT,CHANGE_LANE_RIGHT
67.78,-1.27,-7.07,69.76,LEFT,MEDIUM,GREEN,NO,DRY,CLEAR,STRAIGHT,MAINTAIN_SPEED
63.26,3.51,-0.83,69.77,CENTER,LOW,RED,NO,DRY,CLEAR,RIGHT,STOP
87.96,2.38,-30.39,151.14,CENTER,MEDIUM,NONE,NO,DRY,CLEAR,STRAIGHT,MAINTAIN_SPEED
103.51,4.03,-3.99,102.1,LEFT,MEDIUM,NONE,NO,DRY,FOG,STRAIGHT,MAINTAIN_SPEED
70.66,1.92,12.46,154.59,CENTER,MEDIUM,GREEN,NO,WET,CLEAR,STRAIGHT,MAINTAIN_SPEED
136.79,-2.99,-2.46,123.69,CENTER,MEDIUM,GREEN,NO,DRY,CLEAR,STRAIGHT,MAINTAIN_SPEED
42.85,0.29,26.68,54.11,LEFT,MEDIUM,GREEN,NO,WET,CLEAR,STRAIGHT,MAINTAIN_SPEED
107.54,1.99,-6.19,69.09,CENTER,MEDIUM,YELLOW,NO,SLIPPERY,CLEAR,RIGHT,BRAKE
2.97,-0.48,-7.59,13.97,LEFT,MEDIUM,YELLOW,NO,WET,RAIN,RIGHT,BRAKE
83.78,0.25,-19.43,199.83,CENTER,HIGH,GREEN,NO,SLIPPERY,CLEAR,RIGHT,BRAKE
53.77,-0.1,-9.25,93.34,CENTER,LOW,YELLOW,NO,WET,RAIN,STRAIGHT,MAINTAIN_SPEED
93.78,6.5,0.05,49.28,RIGHT,MEDIUM,GREEN,NO,DRY,CLEAR,STRAIGHT,MAINTAIN_SPEED
35.91,-1.79,-1.07,58.71,CENTER,MEDIUM,RED,YES,DRY,CLEAR,LEFT,BRAKE
3.94,2.21,-21.78,181.44,CENTER,MEDIUM,GREEN,NO,DRY,RAIN,STRAIGHT,ACCELERATE
23.66,1.12,10.28,99.24,LEFT,MEDIUM,RED,YES,DRY,CLEAR,STRAIGHT,BRAKE
115.97,-3.06,28.01,57.41,CENTER,MEDIUM,GREEN,NO,DRY,CLEAR,STRAIGHT,MAINTAIN_SPEED
121.03,-2.51,-0.83,15.21,RIGHT,HIGH,NONE,NO,WET,FOG,STRAIGHT,BRAKE
6.29,1.79,-3.69,137.02,CENTER,MEDIUM,GREEN,NO,SLIPPERY,CLEAR,STRAIGHT,ACCELERATE
82.73,0.39,-1.68,155.99,CENTER,LOW,RED,NO,DRY,FOG,STRAIGHT,STOP
104.3,3.88,-27.08,138.91,LEFT,LOW,RED,NO,DRY,CLEAR,RIGHT,STOP
120.73,0.05,-15.88,79.82,CENTER,LOW,NONE,NO,DRY,CLEAR,STRAIGHT,MAINTAIN_SPEED
119.71,3.28,-15.91,137.54,RIGHT,LOW,GREEN,NO,SLIPPERY,CLEAR,STRAIGHT,BRAKE
145.53,0.06,-21.17,179.56,RIGHT,MEDIUM,GREEN,NO,DRY,CLEAR,STRAIGHT,MAINTAIN_SPEED
21.66,0.42,-13.56,13.07,CENTER,LOW,YELLOW,NO,DRY,CLEAR,STRAIGHT,BRAKE
114.8,-1.07,-0.9,196.61,CENTER,MEDIUM,GREEN,NO,DRY,CLEAR,LEFT,MAINTAIN_SPEED
135.7,-0.21,-21.01,79.36,RIGHT,LOW,GREEN,NO,DRY,CLEAR,STRAIGHT,MAINTAIN_SPEED
125.77,4.99,19.39,14.12,RIGHT,LOW,GREEN,NO,DRY,FOG,LEFT,BRAKE
18.37,1.45,-11.37,85.62,CENTER,MEDIUM,GREEN,NO,DRY,FOG,STRAIGHT,MAINTAIN_SPEED
145.21,-2.98,-28.19,62.51,CENTER,LOW,NONE,NO,DRY,CLEAR,RIGHT,TURN_RIGHT
84.45,-0.69,-11.55,78.77,CENTER,LOW,GREEN,NO,SLIPPERY,CLEAR,STRAIGHT,BRAKE
67.31,-2.82,-2.65,154.98,CENTER,MEDIUM,YELLOW,YES,DRY,CLEAR,STRAIGHT,BRAKE
1.14,-4.23,16.19,133.4,RIGHT,HIGH,NONE,NO,DRY,CLEAR,STRAIGHT,ACCELERATE
58.3,3.29,-7.39,82.57,RIGHT,MEDIUM,GREEN,NO,DRY,RAIN,RIGHT,MAINTAIN_SPEED
140.94,2.11,-4.29,42.34,RIGHT,MEDIUM,GREEN,NO,DRY,CLEAR,LEFT,MAINTAIN_SPEED
110.92,6.36,8.08,192.15,CENTER,LOW,YELLOW,NO,DRY,CLEAR,RIGHT,BRAKE
84.76,2.6,-16.89,153.32,RIGHT,HIGH,NONE,YES,DRY,CLEAR,STRAIGHT,CHANGE_LANE_LEFT
96.18,-3.46,-7.12,28.25,CENTER,MEDIUM,GREEN,NO,DRY,CLEAR,STRAIGHT,BRAKE
33.67,-0.2,-9.72,31.15,CENTER,LOW,RED,NO,WET,CLEAR,STRAIGHT,BRAKE
96.96,1.51,3.03,198.22,RIGHT,MEDIUM,RED,NO,DRY,CLEAR,STRAIGHT,STOP
17.25,-0.97,-32.53,195.71,RIGHT,HIGH,RED,NO,DRY,CLEAR,STRAIGHT,BRAKE
37.96,-0.74,-10.61,59.1,RIGHT,LOW,RED,NO,DRY,RAIN,STRAIGHT,BRAKE
78.65,3.18,-12.04,25.98,RIGHT,HIGH,NONE,NO,WET,CLEAR,LEFT,TURN_LEFT
62.92,1.04,-4.61,32.44,CENTER,HIGH,GREEN,NO,SLIPPERY,CLEAR,STRAIGHT,BRAKE
45.98,-2.91,-4.51,88.64,CENTER,LOW,GREEN,NO,DRY,RAIN,STRAIGHT,MAINTAIN_SPEED
133.67,3.83,16.89,150.89,CENTER,LOW,GREEN,YES,DRY,CLEAR,LEFT,TURN_LEFT
30.98,0.43,-8.06,88.3,RIGHT,LOW,RED,YES,SLIPPERY,CLEAR,STRAIGHT,BRAKE
45.95,-0.08,17.89,18.95,LEFT,MEDIUM,YELLOW,NO,SLIPPERY,CLEAR,LEFT,TURN_LEFT
3.04,1.04,16.35,35.61,CENTER,MEDIUM,NONE,NO,DRY,CLEAR,RIGHT,TURN_RIGHT
29.96,-0.25,9.23,18.43,RIGHT,MEDIUM,GREEN,NO,DRY,RAIN,STRAIGHT,MAINTAIN_SPEED
81.51,-0.34,-22.87,79.44,LEFT,HIGH,RED,NO,DRY,CLEAR,RIGHT,STOP
49.46,5.54,-14.09,132.67,LEFT,MEDIUM,GREEN,NO,DRY,RAIN,STRAIGHT,MAINTAIN_SPEED
25.78,0.07,-7.21,23.28,CENTER,MEDIUM,RED,YES,DRY,CLEAR,STRAIGHT,BRAKE
63.1,-1.66,-11.18,155.9,CENTER,HIGH,GREEN,NO,SLIPPERY,CLEAR,STRAIGHT,BRAKE
111.56,2.54,8.58,118.72,CENTER,MEDIUM,RED,NO,DRY,CLEAR,LEFT,STOP
6.62,-0.41,9.24,170.93,CENTER,LOW,GREEN,NO,WET,RAIN,STRAIGHT,ACCELERATE
47.88,-1.74,-3.53,167.4,CENTER,MEDIUM,GREEN,NO,DRY,RAIN,STRAIGHT,MAINTAIN_SPEED
96.73,1.92,-0.78,101.38,RIGHT,MEDIUM,GREEN,NO,DRY,FOG,STRAIGHT,MAINTAIN_SPEED
101.48,-4.52,11.89,105.5,RIGHT,MEDIUM,NONE,YES,WET,CLEAR,RIGHT,TURN_RIGHT
97.97,-0.51,1.75,132.37,RIGHT,MEDIUM,GREEN,NO,DRY,CLEAR,STRAIGHT,MAINTAIN_SPEED
140.97,2.54,3.75,14.31,CENTER,LOW,GREEN,NO,SLIPPERY,CLEAR,STRAIGHT,BRAKE
137.02,0.62,-21.56,194.26,CENTER,HIGH,NONE,YES,DRY,CLEAR,STRAIGHT,CHANGE_LANE_LEFT
60.48,-5.24,-13.4,196.66,CENTER,LOW,YELLOW,YES,DRY,RAIN,LEFT,BRAKE
92.57,-3.38,-21.79,150.59,LEFT,LOW,YELLOW,NO,WET,RAIN,STRAIGHT,BRAKE
8.99,-1.34,19.51,10.32,RIGHT,LOW,RED,YES,DRY,CLEAR,RIGHT,STOP
10.63,2.02,3.41,57.34,CENTER,LOW,YELLOW,NO,WET,RAIN,STRAIGHT,MAINTAIN_SPEED
57.44,0.43,-15.02,135.75,CENTER,MEDIUM,NONE,NO,WET,CLEAR,STRAIGHT,MAINTAIN_SPEED
12.99,2.58,-19.09,83.35,RIGHT,LOW,RED,NO,SLIPPERY,FOG,STRAIGHT,BRAKE
88.68,2.13,27.9,170.22,LEFT,MEDIUM,GREEN,YES,DRY,FOG,LEFT,TURN_LEFT
73.39,-2.09,5.48,37.77,RIGHT,MEDIUM,YELLOW,NO,DRY,RAIN,LEFT,BRAKE
109.49,2.09,-3.94,19.91,CENTER,LOW,RED,NO,DRY,CLEAR,STRAIGHT,STOP
21.2,-3.06,-25.28,6.76,CENTER,HIGH,NONE,NO,DRY,CLEAR,LEFT,TURN_LEFT
49.45,1.27,-7.17,38.83,RIGHT,MEDIUM,NONE,NO,DRY,CLEAR,LEFT,MAINTAIN_SPEED
141.21,-1.9,-15.72,54.46,CENTER,LOW,GREEN,NO,DRY,CLEAR,STRAIGHT,MAINTAIN_SPEED
51.85,-1.97,-7.26,53.61,CENTER,LOW,RED,NO,DRY,CLEAR,STRAIGHT,BRAKE
41.95,3.11,-26.38,145.44,CENTER,HIGH,GREEN,NO,DRY,FOG,STRAIGHT,CHANGE_LANE_LEFT
78.11,2.46,-1.3,165.37,LEFT,MEDIUM,GREEN,NO,DRY,RAIN,STRAIGHT,MAINTAIN_SPEED
74.55,-0.34,-6.18,178.87,CENTER,LOW,YELLOW,YES,DRY,CLEAR,STRAIGHT,BRAKE
4.74,1.29,-13.29,82.42,CENTER,LOW,RED,NO,DRY,RAIN,STRAIGHT,BRAKE
129.44,-0.57,-4.11,190.41,RIGHT,MEDIUM,NONE,NO,DRY,CLEAR,LEFT,MAINTAIN_SPEED
101.61,-1.24,1.51,95.1,RIGHT,HIGH,NONE,NO,WET,CLEAR,STRAIGHT,MAINTAIN_SPEED
25.71,-3.47,0.83,173.36,RIGHT,LOW,RED,NO,WET,RAIN,LEFT,BRAKE
129.44,0.77,11.46,153.42,CENTER,MEDIUM,NONE,YES,WET,CLEAR,STRAIGHT,MAINTAIN_SPEED
16.13,4.18,22.16,66.36,CENTER,MEDIUM,GREEN,NO,DRY,CLEAR,STRAIGHT,ACCELERATE
143.43,-0.62,-15.82,142.72,CENTER,LOW,GREEN,NO,DRY,CLEAR,LEFT,TURN_LEFT
137.01,-0.42,-0.22,119.96,RIGHT,MEDIUM,GREEN,NO,WET,CLEAR,STRAIGHT,MAINTAIN_SPEED
130.63,1.9,-13.98,140.21,LEFT,HIGH,NONE,YES,WET,CLEAR,STRAIGHT,MAINTAIN_SPEED
103.08,-0.7,21.34,53.17,LEFT,LOW,YELLOW,NO,SLIPPERY,FOG,STRAIGHT,BRAKE
102.21,-2.08,-6.1,191.36,CENTER,MEDIUM,NONE,NO,WET,RAIN,RIGHT,MAINTAIN_SPEED
10.92,-1.59,0.6,133.32,RIGHT,LOW,RED,NO,SLIPPERY,CLEAR,RIGHT,BRAKE
45.37,-3.46,-9.71,67.84,CENTER,MEDIUM,GREEN,NO,SLIPPERY,RAIN,STRAIGHT,MAINTAIN_SPEED
14.72,-1.15,3.41,80.71,CENTER,HIGH,RED,NO,DRY,CLEAR,STRAIGHT,BRAKE
91.56,0.66,-7.11,25.82,CENTER,HIGH,GREEN,NO,DRY,RAIN,RIGHT,MAINTAIN_SPEED
97.97,-0.23,16.56,77.1,RIGHT,HIGH,YELLOW,NO,WET,CLEAR,STRAIGHT,BRAKE
129.97,-4.53,15.33,54.9,CENTER,MEDIUM,RED,NO,DRY,CLEAR,STRAIGHT,STOP
97.58,1.27,5.26,182.01,LEFT,HIGH,GREEN,NO,DRY,RAIN,STRAIGHT,MAINTAIN_SPEED
21.42,-1.22,-2.31,172.91,RIGHT,MEDIUM,RED,NO,DRY,CLEAR,STRAIGHT,BRAKE
139.7,0.05,8.88,153.25,CENTER,LOW,YELLOW,YES,DRY,CLEAR,STRAIGHT,BRAKE
115.11,3.75,-6.52,137.11,CENTER,MEDIUM,GREEN,NO,DRY,CLEAR,STRAIGHT,MAINTAIN_SPEED
118.65,6.55,-14.65,76.02,CENTER,MEDIUM,YELLOW,NO,SLIPPERY,CLEAR,STRAIGHT,BRAKE
111.93,1.76,-10.89,54.37,CENTER,MEDIUM,GREEN,NO,DRY,RAIN,STRAIGHT,MAINTAIN_SPEED
43.37,0.27,-24.3,77.18,RIGHT,LOW,NONE,NO,DRY,RAIN,STRAIGHT,MAINTAIN_SPEED
100.02,1.14,-9.12,143.47,LEFT,LOW,YELLOW,NO,DRY,RAIN,STRAIGHT,BRAKE
105.63,-0.58,5.63,52.11,CENTER,LOW,RED,NO,WET,CLEAR,RIGHT,STOP
39.3,1.64,18.27,64.62,CENTER,MEDIUM,RED,NO,WET,CLEAR,STRAIGHT,BRAKE
30.59,-3.76,8.45,184.72,CENTER,MEDIUM,GREEN,NO,DRY,CLEAR,RIGHT,TURN_RIGHT
16.67,4.61,-3.91,32.31,CENTER,LOW,NONE,NO,DRY,FOG,STRAIGHT,ACCELERATE
17.42,-5.16,9.1,186.98,CENTER,HIGH,GREEN,NO,DRY,CLEAR,LEFT,TURN_LEFT
71.21,6.21,13.09,17.4,LEFT,LOW,RED,NO,DRY,CLEAR,LEFT,STOP
70.96,-0.81,-6.13,156.05,CENTER,HIGH,NONE,NO,WET,CLEAR,STRAIGHT,CHANGE_LANE_LEFT
75.64,-4.01,6.34,90.67,RIGHT,HIGH,GREEN,NO,DRY,CLEAR,STRAIGHT,MAINTAIN_SPEED
55.16,2.29,7.13,27.48,CENTER,LOW,NONE,NO,DRY,FOG,RIGHT,MAINTAIN_SPEED
118.83,-0.92,2.74,120.51,CENTER,MEDIUM,NONE,YES,WET,CLEAR,STRAIGHT,MAINTAIN_SPEED
64.81,-2.21,3.39,37.84,CENTER,LOW,RED,NO,DRY,RAIN,LEFT,STOP
121.7,-1.17,3.74,20.19,CENTER,LOW,RED,NO,WET,CLEAR,STRAIGHT,STOP
49.55,2.91,22.88,82.66,RIGHT,MEDIUM,NONE,NO,DRY,CLEAR,LEFT,TURN_LEFT
4.43,-0.13,9.48,82.13,CENTER,LOW,GREEN,NO,DRY,CLEAR,RIGHT,TURN_RIGHT
67.39,0.56,-9.52,141.78,RIGHT,MEDIUM,GREEN,NO,DRY,FOG,STRAIGHT,MAINTAIN_SPEED
1.4,-5.25,10.59,13.09,LEFT,LOW,RED,YES,DRY,CLEAR,STRAIGHT,BRAKE
87.29,1.2,-19.12,127.24,CENTER,LOW,GREEN,YES,WET,CLEAR,STRAIGHT,MAINTAIN_SPEED
143.26,-2.29,7.86,91.64,LEFT,HIGH,GREEN,NO,SLIPPERY,CLEAR,STRAIGHT,BRAKE
145.05,-3.02,0.67,162.12,CENTER,MEDIUM,GREEN,YES,DRY,CLEAR,STRAIGHT,MAINTAIN_SPEED
124.13,-0.23,-13.84,189.04,CENTER,LOW,GREEN,YES,WET,CLEAR,LEFT,TURN_LEFT
123.45,0.89,-2.24,84.71,CENTER,MEDIUM,GREEN,NO,DRY,RAIN,STRAIGHT,MAINTAIN_SPEED
140.76,-0.97,7.21,170.22,CENTER,MEDIUM,GREEN,NO,WET,RAIN,STRAIGHT,MAINTAIN_SPEED
25.42,1.43,-0.1,42.77,RIGHT,MEDIUM,YELLOW,NO,DRY,CLEAR,RIGHT,MAINTAIN_SPEED
28.51,-1.06,-10.4,87.72,LEFT,LOW,GREEN,NO,DRY,CLEAR,RIGHT,TURN_RIGHT
50.67,2.82,-13.98,118.39,CENTER,HIGH,GREEN,NO,DRY,CLEAR,LEFT,TURN_LEFT
45.63,-0.09,8.34,151.49,CENTER,LOW,YELLOW,NO,WET,CLEAR,STRAIGHT,MAINTAIN_SPEED
110.44,0.5,6.48,5.75,CENTER,HIGH,GREEN,YES,DRY,CLEAR,STRAIGHT,STOP
6.14,-1.83,-6.48,169.1,CENTER,MEDIUM,RED,NO,DRY,RAIN,RIGHT,BRAKE
46.11,0.65,0.28,117.02,RIGHT,LOW,GREEN,YES,DRY,CLEAR,RIGHT,MAINTAIN_SPEED
78.46,-1.33,10.19,128.33,LEFT,LOW,GREEN,NO,DRY,CLEAR,STRAIGHT,MAINTAIN_SPEED
3.89,-1.08,-13.55,147.43,CENTER,HIGH,GREEN,NO,SLIPPERY,CLEAR,LEFT,TURN_LEFT
140.09,1.47,-15.39,148.88,CENTER,HIGH,NONE,YES,DRY,RAIN,STRAIGHT,CHANGE_LANE_LEFT
118.7,-3.0,-1.85,122.69,LEFT,MEDIUM,YELLOW,NO,WET,CLEAR,STRAIGHT,BRAKE
67.88,3.58,-4.82,143.14,RIGHT,MEDIUM,GREEN,NO,DRY,FOG,STRAIGHT,MAINTAIN_SPEED
28.13,-2.03,-4.11,109.32,CENTER,MEDIUM,GREEN,NO,DRY,CLEAR,STRAIGHT,MAINTAIN_SPEED
140.48,3.24,12.51,70.5,CENTER,MEDIUM,GREEN,NO,DRY,CLEAR,STRAIGHT,MAINTAIN_SPEED
130.94,1.06,1.35,139.02,CENTER,LOW,YELLOW,NO,SLIPPERY,FOG,RIGHT,BRAKE
104.31,-0.48,-0.22,43.88,LEFT,LOW,GREEN,NO,DRY,CLEAR,STRAIGHT,MAINTAIN_SPEED
93.59,6.7,21.69,147.08,CENTER,HIGH,GREEN,YES,WET,CLEAR,STRAIGHT,CHANGE_LANE_RIGHT
115.58,-4.23,-2.24,143.22,CENTER,LOW,GREEN,YES,DRY,RAIN,STRAIGHT,MAINTAIN_SPEED
4.85,-3.1,12.93,173.37,LEFT,HIGH,NONE,YES,DRY,CLEAR,STRAIGHT,CHANGE_LANE_RIGHT
88.61,0.11,19.14,103.98,CENTER,HIGH,GREEN,NO,DRY,CLEAR,LEFT,TURN_LEFT
120.73,0.76,2.61,54.42,RIGHT,MEDIUM,RED,NO,DRY,CLEAR,STRAIGHT,STOP
41.52,1.45,-17.24,173.22,CENTER,MEDIUM,GREEN,YES,DRY,CLEAR,STRAIGHT,MAINTAIN_SPEED
73.62,-3.95,1.05,25.59,LEFT,MEDIUM,YELLOW,NO,DRY,CLEAR,LEFT,BRAKE
149.95,-0.32,-18.1,95.29,LEFT,MEDIUM,GREEN,NO,WET,RAIN,STRAIGHT,MAINTAIN_SPEED
6.5,-2.21,25.87,131.39,LEFT,HIGH,GREEN,NO,DRY,FOG,STRAIGHT,CHANGE_LANE_RIGHT
19.08,-4.41,6.72,100.13,LEFT,MEDIUM,GREEN,YES,DRY,FOG,LEFT,ACCELERATE
3.64,0.04,5.34,26.92,CENTER,MEDIUM,NONE,NO,WET,RAIN,STRAIGHT,MAINTAIN_SPEED
65.32,2.29,-15.65,9.21,RIGHT,MEDIUM,GREEN,NO,DRY,FOG,STRAIGHT,BRAKE
17.18,-1.56,-20.45,153.11,RIGHT,LOW,GREEN,NO,DRY,CLEAR,STRAIGHT,MAINTAIN_SPEED
73.27,-2.73,-5.15,197.53,CENTER,MEDIUM,GREEN,YES,WET,RAIN,STRAIGHT,MAINTAIN_SPEED
109.64,1.91,8.77,52.59,CENTER,HIGH,GREEN,NO,DRY,CLEAR,RIGHT,TURN_RIGHT
18.42,0.09,-8.5,58.35,LEFT,LOW,YELLOW,NO,DRY,CLEAR,LEFT,TURN_LEFT
82.01,-0.87,6.37,65.1,CENTER,MEDIUM,GREEN,YES,DRY,CLEAR,STRAIGHT,MAINTAIN_SPEED
117.32,-4.47,-12.55,130.24,CENTER,LOW,GREEN,NO,WET,CLEAR,STRAIGHT,MAINTAIN_SPEED
113.92,0.41,-2.91,130.86,LEFT,HIGH,GREEN,NO,DRY,CLEAR,STRAIGHT,MAINTAIN_SPEED
12.06,0.9,-1.83,159.8,RIGHT,LOW,RED,NO,DRY,CLEAR,STRAIGHT,BRAKE
110.07,2.29,11.6,178.28,RIGHT,MEDIUM,NONE,NO,DRY,CLEAR,RIGHT,TURN_RIGHT
81.64,0.33,0.99,13.86,CENTER,HIGH,YELLOW,NO,SLIPPERY,CLEAR,LEFT,BRAKE
68.94,-1.92,12.04,47.66,CENTER,LOW,GREEN,YES,WET,CLEAR,LEFT,TURN_LEFT
116.17,-0.22,17.61,75.13,CENTER,HIGH,YELLOW,NO,DRY,FOG,LEFT,BRAKE
16.05,2.65,-9.53,13.75,LEFT,LOW,RED,YES,DRY,CLEAR,STRAIGHT,BRAKE
91.21,1.18,-4.17,196.98,CENTER,HIGH,YELLOW,YES,WET,CLEAR,LEFT,BRAKE
145.94,1.43,2.79,23.99,CENTER,LOW,GREEN,YES,DRY,CLEAR,RIGHT,BRAKE
16.35,0.72,13.81,183.41,LEFT,LOW,YELLOW,NO,SLIPPERY,CLEAR,STRAIGHT,MAINTAIN_SPEED
0.64,-0.82,13.73,141.45,RIGHT,LOW,RED,NO,DRY,CLEAR,STRAIGHT,BRAKE
37.58,-1.85,-13.82,183.72,RIGHT,MEDIUM,NONE,YES,DRY,FOG,STRAIGHT,MAINTAIN_SPEED
98.34,0.36,-6.54,51.94,LEFT,MEDIUM,GREEN,NO,DRY,RAIN,STRAIGHT,MAINTAIN_SPEED
55.58,-0.19,4.88,87.8,RIGHT,LOW,NONE,NO,WET,CLEAR,STRAIGHT,MAINTAIN_SPEED
146.86,1.61,-25.19,50.99,CENTER,MEDIUM,YELLOW,YES,DRY,CLEAR,STRAIGHT,BRAKE
66.62,3.21,2.02,7.26,CENTER,LOW,YELLOW,YES,DRY,CLEAR,STRAIGHT,BRAKE
121.15,-2.25,2.01,125.86,LEFT,MEDIUM,GREEN,NO,SLIPPERY,CLEAR,RIGHT,BRAKE
67.53,3.05,20.62,64.57,CENTER,LOW,GREEN,NO,DRY,CLEAR,STRAIGHT,MAINTAIN_SPEED
12.59,0.54,-2.83,149.01,LEFT,MEDIUM,GREEN,NO,DRY,CLEAR,LEFT,ACCELERATE
27.87,1.59,1.84,133.57,CENTER,LOW,NONE,NO,DRY,CLEAR,STRAIGHT,MAINTAIN_SPEED
90.1,-1.29,28.72,22.51,CENTER,MEDIUM,YELLOW,NO,DRY,CLEAR,STRAIGHT,BRAKE
136.46,3.16,12.77,123.66,LEFT,LOW,GREEN,YES,DRY,RAIN,STRAIGHT,MAINTAIN_SPEED
138.67,-0.09,-14.73,64.1,CENTER,LOW,YELLOW,NO,WET,CLEAR,STRAIGHT,BRAKE
105.35,1.06,15.29,152.05,LEFT,MEDIUM,YELLOW,YES,DRY,CLEAR,RIGHT,BRAKE
130.7,-1.58,5.33,114.81,LEFT,LOW,GREEN,NO,WET,CLEAR,STRAIGHT,MAINTAIN_SPEED
53.8,-0.05,1.1,41.76,LEFT,MEDIUM,RED,NO,DRY,CLEAR,RIGHT,BRAKE
142.11,4.52,13.86,90.74,CENTER,MEDIUM,GREEN,YES,DRY,FOG,STRAIGHT,MAINTAIN_SPEED
3.86,-1.05,-11.84,68.99,LEFT,LOW,GREEN,NO,DRY,RAIN,LEFT,TURN_LEFT
82.15,0.46,-7.2,154.99,CENTER,LOW,GREEN,NO,DRY,FOG,STRAIGHT,MAINTAIN_SPEED
106.64,0.15,4.98,177.84,CENTER,HIGH,GREEN,YES,DRY,CLEAR,RIGHT,CHANGE_LANE_RIGHT
118.71,-0.42,-1.62,182.9,LEFT,HIGH,GREEN,NO,DRY,RAIN,STRAIGHT,MAINTAIN_SPEED
37.7,-0.49,3.07,183.15,CENTER,MEDIUM,NONE,NO,SLIPPERY,RAIN,RIGHT,MAINTAIN_SPEED
83.59,0.64,-12.25,19.98,CENTER,HIGH,GREEN,NO,DRY,CLEAR,RIGHT,TURN_RIGHT
97.37,-0.03,7.53,96.02,CENTER,LOW,GREEN,YES,DRY,CLEAR,STRAIGHT,MAINTAIN_SPEED
0.35,1.51,5.13,46.92,LEFT,MEDIUM,NONE,YES,WET,CLEAR,STRAIGHT,ACCELERATE
126.87,-3.52,21.0,91.06,CENTER,MEDIUM,GREEN,YES,DRY,CLEAR,LEFT,TURN_LEFT
132.93,-0.35,7.94,132.53,CENTER,MEDIUM,YELLOW,YES,DRY,RAIN,RIGHT,BRAKE
46.62,2.95,32.91,38.65,CENTER,MEDIUM,NONE,NO,SLIPPERY,RAIN,STRAIGHT,MAINTAIN_SPEED
95.21,1.08,1.74,110.63,CENTER,LOW,GREEN,YES,DRY,RAIN,STRAIGHT,MAINTAIN_SPEED
129.64,-0.62,-0.07,107.22,RIGHT,MEDIUM,YELLOW,NO,DRY,CLEAR,STRAIGHT,BRAKE
103.4,-0.94,6.11,32.33,LEFT,MEDIUM,NONE,NO,DRY,CLEAR,STRAIGHT,ACCELERATE
100.89,-2.19,9.23,104.17,LEFT,MEDIUM,GREEN,NO,DRY,CLEAR,STRAIGHT,MAINTAIN_SPEED
70.06,-0.41,0.0,43.61,CENTER,MEDIUM,GREEN,NO,DRY,CLEAR,STRAIGHT,MAINTAIN_SPEED
121.95,2.12,-2.2,30.09,CENTER,LOW,RED,NO,DRY,CLEAR,STRAIGHT,STOP
56.5,-0.12,-11.73,198.75,LEFT,LOW,RED,NO,DRY,FOG,STRAIGHT,STOP
123.09,0.96,-16.78,37.97,RIGHT,HIGH,GREEN,YES,DRY,CLEAR,STRAIGHT,CHANGE_LANE_LEFT
1.3,-0.33,35.5,193.86,LEFT,HIGH,GREEN,NO,DRY,CLEAR,RIGHT,TURN_RIGHT
98.08,-0.65,14.98,24.29,LEFT,LOW,NONE,NO,DRY,CLEAR,STRAIGHT,BRAKE
58.59,2.3,-7.47,159.74,CENTER,MEDIUM,RED,NO,DRY,RAIN,LEFT,STOP
10.78,-1.65,-18.68,94.57,CENTER,HIGH,RED,NO,DRY,CLEAR,RIGHT,BRAKE
57.15,3.53,-5.1,88.4,CENTER,LOW,GREEN,NO,SLIPPERY,CLEAR,STRAIGHT,BRAKE
21.86,-0.48,13.01,125.6,CENTER,LOW,GREEN,NO,SLIPPERY,RAIN,LEFT,TURN_LEFT
140.69,1.51,40.04,155.96,CENTER,HIGH,NONE,YES,DRY,RAIN,LEFT,TURN_LEFT
69.83,3.55,4.2,173.11,CENTER,LOW,GREEN,NO,DRY,CLEAR,RIGHT,MAINTAIN_SPEED
34.35,-3.16,2.87,43.94,CENTER,MEDIUM,NONE,NO,WET,RAIN,RIGHT,MAINTAIN_SPEED
5.18,1.29,-4.63,140.42,LEFT,LOW,GREEN,YES,DRY,CLEAR,LEFT,ACCELERATE
64.1,0.61,-1.71,137.82,RIGHT,MEDIUM,GREEN,NO,DRY,CLEAR,STRAIGHT,MAINTAIN_SPEED
11.22,1.15,12.62,184.19,CENTER,MEDIUM,GREEN,NO,WET,CLEAR,RIGHT,TURN_RIGHT
45.28,-2.42,1.03,96.05,LEFT,MEDIUM,GREEN,YES,DRY,RAIN,STRAIGHT,MAINTAIN_SPEED
85.13,0.35,14.01,128.29,RIGHT,HIGH,GREEN,NO,WET,CLEAR,STRAIGHT,MAINTAIN_SPEED
121.56,-1.2,8.18,135.64,CENTER,LOW,GREEN,NO,DRY,CLEAR,STRAIGHT,MAINTAIN_SPEED
102.89,2.3,-20.57,44.51,LEFT,MEDIUM,GREEN,NO,DRY,CLEAR,STRAIGHT,MAINTAIN_SPEED
47.55,-1.54,0.41,191.39,CENTER,MEDIUM,GREEN,YES,DRY,CLEAR,STRAIGHT,MAINTAIN_SPEED
37.93,1.83,-2.72,80.21,CENTER,LOW,YELLOW,NO,DRY,CLEAR,STRAIGHT,MAINTAIN_SPEED
124.99,-0.42,10.14,125.46,LEFT,LOW,RED,YES,DRY,CLEAR,STRAIGHT,STOP
68.68,-1.5,10.9,132.22,CENTER,LOW,NONE,NO,DRY,CLEAR,RIGHT,TURN_RIGHT
102.03,1.72,-0.86,176.0,LEFT,LOW,NONE,NO,WET,CLEAR,STRAIGHT,MAINTAIN_SPEED
145.9,3.15,8.13,144.33,CENTER,LOW,YELLOW,NO,SLIPPERY,CLEAR,STRAIGHT,BRAKE
91.62,1.82,-9.98,53.71,CENTER,HIGH,GREEN,YES,WET,CLEAR,LEFT,TURN_LEFT
130.84,-0.36,-16.95,81.34,CENTER,LOW,NONE,NO,DRY,CLEAR,STRAIGHT,MAINTAIN_SPEED
6.47,-3.75,3.55,146.01,CENTER,MEDIUM,YELLOW,NO,SLIPPERY,CLEAR,LEFT,ACCELERATE
60.44,-2.04,-22.53,90.47,CENTER,MEDIUM,NONE,NO,DRY,CLEAR,STRAIGHT,MAINTAIN_SPEED
81.89,1.01,-10.68,128.85,LEFT,LOW,GREEN,NO,WET,CLEAR,RIGHT,TURN_RIGHT
102.08,0.67,-3.32,7.6,CENTER,HIGH,YELLOW,NO,DRY,CLEAR,STRAIGHT,BRAKE
96.24,0.79,9.32,50.79,LEFT,LOW,GREEN,NO,DRY,CLEAR,STRAIGHT,BRAKE
115.37,1.92,-7.24,178.04,RIGHT,HIGH,GREEN,YES,DRY,CLEAR,STRAIGHT,MAINTAIN_SPEED
26.66,0.55,11.72,19.93,LEFT,LOW,GREEN,NO,DRY,CLEAR,RIGHT,TURN_RIGHT
46.77,1.84,-4.0,117.6,CENTER,HIGH,RED,NO,DRY,CLEAR,STRAIGHT,BRAKE
89.77,1.47,12.45,197.82,CENTER,LOW,GREEN,NO,DRY,CLEAR,STRAIGHT,MAINTAIN_SPEED
37.21,-2.33,-5.09,122.76,CENTER,LOW,NONE,NO,DRY,CLEAR,STRAIGHT,MAINTAIN_SPEED
16.22,-2.29,14.06,90.96,CENTER,LOW,GREEN,YES,DRY,FOG,STRAIGHT,ACCELERATE
8.46,-0.74,-4.15,129.71,CENTER,MEDIUM,GREEN,YES,WET,CLEAR,RIGHT,ACCELERATE
114.2,-0.62,-11.26,63.03,CENTER,MEDIUM,GREEN,NO,DRY,CLEAR,STRAIGHT,MAINTAIN_SPEED
17.39,0.55,-9.85,46.2,RIGHT,LOW,GREEN,NO,DRY,CLEAR,RIGHT,TURN_RIGHT
113.14,-2.46,-0.47,60.26,RIGHT,HIGH,GREEN,NO,WET,CLEAR,STRAIGHT,MAINTAIN_SPEED
136.92,-2.92,-9.61,195.88,RIGHT,MEDIUM,NONE,NO,WET,RAIN,STRAIGHT,MAINTAIN_SPEED
42.14,-0.32,-16.66,27.77,RIGHT,HIGH,GREEN,YES,DRY,CLEAR,LEFT,BRAKE
128.62,-0.71,27.86,130.18,CENTER,MEDIUM,NONE,YES,DRY,CLEAR,STRAIGHT,MAINTAIN_SPEED
85.96,-1.45,11.72,30.5,CENTER,MEDIUM,NONE,NO,DRY,CLEAR,STRAIGHT,MAINTAIN_SPEED
78.52,-1.62,1.43,83.55,CENTER,MEDIUM,GREEN,NO,DRY,FOG,STRAIGHT,MAINTAIN_SPEED
8.6,2.69,-1.52,13.27,CENTER,HIGH,RED,NO,DRY,CLEAR,STRAIGHT,BRAKE
69.43,-0.98,-10.17,65.37,CENTER,MEDIUM,GREEN,YES,DRY,CLEAR,LEFT,TURN_LEFT
63.91,0.11,13.76,53.8,CENTER,MEDIUM,GREEN,NO,DRY,RAIN,STRAIGHT,MAINTAIN_SPEED
14.09,-3.34,7.56,154.78,LEFT,MEDIUM,GREEN,NO,DRY,CLEAR,RIGHT,ACCELERATE
3.87,0.13,4.64,31.73,CENTER,MEDIUM,RED,NO,DRY,FOG,RIGHT,BRAKE
71.9,4.48,2.5,28.2,CENTER,MEDIUM,NONE,NO,DRY,RAIN,STRAIGHT,MAINTAIN_SPEED
103.47,0.86,10.52,12.57,LEFT,MEDIUM,GREEN,NO,DRY,CLEAR,STRAIGHT,BRAKE
91.7,2.66,5.5,80.88,CENTER,LOW,RED,NO,DRY,CLEAR,STRAIGHT,STOP
12.45,2.35,42.78,152.16,CENTER,LOW,GREEN,NO,DRY,FOG,STRAIGHT,ACCELERATE
30.09,-1.57,-13.71,68.24,CENTER,HIGH,RED,NO,DRY,RAIN,STRAIGHT,BRAKE
56.03,2.03,8.47,27.61,LEFT,MEDIUM,GREEN,NO,DRY,RAIN,STRAIGHT,MAINTAIN_SPEED
114.18,-3.34,8.91,19.05,LEFT,LOW,GREEN,NO,DRY,FOG,STRAIGHT,BRAKE
55.16,4.64,-6.01,186.57,CENTER,LOW,GREEN,NO,WET,CLEAR,STRAIGHT,MAINTAIN_SPEED
45.5,2.65,-9.99,180.85,RIGHT,LOW,GREEN,NO,WET,RAIN,STRAIGHT,MAINTAIN_SPEED
67.31,1.71,-1.23,172.53,CENTER,HIGH,NONE,YES,SLIPPERY,CLEAR,STRAIGHT,BRAKE
74.44,-2.64,17.39,129.91,CENTER,LOW,GREEN,NO,WET,CLEAR,RIGHT,TURN_RIGHT
66.38,-2.21,-1.69,100.47,CENTER,HIGH,NONE,NO,DRY,RAIN,STRAIGHT,CHANGE_LANE_LEFT
49.77,-1.43,2.27,171.43,CENTER,MEDIUM,GREEN,NO,DRY,CLEAR,STRAIGHT,MAINTAIN_SPEED
102.84,1.47,22.09,194.14,RIGHT,HIGH,NONE,NO,DRY,RAIN,STRAIGHT,MAINTAIN_SPEED
135.24,0.97,-8.23,48.23,CENTER,HIGH,GREEN,NO,DRY,CLEAR,LEFT,TURN_LEFT
149.79,-2.59,23.01,13.81,CENTER,MEDIUM,NONE,NO,DRY,RAIN,LEFT,TURN_LEFT
95.91,-3.34,-3.25,27.35,CENTER,MEDIUM,GREEN,NO,DRY,CLEAR,STRAIGHT,BRAKE
140.93,0.27,-3.14,188.58,LEFT,LOW,RED,NO,DRY,CLEAR,STRAIGHT,STOP
135.74,1.2,7.24,132.62,CENTER,HIGH,GREEN,NO,DRY,CLEAR,STRAIGHT,CHANGE_LANE_RIGHT
135.3,-0.91,6.02,171.39,CENTER,LOW,GREEN,NO,WET,RAIN,STRAIGHT,MAINTAIN_SPEED
45.47,0.29,6.62,84.06,CENTER,MEDIUM,GREEN,NO,DRY,CLEAR,STRAIGHT,MAINTAIN_SPEED
113.9,1.81,-16.01,38.84,RIGHT,MEDIUM,YELLOW,NO,SLIPPERY,RAIN,STRAIGHT,BRAKE
47.86,2.26,-11.67,58.53,CENTER,LOW,GREEN,NO,DRY,CLEAR,LEFT,TURN_LEFT
105.75,-4.23,0.43,105.16,LEFT,LOW,GREEN,NO,WET,RAIN,STRAIGHT,MAINTAIN_SPEED
58.28,-2.05,-7.29,71.09,CENTER,MEDIUM,GREEN,NO,DRY,RAIN,STRAIGHT,MAINTAIN_SPEED
79.21,2.33,3.87,132.18,LEFT,MEDIUM,GREEN,NO,DRY,CLEAR,STRAIGHT,MAINTAIN_SPEED
16.39,-3.16,-3.23,84.42,CENTER,HIGH,YELLOW,NO,DRY,CLEAR,LEFT,CHANGE_LANE_LEFT
49.53,1.68,-0.92,134.41,CENTER,HIGH,YELLOW,NO,SLIPPERY,CLEAR,LEFT,CHANGE_LANE_LEFT
41.42,-0.97,-0.1,97.21,CENTER,HIGH,GREEN,YES,DRY,FOG,STRAIGHT,CHANGE_LANE_LEFT
130.8,0.7,28.77,109.59,CENTER,MEDIUM,RED,YES,DRY,CLEAR,LEFT,STOP
56.94,-3.98,-1.66,172.44,CENTER,MEDIUM,GREEN,NO,SLIPPERY,CLEAR,STRAIGHT,BRAKE
78.39,0.27,-7.13,156.72,CENTER,LOW,YELLOW,NO,SLIPPERY,CLEAR,STRAIGHT,BRAKE
125.34,1.73,8.36,24.8,RIGHT,LOW,NONE,NO,WET,CLEAR,STRAIGHT,BRAKE
61.92,2.98,-24.65,91.79,LEFT,MEDIUM,NONE,NO,DRY,CLEAR,STRAIGHT,MAINTAIN_SPEED
50.2,2.78,-5.29,84.19,CENTER,MEDIUM,GREEN,NO,DRY,CLEAR,STRAIGHT,MAINTAIN_SPEED
137.86,-4.23,26.6,56.77,LEFT,MEDIUM,GREEN,NO,DRY,CLEAR,LEFT,TURN_LEFT
53.11,2.74,-3.91,158.76,RIGHT,MEDIUM,NONE,YES,DRY,RAIN,LEFT,MAINTAIN_SPEED
79.91,0.34,-17.5,8.78,CENTER,MEDIUM,GREEN,NO,WET,CLEAR,STRAIGHT,MAINTAIN_SPEED
81.86,3.14,13.88,189.63,CENTER,LOW,GREEN,NO,DRY,CLEAR,STRAIGHT,MAINTAIN_SPEED
93.96,0.64,-1.29,162.48,CENTER,MEDIUM,GREEN,NO,DRY,CLEAR,STRAIGHT,MAINTAIN_SPEED
128.39,-0.72,-21.47,164.89,RIGHT,LOW,GREEN,NO,WET,RAIN,RIGHT,TURN_RIGHT
87.79,-0.67,-1.92,16.5,CENTER,MEDIUM,GREEN,NO,WET,CLEAR,STRAIGHT,MAINTAIN_SPEED
129.84,-0.71,2.8,21.33,CENTER,LOW,RED,NO,DRY,RAIN,STRAIGHT,STOP
58.42,2.08,17.06,111.35,LEFT,LOW,NONE,NO,DRY,CLEAR,RIGHT,TURN_RIGHT
30.93,0.2,9.41,145.02,CENTER,HIGH,GREEN,NO,DRY,RAIN,LEFT,TURN_LEFT
75.71,-2.55,20.84,96.63,CENTER,LOW,NONE,NO,DRY,CLEAR,STRAIGHT,TURN_RIGHT
51.42,-1.43,24.57,2.97,CENTER,HIGH,YELLOW,YES,WET,CLEAR,STRAIGHT,BRAKE
121.54,-3.56,-3.65,56.77,CENTER,HIGH,GREEN,NO,DRY,CLEAR,STRAIGHT,CHANGE_LANE_LEFT
92.79,0.65,-0.52,28.55,CENTER,HIGH,YELLOW,NO,DRY,CLEAR,STRAIGHT,BRAKE
22.05,1.2,8.25,101.34,CENTER,LOW,NONE,NO,WET,CLEAR,RIGHT,TURN_RIGHT
51.81,1.84,1.46,90.9,CENTER,LOW,GREEN,NO,DRY,RAIN,LEFT,MAINTAIN_SPEED
148.79,0.82,37.2,114.69,CENTER,HIGH,GREEN,YES,DRY,CLEAR,STRAIGHT,CHANGE_LANE_RIGHT
131.71,-1.72,8.66,119.3,RIGHT,LOW,GREEN,NO,DRY,CLEAR,LEFT,TURN_LEFT
146.44,3.74,8.45,181.5,RIGHT,MEDIUM,NONE,NO,DRY,CLEAR,STRAIGHT,MAINTAIN_SPEED
35.17,-1.64,-0.12,48.73,CENTER,LOW,NONE,YES,DRY,CLEAR,STRAIGHT,MAINTAIN_SPEED
129.12,2.72,0.61,113.78,LEFT,MEDIUM,YELLOW,NO,DRY,CLEAR,STRAIGHT,BRAKE
53.4,0.07,5.44,23.93,CENTER,MEDIUM,YELLOW,NO,DRY,CLEAR,LEFT,MAINTAIN_SPEED
135.82,-0.48,6.01,148.69,CENTER,HIGH,GREEN,NO,DRY,CLEAR,STRAIGHT,CHANGE_LANE_RIGHT
92.6,-0.04,4.03,65.39,CENTER,MEDIUM,NONE,YES,DRY,CLEAR,RIGHT,MAINTAIN_SPEED
40.59,-3.03,-4.52,64.85,CENTER,LOW,RED,NO,DRY,RAIN,RIGHT,BRAKE
122.0,-1.55,26.88,120.42,CENTER,LOW,GREEN,NO,DRY,CLEAR,STRAIGHT,MAINTAIN_SPEED
134.79,-1.31,9.61,127.61,CENTER,HIGH,RED,YES,DRY,FOG,STRAIGHT,STOP
14.3,-3.3,10.9,158.12,LEFT,MEDIUM,NONE,NO,SLIPPERY,FOG,STRAIGHT,ACCELERATE
63.33,-3.21,-7.14,93.04,CENTER,HIGH,GREEN,NO,DRY,RAIN,STRAIGHT,CHANGE_LANE_LEFT
18.65,1.2,-6.06,53.19,CENTER,MEDIUM,RED,YES,DRY,CLEAR,RIGHT,BRAKE
94.34,-3.56,11.6,184.86,CENTER,MEDIUM,GREEN,YES,DRY,CLEAR,STRAIGHT,MAINTAIN_SPEED
78.79,-4.73,-0.94,171.45,RIGHT,MEDIUM,GREEN,NO,DRY,CLEAR,STRAIGHT,MAINTAIN_SPEED
1.21,1.59,9.59,49.98,CENTER,LOW,NONE,YES,WET,CLEAR,LEFT,TURN_LEFT
140.86,-3.69,5.06,32.54,CENTER,LOW,GREEN,NO,SLIPPERY,CLEAR,STRAIGHT,BRAKE
11.79,1.21,-5.12,70.89,CENTER,HIGH,NONE,NO,DRY,CLEAR,STRAIGHT,CHANGE_LANE_LEFT
99.26,-2.24,-15.38,191.38,CENTER,MEDIUM,RED,NO,DRY,CLEAR,STRAIGHT,STOP
130.68,-3.06,-12.31,110.64,CENTER,LOW,RED,NO,DRY,FOG,STRAIGHT,STOP
109.69,0.27,-9.73,120.37,LEFT,LOW,GREEN,NO,SLIPPERY,CLEAR,STRAIGHT,BRAKE
103.12,-0.21,-14.09,15.45,LEFT,MEDIUM,GREEN,YES,DRY,CLEAR,STRAIGHT,BRAKE
54.54,-1.28,-3.6,9.86,CENTER,HIGH,RED,NO,DRY,CLEAR,STRAIGHT,STOP
5.72,1.9,-4.8,145.72,RIGHT,LOW,GREEN,NO,DRY,CLEAR,STRAIGHT,ACCELERATE
30.97,-0.41,-9.59,138.04,LEFT,LOW,YELLOW,NO,DRY,RAIN,LEFT,TURN_LEFT
13.56,-0.56,-24.34,127.24,CENTER,MEDIUM,GREEN,NO,DRY,RAIN,LEFT,TURN_LEFT
117.41,1.61,-20.05,98.27,CENTER,HIGH,GREEN,NO,WET,RAIN,RIGHT,TURN_LEFT
56.05,-1.38,7.45,198.12,CENTER,MEDIUM,NONE,NO,DRY,CLEAR,RIGHT,MAINTAIN_SPEED
3.53,1.03,-13.56,155.12,RIGHT,LOW,GREEN,NO,DRY,CLEAR,STRAIGHT,ACCELERATE
1.18,2.68,-3.16,133.23,LEFT,HIGH,NONE,NO,SLIPPERY,CLEAR,RIGHT,ACCELERATE
13.94,-4.74,-3.97,161.57,CENTER,MEDIUM,GREEN,NO,WET,RAIN,STRAIGHT,ACCELERATE
131.4,-1.1,-3.66,108.54,CENTER,HIGH,GREEN,NO,WET,RAIN,LEFT,CHANGE_LANE_LEFT
117.32,3.32,2.71,142.11,RIGHT,MEDIUM,GREEN,NO,DRY,CLEAR,STRAIGHT,MAINTAIN_SPEED
14.27,-2.58,-3.01,197.27,CENTER,MEDIUM,GREEN,NO,WET,CLEAR,STRAIGHT,ACCELERATE
73.3,-5.08,14.44,151.67,CENTER,LOW,YELLOW,NO,WET,CLEAR,STRAIGHT,BRAKE
104.59,0.53,7.59,154.09,CENTER,MEDIUM,RED,NO,DRY,CLEAR,STRAIGHT,STOP
27.73,-7.56,22.26,151.31,LEFT,LOW,GREEN,YES,WET,CLEAR,STRAIGHT,MAINTAIN_SPEED
37.65,-4.34,-8.24,87.59,CENTER,MEDIUM,NONE,NO,SLIPPERY,CLEAR,STRAIGHT,MAINTAIN_SPEED
122.57,0.88,10.25,98.25,LEFT,LOW,GREEN,NO,DRY,CLEAR,LEFT,TURN_LEFT
73.65,-1.09,-6.88,32.17,RIGHT,LOW,RED,NO,DRY,CLEAR,STRAIGHT,STOP
130.31,0.82,-4.0,180.61,CENTER,HIGH,RED,NO,DRY,CLEAR,RIGHT,STOP
83.26,1.79,2.98,7.2,CENTER,MEDIUM,RED,NO,DRY,CLEAR,STRAIGHT,STOP
63.82,-0.66,-5.58,51.81,CENTER,MEDIUM,NONE,NO,DRY,CLEAR,STRAIGHT,MAINTAIN_SPEED
68.54,-0.72,22.3,30.53,CENTER,MEDIUM,GREEN,NO,DRY,CLEAR,LEFT,TURN_LEFT
126.8,-2.56,29.56,22.05,LEFT,HIGH,GREEN,NO,WET,CLEAR,STRAIGHT,BRAKE
121.4,-3.09,-0.84,32.42,LEFT,MEDIUM,GREEN,NO,DRY,RAIN,LEFT,BRAKE
39.0,1.83,8.16,172.73,RIGHT,HIGH,GREEN,YES,WET,CLEAR,STRAIGHT,MAINTAIN_SPEED
15.2,0.47,6.67,192.33,CENTER,HIGH,RED,NO,WET,CLEAR,STRAIGHT,BRAKE
48.18,-0.36,-16.0,172.88,CENTER,MEDIUM,GREEN,NO,DRY,CLEAR,STRAIGHT,MAINTAIN_SPEED
143.27,-0.34,-4.93,187.8,CENTER,HIGH,GREEN,NO,WET,CLEAR,RIGHT,CHANGE_LANE_LEFT
79.09,2.96,4.03,61.33,LEFT,MEDIUM,GREEN,NO,WET,CLEAR,STRAIGHT,MAINTAIN_SPEED
78.44,-2.87,10.37,96.67,CENTER,MEDIUM,GREEN,NO,DRY,CLEAR,STRAIGHT,MAINTAIN_SPEED
58.0,1.45,0.92,111.61,CENTER,LOW,YELLOW,NO,DRY,CLEAR,RIGHT,BRAKE
44.19,-5.33,-12.86,194.06,LEFT,HIGH,NONE,NO,DRY,CLEAR,STRAIGHT,MAINTAIN_SPEED
11.92,-2.03,-3.44,63.28,RIGHT,MEDIUM,NONE,YES,WET,CLEAR,STRAIGHT,ACCELERATE
2.96,0.18,7.81,32.73,RIGHT,LOW,YELLOW,NO,DRY,CLEAR,RIGHT,MAINTAIN_SPEED
90.8,3.93,-4.88,106.33,CENTER,LOW,GREEN,NO,DRY,CLEAR,STRAIGHT,MAINTAIN_SPEED
18.18,2.75,-0.28,4.0,CENTER,LOW,GREEN,NO,WET,CLEAR,RIGHT,MAINTAIN_SPEED
76.99,2.74,-29.7,199.93,CENTER,LOW,RED,NO,WET,CLEAR,STRAIGHT,STOP
0.41,2.32,9.55,44.2,CENTER,LOW,GREEN,NO,DRY,CLEAR,RIGHT,TURN_RIGHT
52.93,-0.19,-10.64,91.46,CENTER,LOW,GREEN,YES,DRY,RAIN,RIGHT,TURN_RIGHT
116.93,4.53,4.79,52.63,CENTER,HIGH,GREEN,NO,DRY,RAIN,STRAIGHT,CHANGE_LANE_RIGHT
140.48,-1.64,5.23,61.41,RIGHT,HIGH,GREEN,NO,SLIPPERY,CLEAR,STRAIGHT,BRAKE
101.04,0.32,4.26,85.1,RIGHT,MEDIUM,GREEN,NO,WET,CLEAR,STRAIGHT,MAINTAIN_SPEED
76.98,1.68,-21.03,155.77,CENTER,MEDIUM,GREEN,NO,DRY,CLEAR,STRAIGHT,MAINTAIN_SPEED
106.13,-0.83,-5.5,43.43,CENTER,MEDIUM,GREEN,NO,DRY,CLEAR,STRAIGHT,MAINTAIN_SPEED
98.27,-1.65,0.23,6.18,CENTER,LOW,NONE,NO,DRY,CLEAR,LEFT,BRAKE
60.96,2.24,-9.99,141.85,CENTER,LOW,GREEN,NO,DRY,CLEAR,STRAIGHT,MAINTAIN_SPEED
25.46,0.23,13.07,89.67,CENTER,MEDIUM,GREEN,NO,DRY,CLEAR,LEFT,TURN_LEFT
38.61,2.02,-1.09,2.74,RIGHT,LOW,NONE,YES,DRY,CLEAR,STRAIGHT,STOP
84.23,1.47,8.89,39.64,RIGHT,LOW,GREEN,NO,DRY,CLEAR,RIGHT,TURN_RIGHT
40.54,1.42,4.11,125.65,CENTER,HIGH,GREEN,NO,DRY,CLEAR,STRAIGHT,CHANGE_LANE_RIGHT
16.89,-2.21,-12.6,69.29,RIGHT,MEDIUM,NONE,YES,DRY,RAIN,STRAIGHT,ACCELERATE
126.11,-0.02,-10.14,110.37,CENTER,LOW,RED,YES,DRY,RAIN,STRAIGHT,STOP
148.65,0.83,6.81,170.59,CENTER,HIGH,GREEN,NO,DRY,CLEAR,STRAIGHT,CHANGE_LANE_RIGHT
82.74,-2.43,11.78,80.28,CENTER,LOW,RED,YES,DRY,CLEAR,STRAIGHT,STOP
62.46,-4.22,18.95,62.59,CENTER,MEDIUM,RED,NO,DRY,RAIN,STRAIGHT,STOP
59.6,-2.64,-1.72,36.61,CENTER,MEDIUM,GREEN,YES,DRY,CLEAR,RIGHT,MAINTAIN_SPEED
135.57,1.93,-12.92,185.04,CENTER,LOW,GREEN,NO,DRY,CLEAR,LEFT,TURN_LEFT
142.8,-1.96,10.32,125.91,RIGHT,LOW,GREEN,NO,WET,CLEAR,LEFT,TURN_LEFT
91.99,0.91,2.02,148.34,LEFT,HIGH,GREEN,NO,DRY,CLEAR,RIGHT,MAINTAIN_SPEED
105.13,-3.74,11.87,14.42,CENTER,MEDIUM,RED,NO,DRY,CLEAR,LEFT,STOP
84.65,0.32,7.11,147.63,CENTER,LOW,RED,YES,WET,CLEAR,STRAIGHT,STOP
70.95,-1.08,18.24,53.31,CENTER,MEDIUM,GREEN,NO,DRY,RAIN,STRAIGHT,MAINTAIN_SPEED
72.86,-2.03,-6.77,184.56,CENTER,LOW,GREEN,NO,DRY,RAIN,STRAIGHT,MAINTAIN_SPEED
20.34,-1.66,-12.08,66.56,CENTER,LOW,GREEN,NO,DRY,CLEAR,STRAIGHT,MAINTAIN_SPEED
116.73,1.11,17.53,121.19,CENTER,MEDIUM,RED,NO,DRY,CLEAR,RIGHT,STOP
116.95,0.98,-8.3,101.88,CENTER,HIGH,RED,NO,WET,CLEAR,LEFT,STOP
148.35,-0.06,-18.4,178.8,CENTER,HIGH,GREEN,NO,SLIPPERY,CLEAR,LEFT,BRAKE
108.98,2.39,-14.81,43.93,CENTER,HIGH,GREEN,NO,DRY,CLEAR,STRAIGHT,CHANGE_LANE_LEFT
8.66,-0.61,4.28,89.09,CENTER,LOW,GREEN,YES,DRY,CLEAR,RIGHT,ACCELERATE
39.15,-2.27,-28.05,51.68,RIGHT,LOW,GREEN,NO,WET,CLEAR,STRAIGHT,MAINTAIN_SPEED
98.71,-1.24,-2.39,131.74,RIGHT,MEDIUM,GREEN,NO,DRY,FOG,LEFT,MAINTAIN_SPEED
136.1,0.55,11.55,92.7,CENTER,MEDIUM,GREEN,NO,DRY,RAIN,STRAIGHT,MAINTAIN_SPEED
99.72,-1.94,-17.27,17.35,CENTER,HIGH,YELLOW,NO,SLIPPERY,CLEAR,RIGHT,BRAKE
75.25,-4.12,13.57,154.26,RIGHT,MEDIUM,YELLOW,YES,DRY,CLEAR,RIGHT,BRAKE
145.51,-1.3,-13.38,124.23,LEFT,MEDIUM,GREEN,YES,WET,CLEAR,STRAIGHT,MAINTAIN_SPEED
19.19,-1.75,-10.16,123.66,LEFT,MEDIUM,GREEN,NO,WET,CLEAR,STRAIGHT,MAINTAIN_SPEED
57.92,-0.77,7.24,62.65,CENTER,HIGH,YELLOW,NO,SLIPPERY,RAIN,STRAIGHT,BRAKE
43.34,0.18,15.92,92.85,CENTER,HIGH,YELLOW,NO,DRY,RAIN,STRAIGHT,CHANGE_LANE_RIGHT
134.38,2.3,-4.39,62.49,CENTER,HIGH,GREEN,NO,DRY,CLEAR,STRAIGHT,MAINTAIN_SPEED
133.47,-2.5,11.87,147.82,CENTER,MEDIUM,NONE,NO,DRY,CLEAR,STRAIGHT,MAINTAIN_SPEED
35.73,-1.67,10.54,79.83,CENTER,LOW,GREEN,NO,DRY,CLEAR,LEFT,TURN_LEFT
43.99,0.57,14.59,106.28,RIGHT,MEDIUM,YELLOW,NO,WET,CLEAR,STRAIGHT,MAINTAIN_SPEED
138.05,-0.27,5.21,153.19,LEFT,MEDIUM,GREEN,NO,DRY,CLEAR,RIGHT,MAINTAIN_SPEED
63.91,-2.3,-0.19,9.45,CENTER,MEDIUM,RED,NO,DRY,RAIN,STRAIGHT,STOP
56.2,1.94,-19.6,102.67,CENTER,HIGH,NONE,NO,DRY,CLEAR,STRAIGHT,CHANGE_LANE_LEFT
137.1,2.84,-1.07,9.67,CENTER,MEDIUM,GREEN,NO,SLIPPERY,CLEAR,RIGHT,BRAKE
128.42,-0.95,4.81,96.94,CENTER,LOW,GREEN,NO,DRY,CLEAR,STRAIGHT,MAINTAIN_SPEED
77.95,-1.82,-13.94,40.68,CENTER,HIGH,RED,NO,DRY,CLEAR,STRAIGHT,STOP
106.82,2.7,17.7,77.26,RIGHT,LOW,NONE,NO,DRY,CLEAR,STRAIGHT,MAINTAIN_SPEED
39.17,-1.33,-25.92,61.0,CENTER,MEDIUM,GREEN,NO,DRY,FOG,RIGHT,TURN_RIGHT
91.26,1.0,4.62,146.58,LEFT,LOW,GREEN,NO,DRY,CLEAR,STRAIGHT,MAINTAIN_SPEED
101.34,-1.0,24.98,127.93,CENTER,LOW,GREEN,NO,WET,CLEAR,STRAIGHT,MAINTAIN_SPEED
89.47,4.54,-18.31,103.04,CENTER,MEDIUM,RED,NO,DRY,CLEAR,STRAIGHT,STOP
120.08,-0.17,-7.68,118.52,CENTER,LOW,NONE,NO,WET,RAIN,RIGHT,MAINTAIN_SPEED
57.64,0.67,-4.75,182.23,CENTER,HIGH,GREEN,NO,DRY,CLEAR,LEFT,CHANGE_LANE_LEFT
46.85,1.45,-28.72,109.01,CENTER,LOW,RED,NO,DRY,RAIN,LEFT,BRAKE
64.78,-1.62,4.88,17.48,CENTER,MEDIUM,RED,NO,SLIPPERY,CLEAR,LEFT,STOP
116.68,0.58,15.8,73.28,CENTER,MEDIUM,GREEN,NO,DRY,CLEAR,LEFT,TURN_LEFT
100.98,0.81,-3.15,10.44,RIGHT,HIGH,GREEN,NO,DRY,CLEAR,STRAIGHT,BRAKE
89.71,1.07,-6.67,139.48,CENTER,LOW,GREEN,NO,DRY,CLEAR,STRAIGHT,MAINTAIN_SPEED
96.31,2.14,-4.42,163.74,CENTER,LOW,GREEN,NO,DRY,FOG,STRAIGHT,MAINTAIN_SPEED
135.57,0.16,1.82,44.0,CENTER,LOW,GREEN,YES,DRY,CLEAR,LEFT,MAINTAIN_SPEED
91.66,-3.23,7.53,186.28,CENTER,MEDIUM,RED,YES,WET,RAIN,STRAIGHT,STOP
133.2,-2.45,26.88,192.79,CENTER,MEDIUM,RED,NO,DRY,CLEAR,LEFT,STOP
81.57,4.73,5.57,6.95,LEFT,MEDIUM,RED,YES,DRY,CLEAR,RIGHT,STOP
71.99,0.1,-15.49,65.88,CENTER,HIGH,YELLOW,NO,DRY,CLEAR,LEFT,BRAKE
11.88,-0.74,0.7,175.13,CENTER,LOW,GREEN,NO,SLIPPERY,CLEAR,STRAIGHT,ACCELERATE
83.46,0.18,-0.24,80.94,CENTER,HIGH,GREEN,NO,DRY,CLEAR,STRAIGHT,CHANGE_LANE_LEFT
137.3,-1.24,9.85,136.64,LEFT,LOW,YELLOW,NO,DRY,CLEAR,STRAIGHT,BRAKE
82.69,-0.71,22.22,4.45,CENTER,LOW,GREEN,NO,DRY,CLEAR,STRAIGHT,MAINTAIN_SPEED
64.91,-5.42,-19.14,2.79,CENTER,MEDIUM,RED,NO,WET,CLEAR,LEFT,STOP
147.82,2.32,-16.63,134.67,LEFT,HIGH,YELLOW,NO,DRY,RAIN,STRAIGHT,BRAKE
7.28,-1.13,-5.25,73.97,RIGHT,LOW,YELLOW,NO,DRY,RAIN,STRAIGHT,MAINTAIN_SPEED
34.83,-2.13,18.47,130.49,CENTER,LOW,GREEN,NO,DRY,RAIN,STRAIGHT,MAINTAIN_SPEED
106.73,-1.81,2.48,3.29,CENTER,HIGH,NONE,NO,WET,CLEAR,LEFT,BRAKE
33.35,0.16,18.21,125.33,CENTER,MEDIUM,NONE,YES,SLIPPERY,CLEAR,RIGHT,TURN_RIGHT
121.7,3.31,4.25,70.51,CENTER,MEDIUM,GREEN,NO,DRY,CLEAR,STRAIGHT,MAINTAIN_SPEED
107.1,-4.6,-15.4,166.77,CENTER,HIGH,GREEN,NO,DRY,CLEAR,STRAIGHT,CHANGE_LANE_LEFT
103.18,-4.72,8.58,32.03,RIGHT,MEDIUM,GREEN,NO,DRY,RAIN,STRAIGHT,BRAKE
109.55,4.35,5.67,125.07,CENTER,MEDIUM,GREEN,NO,DRY,CLEAR,RIGHT,MAINTAIN_SPEED
13.99,1.66,3.32,134.38,CENTER,LOW,GREEN,YES,DRY,CLEAR,LEFT,ACCELERATE
18.43,1.04,-12.86,115.0,LEFT,HIGH,GREEN,NO,DRY,CLEAR,STRAIGHT,MAINTAIN_SPEED
13.36,2.79,15.16,124.61,RIGHT,HIGH,GREEN,NO,DRY,RAIN,STRAIGHT,ACCELERATE
56.61,3.32,15.67,156.02,CENTER,HIGH,GREEN,YES,DRY,CLEAR,LEFT,TURN_LEFT
110.98,-1.02,10.09,133.54,CENTER,LOW,GREEN,NO,DRY,CLEAR,STRAIGHT,MAINTAIN_SPEED
113.58,-1.98,-8.48,96.95,RIGHT,MEDIUM,GREEN,NO,WET,CLEAR,LEFT,TURN_LEFT
4.3,0.7,17.25,186.23,LEFT,MEDIUM,GREEN,YES,WET,CLEAR,STRAIGHT,ACCELERATE
0.69,1.67,-0.99,175.75,CENTER,HIGH,GREEN,NO,DRY,CLEAR,RIGHT,CHANGE_LANE_LEFT
5.53,0.06,-7.32,104.05,CENTER,HIGH,GREEN,NO,WET,CLEAR,LEFT,CHANGE_LANE_LEFT
136.34,1.86,12.78,147.34,RIGHT,HIGH,GREEN,YES,DRY,RAIN,STRAIGHT,MAINTAIN_SPEED
94.63,1.67,-4.09,62.73,RIGHT,MEDIUM,GREEN,NO,DRY,CLEAR,STRAIGHT,MAINTAIN_SPEED
114.45,0.18,-3.28,136.95,LEFT,MEDIUM,NONE,YES,DRY,CLEAR,LEFT,MAINTAIN_SPEED
133.25,2.6,4.49,37.26,CENTER,HIGH,RED,NO,WET,CLEAR,RIGHT,STOP
26.76,0.72,12.85,184.18,LEFT,MEDIUM,RED,NO,DRY,CLEAR,LEFT,BRAKE
73.37,2.41,-12.82,198.55,RIGHT,LOW,GREEN,NO,WET,CLEAR,STRAIGHT,MAINTAIN_SPEED
116.33,-3.31,-41.81,149.27,CENTER,HIGH,GREEN,NO,DRY,CLEAR,STRAIGHT,CHANGE_LANE_LEFT
141.94,-6.47,3.51,47.0,CENTER,MEDIUM,NONE,YES,DRY,CLEAR,STRAIGHT,MAINTAIN_SPEED
126.74,0.01,9.9,196.12,CENTER,LOW,GREEN,YES,SLIPPERY,CLEAR,RIGHT,BRAKE
53.18,-0.27,-2.81,68.25,CENTER,LOW,GREEN,NO,DRY,CLEAR,RIGHT,MAINTAIN_SPEED
2.04,-1.82,-19.12,48.66,CENTER,LOW,GREEN,YES,WET,CLEAR,STRAIGHT,ACCELERATE
136.15,4.2,-7.14,166.65,RIGHT,MEDIUM,NONE,NO,DRY,CLEAR,STRAIGHT,MAINTAIN_SPEED
100.68,-1.01,8.49,22.68,CENTER,MEDIUM,YELLOW,NO,SLIPPERY,RAIN,STRAIGHT,BRAKE
22.58,0.77,-20.08,6.73,RIGHT,LOW,NONE,NO,DRY,CLEAR,LEFT,TURN_LEFT
112.89,-0.46,-16.09,113.51,CENTER,LOW,GREEN,NO,DRY,FOG,STRAIGHT,CHANGE_LANE_RIGHT
25.63,1.05,13.37,83.39,CENTER,LOW,GREEN,NO,WET,RAIN,STRAIGHT,MAINTAIN_SPEED
54.83,5.21,9.53,123.2,CENTER,LOW,RED,NO,WET,RAIN,STRAIGHT,BRAKE
135.52,2.08,-9.94,70.56,RIGHT,MEDIUM,GREEN,NO,DRY,CLEAR,LEFT,TURN_LEFT
69.01,-0.72,-9.17,163.3,LEFT,MEDIUM,GREEN,NO,DRY,RAIN,STRAIGHT,MAINTAIN_SPEED
62.2,-1.17,10.28,41.44,LEFT,LOW,GREEN,NO,SLIPPERY,RAIN,STRAIGHT,BRAKE
68.5,-2.07,5.34,72.58,CENTER,HIGH,NONE,NO,DRY,CLEAR,LEFT,CHANGE_LANE_RIGHT
75.78,0.74,45.0,128.17,LEFT,MEDIUM,NONE,NO,DRY,FOG,STRAIGHT,MAINTAIN_SPEED
33.31,-1.02,-9.37,185.62,LEFT,HIGH,GREEN,NO,DRY,CLEAR,STRAIGHT,MAINTAIN_SPEED
123.32,-0.15,19.47,135.57,CENTER,MEDIUM,GREEN,NO,DRY,CLEAR,LEFT,TURN_LEFT
74.94,0.81,-2.54,57.21,CENTER,MEDIUM,GREEN,YES,DRY,CLEAR,STRAIGHT,MAINTAIN_SPEED
46.09,-1.64,-2.93,72.88,CENTER,MEDIUM,YELLOW,NO,DRY,CLEAR,STRAIGHT,MAINTAIN_SPEED
129.52,3.6,2.58,133.51,LEFT,LOW,RED,NO,WET,CLEAR,STRAIGHT,STOP
145.78,-0.04,8.28,153.5,RIGHT,MEDIUM,YELLOW,NO,SLIPPERY,CLEAR,LEFT,BRAKE
51.37,1.66,26.17,48.29,LEFT,LOW,NONE,NO,WET,CLEAR,STRAIGHT,MAINTAIN_SPEED
103.34,5.6,-11.55,144.73,LEFT,LOW,RED,NO,SLIPPERY,FOG,STRAIGHT,STOP
38.49,-0.22,-35.78,90.79,LEFT,LOW,GREEN,NO,DRY,CLEAR,STRAIGHT,MAINTAIN_SPEED
88.74,1.57,9.12,4.04,CENTER,LOW,RED,YES,DRY,CLEAR,STRAIGHT,STOP
114.47,2.5,-0.65,198.81,LEFT,MEDIUM,GREEN,NO,WET,CLEAR,LEFT,MAINTAIN_SPEED
82.1,2.48,15.91,86.05,LEFT,LOW,NONE,NO,DRY,CLEAR,STRAIGHT,MAINTAIN_SPEED
50.84,-2.02,-8.63,156.16,RIGHT,LOW,GREEN,YES,DRY,CLEAR,STRAIGHT,MAINTAIN_SPEED
143.65,-3.1,-25.91,16.46,LEFT,MEDIUM,NONE,NO,DRY,CLEAR,STRAIGHT,BRAKE
148.77,-1.8,-7.35,117.04,CENTER,MEDIUM,GREEN,NO,WET,RAIN,STRAIGHT,MAINTAIN_SPEED
117.53,0.97,-3.69,112.59,CENTER,LOW,RED,NO,DRY,CLEAR,STRAIGHT,STOP
122.03,0.12,-17.66,140.64,LEFT,HIGH,GREEN,NO,DRY,CLEAR,STRAIGHT,MAINTAIN_SPEED
140.68,2.02,-3.97,197.77,LEFT,LOW,GREEN,YES,WET,CLEAR,STRAIGHT,MAINTAIN_SPEED
74.12,3.72,-8.34,59.27,CENTER,MEDIUM,GREEN,NO,DRY,CLEAR,STRAIGHT,MAINTAIN_SPEED
55.86,-3.77,-0.28,180.03,LEFT,MEDIUM,RED,NO,SLIPPERY,CLEAR,STRAIGHT,STOP
143.71,-0.34,-11.35,97.11,RIGHT,HIGH,YELLOW,YES,DRY,CLEAR,LEFT,BRAKE
117.71,-4.88,17.32,169.3,CENTER,HIGH,YELLOW,NO,WET,CLEAR,LEFT,BRAKE
76.44,-5.31,9.48,27.2,LEFT,LOW,GREEN,NO,DRY,RAIN,RIGHT,TURN_RIGHT
25.24,-2.53,8.63,18.92,CENTER,HIGH,GREEN,YES,DRY,CLEAR,RIGHT,BRAKE
35.29,-1.22,-3.72,32.81,RIGHT,LOW,RED,NO,DRY,FOG,STRAIGHT,BRAKE
111.87,-3.15,5.11,42.41,RIGHT,LOW,GREEN,YES,DRY,CLEAR,LEFT,MAINTAIN_SPEED
88.2,-0.75,-3.92,10.35,CENTER,MEDIUM,GREEN,NO,WET,CLEAR,RIGHT,MAINTAIN_SPEED
54.37,1.41,34.7,42.06,CENTER,LOW,NONE,NO,DRY,FOG,STRAIGHT,MAINTAIN_SPEED
139.39,0.6,-14.97,7.74,RIGHT,LOW,GREEN,NO,DRY,RAIN,RIGHT,TURN_RIGHT
11.94,1.88,-4.76,54.03,CENTER,MEDIUM,NONE,NO,WET,CLEAR,STRAIGHT,ACCELERATE
81.14,2.38,15.3,182.03,CENTER,MEDIUM,GREEN,NO,DRY,CLEAR,RIGHT,TURN_RIGHT
73.63,1.85,3.19,34.9,CENTER,MEDIUM,GREEN,NO,DRY,RAIN,STRAIGHT,MAINTAIN_SPEED
64.23,1.27,-20.58,69.39,CENTER,HIGH,GREEN,NO,SLIPPERY,CLEAR,STRAIGHT,BRAKE
35.94,3.45,6.79,31.52,CENTER,MEDIUM,NONE,NO,DRY,CLEAR,STRAIGHT,MAINTAIN_SPEED
5.83,3.19,18.71,96.31,CENTER,LOW,GREEN,NO,DRY,CLEAR,RIGHT,TURN_RIGHT
144.52,-0.81,3.39,179.46,LEFT,LOW,GREEN,NO,DRY,CLEAR,RIGHT,MAINTAIN_SPEED
67.35,2.97,11.91,54.3,RIGHT,LOW,YELLOW,NO,DRY,CLEAR,STRAIGHT,BRAKE
133.03,-1.13,-4.15,155.97,CENTER,MEDIUM,GREEN,NO,DRY,RAIN,RIGHT,MAINTAIN_SPEED
33.32,-5.56,9.66,57.9,CENTER,MEDIUM,YELLOW,NO,DRY,CLEAR,LEFT,TURN_LEFT
23.53,-2.26,-10.0,42.68,CENTER,LOW,GREEN,NO,DRY,CLEAR,STRAIGHT,MAINTAIN_SPEED
22.77,-0.11,34.12,48.61,LEFT,LOW,GREEN,NO,SLIPPERY,CLEAR,STRAIGHT,MAINTAIN_SPEED
2.13,0.05,-8.25,149.5,CENTER,LOW,NONE,YES,WET,CLEAR,STRAIGHT,ACCELERATE
25.49,0.45,-1.52,91.08,CENTER,LOW,GREEN,YES,WET,CLEAR,STRAIGHT,MAINTAIN_SPEED
90.81,-1.9,3.75,97.01,LEFT,LOW,GREEN,NO,DRY,RAIN,LEFT,MAINTAIN_SPEED
146.98,-0.93,4.28,3.85,LEFT,HIGH,GREEN,NO,DRY,CLEAR,STRAIGHT,BRAKE
47.45,-1.51,-1.06,61.3,CENTER,HIGH,YELLOW,NO,DRY,CLEAR,STRAIGHT,CHANGE_LANE_LEFT
64.73,-2.29,-12.67,193.44,LEFT,MEDIUM,GREEN,NO,DRY,CLEAR,RIGHT,TURN_RIGHT
111.6,-3.7,-9.76,41.98,RIGHT,HIGH,GREEN,NO,DRY,CLEAR,STRAIGHT,MAINTAIN_SPEED
123.53,-4.74,8.84,189.43,RIGHT,MEDIUM,GREEN,NO,SLIPPERY,CLEAR,LEFT,BRAKE
107.66,1.55,21.39,197.3,RIGHT,MEDIUM,GREEN,NO,WET,CLEAR,LEFT,TURN_LEFT
143.28,1.4,-12.38,77.01,CENTER,HIGH,GREEN,YES,DRY,CLEAR,RIGHT,TURN_RIGHT
147.66,-0.43,5.02,195.39,CENTER,MEDIUM,GREEN,NO,SLIPPERY,CLEAR,RIGHT,BRAKE
101.24,1.82,-24.5,124.18,CENTER,MEDIUM,GREEN,NO,DRY,RAIN,LEFT,TURN_LEFT
92.99,0.32,0.11,81.11,RIGHT,MEDIUM,GREEN,NO,DRY,FOG,STRAIGHT,MAINTAIN_SPEED
84.9,1.78,15.36,27.71,CENTER,MEDIUM,RED,NO,DRY,RAIN,STRAIGHT,STOP
2.63,1.48,-22.75,72.66,RIGHT,HIGH,GREEN,NO,DRY,RAIN,STRAIGHT,CHANGE_LANE_LEFT
21.96,4.18,-3.87,183.04,CENTER,MEDIUM,GREEN,NO,WET,RAIN,LEFT,MAINTAIN_SPEED
95.29,2.51,18.05,13.34,CENTER,LOW,NONE,YES,DRY,CLEAR,RIGHT,BRAKE
80.81,-1.19,13.92,128.74,LEFT,LOW,GREEN,NO,DRY,RAIN,LEFT,TURN_LEFT
41.83,0.32,5.37,30.72,RIGHT,HIGH,GREEN,NO,DRY,CLEAR,STRAIGHT,MAINTAIN_SPEED
122.27,-0.7,-19.43,4.19,CENTER,LOW,YELLOW,NO,DRY,CLEAR,STRAIGHT,BRAKE
22.58,-1.28,2.59,137.51,CENTER,HIGH,YELLOW,NO,WET,RAIN,RIGHT,CHANGE_LANE_RIGHT
